Order_ID,Customer_ID,Order_Date,Region,Country,State,Category,Product_Name,Quantity,Unit_Price,Discount_Rate,Sales,Profit,Latitude,Longitude,Shipping_Mode,Customer_Segment
DC-100000,5842,2017-01-17,Central,United States,Texas,Technology,Wireless Keyboard,5,790.87,0.146,3377.01,392.33,29.4803,-104.1657,Standard Class,Consumer
DC-100001,5968,2017-12-10,Northern Europe,United Kingdom,England,Furniture,Bookshelf,3,183.57,0.28,396.51,41.97,52.1307,-0.1431,Standard Class,Consumer
DC-100002,7143,2017-07-22,Central,United States,Texas,Office Supplies,Notebook,1,135.2,0.253,100.99,15.06,31.658,-100.8871,Standard Class,Corporate
DC-100003,7940,2017-05-14,Central,United States,Texas,Furniture,Conference Table,1,26.65,0.243,20.17,0.58,30.8473,-97.7872,First Class,Corporate
DC-100004,3133,2017-03-08,Western Europe,France,Ile-de-France,Sports & Outdoors,Fitness Equipment,2,356.26,0.133,617.75,54.51,50.439,0.7126,Second Class,Corporate
DC-100005,6928,2015-05-22,South,United States,Florida,Technology,Wireless Keyboard,1,623.42,0.083,571.68,158.82,26.3944,-79.8391,First Class,Corporate
DC-100006,5269,2015-10-14,Southeast Asia,Singapore,Singapore,Furniture,Storage Cabinet,2,117.21,0.2,187.54,20.08,3.0911,104.5007,First Class,Consumer
DC-100007,1006,2017-07-20,Western Europe,France,Ile-de-France,Office Supplies,Stapler,2,389.44,0.036,750.84,-58.27,49.25,3.558,Second Class,Home Office
DC-100008,6325,2016-01-11,South Asia,India,Maharashtra,Sports & Outdoors,Sports Bag,3,714.01,0.279,1544.4,289.7,20.6545,76.4612,Standard Class,Corporate
DC-100009,7799,2017-08-14,South Asia,India,Maharashtra,Technology,Laptop Computer,4,272.49,0.057,1027.83,240.68,18.4586,73.2799,Standard Class,Consumer
DC-100010,2412,2015-07-18,Oceania,Australia,New South Wales,Technology,LED Monitor,4,550.94,0.253,1646.21,180.32,-34.3723,149.7621,Second Class,Consumer
DC-100011,2731,2016-01-29,Northern Europe,United Kingdom,England,Sports & Outdoors,Fitness Equipment,4,798.34,0.061,2998.57,-315.16,52.4683,-2.5547,Standard Class,Corporate
DC-100012,5703,2018-01-03,Northern Europe,United Kingdom,England,Sports & Outdoors,Running Shoes,3,729.29,0.019,2146.3,-84.94,52.3489,0.7616,Standard Class,Home Office
DC-100013,4933,2016-07-29,Southeast Asia,Singapore,Singapore,Sports & Outdoors,Camping Tent,1,330.22,0.208,261.53,51.59,1.1042,103.0955,Standard Class,Consumer
DC-100014,5010,2017-07-30,Western Europe,France,Ile-de-France,Office Supplies,Printer Paper,4,670.04,0.064,2508.63,542.04,48.1333,4.7848,Standard Class,Corporate
DC-100015,5111,2016-11-09,Central,United States,Texas,Furniture,Storage Cabinet,5,535.21,0.189,2170.28,532.17,30.4549,-100.422,Same Day,Consumer
DC-100016,7864,2015-03-16,Canada,Canada,Ontario,Sports & Outdoors,Mountain Bike,3,32.46,0.201,77.81,21.17,44.9418,-81.1231,Second Class,Corporate
DC-100017,2336,2016-01-17,Canada,Canada,Ontario,Furniture,Bookshelf,2,137.16,0.098,247.44,65.12,44.464,-78.8316,Second Class,Consumer
DC-100018,7200,2016-07-17,Canada,Canada,Ontario,Office Supplies,File Folder,4,872.34,0.176,2875.23,-9.95,42.933,-80.6917,Standard Class,Corporate
DC-100019,2561,2016-12-01,South Asia,India,Maharashtra,Sports & Outdoors,Mountain Bike,1,589.28,0.162,493.82,45.64,18.4649,76.1973,Standard Class,Consumer
DC-100020,2411,2018-01-15,West,United States,California,Technology,LED Monitor,3,442.5,0.153,1124.39,0.32,37.3417,-120.3752,Standard Class,Corporate
DC-100021,1522,2017-04-04,Central,United States,Texas,Sports & Outdoors,Fitness Equipment,3,179.87,0.118,475.94,50.48,28.9158,-99.4952,First Class,Consumer
DC-100022,5368,2016-01-14,East,United States,New York,Furniture,Wooden Desk,2,512.19,0.213,806.19,56.87,42.5741,-73.2796,Second Class,Consumer
DC-100023,5823,2017-08-27,Oceania,Australia,New South Wales,Sports & Outdoors,Sports Bag,3,14.71,0.261,32.61,8.7,-36.9533,150.9582,Standard Class,Consumer
DC-100024,4022,2016-04-20,East,United States,New York,Furniture,Wooden Desk,5,302.51,0.038,1455.07,-110.02,43.6457,-74.3631,Standard Class,Consumer
DC-100025,7786,2016-01-16,Canada,Canada,Ontario,Technology,LED Monitor,5,802.94,0.241,3047.16,309.16,45.1836,-79.2831,Second Class,Corporate
DC-100026,3930,2015-02-10,Northern Europe,United Kingdom,England,Furniture,Wooden Desk,4,639.84,0.187,2080.76,415.03,52.9054,-1.1008,Standard Class,Consumer
DC-100027,7124,2016-04-28,Oceania,Australia,New South Wales,Sports & Outdoors,Mountain Bike,2,485.3,0.093,880.33,91.77,-33.2376,151.2626,Second Class,Home Office
DC-100028,6764,2015-09-05,Northern Europe,United Kingdom,England,Technology,Wireless Keyboard,3,748.1,0.252,1678.74,-137.75,54.4291,-1.3861,Second Class,Home Office
DC-100029,1106,2016-10-31,Northern Europe,United Kingdom,England,Office Supplies,Stapler,2,329.63,0.25,494.44,122.25,52.0558,0.6492,Second Class,Corporate
DC-100030,4505,2017-01-22,Canada,Canada,Ontario,Technology,Apple Smart Device,3,523.41,0.153,1329.98,-42.93,42.6435,-81.4844,First Class,Consumer
DC-100031,6537,2018-01-03,Canada,Canada,Ontario,Sports & Outdoors,Mountain Bike,2,105.94,0.237,161.66,-0.36,43.3983,-79.9381,Standard Class,Consumer
DC-100032,5446,2016-07-21,Central,United States,Texas,Sports & Outdoors,Fitness Equipment,2,855.34,0.245,1291.56,-105.64,31.0276,-99.6839,First Class,Corporate
DC-100033,6977,2017-11-10,East,United States,New York,Office Supplies,Printer Paper,2,770.3,0.122,1352.65,-130.76,43.0031,-73.3276,Second Class,Consumer
DC-100034,2936,2017-11-18,South,United States,Florida,Sports & Outdoors,Camping Tent,5,617.07,0.167,2570.1,-62.53,27.4723,-81.2854,Second Class,Corporate
DC-100035,4516,2015-03-07,South Asia,India,Maharashtra,Furniture,Office Chair,4,732.95,0.111,2606.37,578.1,18.3515,74.517,Second Class,Consumer
DC-100036,6775,2017-05-26,South,United States,Florida,Furniture,Storage Cabinet,1,827.82,0.044,791.4,189.67,27.3778,-80.8026,Standard Class,Corporate
DC-100037,2426,2017-05-11,South,United States,Florida,Office Supplies,Notebook,1,271.79,0.043,260.1,-12.5,28.1483,-80.7397,Second Class,Consumer
DC-100038,3603,2017-03-27,South Asia,India,Maharashtra,Sports & Outdoors,Sports Bag,3,243.26,0.207,578.72,148.66,17.0542,73.855,Same Day,Consumer
DC-100039,7898,2015-06-27,Northern Europe,United Kingdom,England,Sports & Outdoors,Mountain Bike,5,844.56,0.219,3298.01,-263.66,52.0554,-1.0652,Second Class,Corporate
DC-100040,7397,2016-03-11,Southeast Asia,Singapore,Singapore,Technology,Wireless Keyboard,1,873.41,0.095,790.44,-94.57,0.5418,104.2455,Second Class,Consumer
DC-100041,1605,2015-11-09,Oceania,Australia,New South Wales,Office Supplies,Notebook,2,445.92,0.053,844.57,229.34,-33.7439,150.3741,Standard Class,Consumer
DC-100042,1617,2017-11-06,Western Europe,France,Ile-de-France,Office Supplies,File Folder,5,59.81,0.285,213.82,55.28,46.7549,-0.7601,First Class,Corporate
DC-100043,5843,2016-10-19,East,United States,New York,Sports & Outdoors,Mountain Bike,3,711.45,0.238,1626.37,191.7,42.2405,-73.7023,Same Day,Consumer
DC-100044,5735,2017-01-29,Northern Europe,United Kingdom,England,Furniture,Storage Cabinet,1,382.61,0.169,317.95,49.28,51.9517,-4.3151,Standard Class,Home Office
DC-100045,6240,2017-05-27,Central,United States,Texas,Technology,Laptop Computer,1,708.58,0.223,550.57,-44.28,31.772,-98.0961,Standard Class,Consumer
DC-100046,1620,2017-01-24,South Asia,India,Maharashtra,Office Supplies,Printer Paper,3,875.8,0.034,2538.07,269.31,21.0959,75.0864,Second Class,Consumer
DC-100047,7472,2015-07-15,West,United States,California,Furniture,Conference Table,1,731.37,0.251,547.8,28.86,36.6213,-119.1881,Standard Class,Consumer
DC-100048,4070,2015-05-04,South Asia,India,Maharashtra,Technology,Apple Smart Device,2,35.59,0.089,64.84,18.13,19.5327,77.5094,Same Day,Consumer
DC-100049,3296,2017-11-09,Central,United States,Texas,Sports & Outdoors,Mountain Bike,3,881.28,0.298,1855.98,250.93,30.8342,-99.1197,Standard Class,Consumer
DC-100050,2623,2016-09-19,Oceania,Australia,New South Wales,Sports & Outdoors,Fitness Equipment,5,810.17,0.224,3143.46,847.18,-36.1431,151.9,Standard Class,Home Office
DC-100051,5444,2016-01-28,West,United States,California,Furniture,Wooden Desk,1,452.92,0.026,441.14,103.95,37.1298,-119.6573,First Class,Consumer
DC-100052,5901,2015-05-23,East,United States,New York,Technology,Wireless Keyboard,3,276.08,0.048,788.48,36.54,43.1838,-76.3848,Same Day,Corporate
DC-100053,2359,2017-07-31,Western Europe,France,Ile-de-France,Office Supplies,File Folder,4,73.83,0.052,279.96,41.38,50.3393,2.7674,Standard Class,Corporate
DC-100054,1423,2015-06-28,South,United States,Florida,Sports & Outdoors,Camping Tent,2,442.29,0.018,868.66,-95.44,29.2039,-81.4641,Standard Class,Home Office
DC-100055,1322,2017-10-07,South Asia,India,Maharashtra,Technology,Apple Smart Device,2,566.91,0.166,945.61,182.45,21.1226,76.8142,Second Class,Corporate
DC-100056,1706,2017-09-06,Canada,Canada,Ontario,Technology,Bluetooth Headset,5,349.65,0.229,1347.9,253.87,46.1705,-79.5965,Standard Class,Home Office
DC-100057,6080,2015-09-14,South Asia,India,Maharashtra,Technology,Bluetooth Headset,4,13.93,0.095,50.43,11.03,22.2159,76.7525,Standard Class,Corporate
DC-100058,7035,2016-04-28,East,United States,New York,Technology,Bluetooth Headset,1,670.1,0.215,526.03,37.16,44.0758,-77.701,Standard Class,Consumer
DC-100059,5614,2015-07-04,Southeast Asia,Singapore,Singapore,Office Supplies,Stapler,1,214.9,0.218,168.05,-3.11,1.6782,104.0006,First Class,Consumer
DC-100060,7828,2016-10-11,Oceania,Australia,New South Wales,Sports & Outdoors,Running Shoes,3,14.37,0.239,32.81,6.9,-34.0651,154.2473,First Class,Corporate
DC-100061,3213,2017-09-16,Southeast Asia,Singapore,Singapore,Furniture,Storage Cabinet,5,854.3,0.078,3938.32,-79.44,0.0092,104.9659,First Class,Consumer
DC-100062,1695,2016-09-07,Central,United States,Texas,Office Supplies,Pen Set,2,503.85,0.055,952.28,117.97,29.2414,-100.0901,Standard Class,Home Office
DC-100063,5594,2015-06-14,South Asia,India,Maharashtra,Sports & Outdoors,Running Shoes,2,194.54,0.058,366.51,69.08,18.2869,75.2952,Standard Class,Corporate
DC-100064,3998,2016-12-24,Western Europe,France,Ile-de-France,Technology,Wireless Keyboard,4,573.59,0.175,1892.85,299.3,47.9109,1.2993,Second Class,Corporate
DC-100065,2011,2017-06-08,Southeast Asia,Singapore,Singapore,Sports & Outdoors,Sports Bag,4,211.82,0.242,642.24,142.91,0.6986,101.998,Standard Class,Corporate
DC-100066,5202,2017-06-01,South,United States,Florida,Furniture,Wooden Desk,2,483.81,0.065,904.72,175.55,29.0885,-83.2561,First Class,Consumer
DC-100067,1275,2018-01-24,Oceania,Australia,New South Wales,Office Supplies,File Folder,4,399.37,0.182,1306.74,42.43,-33.0324,150.3461,Standard Class,Consumer
DC-100068,7816,2017-10-11,Northern Europe,United Kingdom,England,Office Supplies,Stapler,1,684.62,0.061,642.86,142.71,51.6442,-3.4989,Standard Class,Corporate
DC-100069,5515,2015-04-02,West,United States,California,Technology,LED Monitor,3,696.26,0.166,1742.04,364.07,34.5164,-120.6437,First Class,Home Office
DC-100070,5942,2015-11-27,South Asia,India,Maharashtra,Sports & Outdoors,Fitness Equipment,3,777.76,0.007,2316.95,128.13,20.802,73.2404,Second Class,Consumer
DC-100071,2930,2016-09-30,South,United States,Florida,Technology,Apple Smart Device,3,872.79,0.126,2288.46,-58.21,26.2882,-83.8924,Standard Class,Consumer
DC-100072,5646,2015-06-30,South,United States,Florida,Office Supplies,Stapler,4,287.27,0.063,1076.69,81.31,27.1623,-83.4265,Standard Class,Corporate
DC-100073,4228,2016-02-01,South,United States,Florida,Furniture,Conference Table,5,525.08,0.218,2053.06,544.29,27.9412,-79.7834,Standard Class,Corporate
DC-100074,1337,2017-08-05,Western Europe,France,Ile-de-France,Furniture,Storage Cabinet,1,854.67,0.199,684.59,-68.89,48.4003,2.3614,Standard Class,Corporate
DC-100075,6576,2017-03-09,Canada,Canada,Ontario,Office Supplies,File Folder,2,777.19,0.107,1388.06,292.96,44.3803,-79.3637,Second Class,Corporate
DC-100076,3462,2017-03-10,Oceania,Australia,New South Wales,Sports & Outdoors,Fitness Equipment,5,872.98,0.099,3932.77,-207.9,-34.4336,150.691,First Class,Home Office
DC-100077,4332,2017-09-17,Oceania,Australia,New South Wales,Furniture,Conference Table,2,759.56,0.041,1456.84,159.46,-34.3046,151.548,Standard Class,Consumer
DC-100078,1688,2015-12-25,South,United States,Florida,Office Supplies,Stapler,4,97.04,0.072,360.21,28.61,29.3942,-80.144,Second Class,Consumer
DC-100079,7628,2015-12-29,Canada,Canada,Ontario,Technology,Apple Smart Device,4,317.31,0.041,1217.2,-8.48,43.471,-79.0295,Second Class,Consumer
DC-100080,7546,2017-12-30,East,United States,New York,Sports & Outdoors,Sports Bag,1,411.93,0.155,348.08,-18.85,42.218,-75.3873,Second Class,Home Office
DC-100081,4103,2016-01-05,Oceania,Australia,New South Wales,Technology,Wireless Keyboard,4,760.11,0.079,2800.25,26.81,-34.4363,153.6185,Standard Class,Corporate
DC-100082,3614,2017-03-11,East,United States,New York,Sports & Outdoors,Sports Bag,5,110.34,0.091,501.5,-60.06,41.9357,-75.5996,Standard Class,Consumer
DC-100083,4824,2015-10-09,South Asia,India,Maharashtra,Furniture,Storage Cabinet,4,225.83,0.3,632.32,-42.24,20.3512,78.5224,Standard Class,Consumer
DC-100084,5326,2016-02-15,Southeast Asia,Singapore,Singapore,Furniture,Bookshelf,1,509.21,0.073,472.04,27.91,1.9295,103.8291,Standard Class,Corporate
DC-100085,7803,2017-08-16,West,United States,California,Sports & Outdoors,Sports Bag,5,794.84,0.038,3823.18,119.39,37.0941,-118.4821,First Class,Consumer
DC-100086,5494,2017-12-03,Canada,Canada,Ontario,Sports & Outdoors,Running Shoes,3,792.84,0.094,2154.94,187.42,41.1923,-82.2919,Standard Class,Consumer
DC-100087,6569,2017-05-11,South Asia,India,Maharashtra,Office Supplies,Pen Set,1,155.02,0.123,135.95,13.22,21.1268,75.8606,Same Day,Home Office
DC-100088,1550,2017-03-10,West,United States,California,Office Supplies,Printer Paper,1,791.44,0.18,648.98,13.27,36.7904,-118.6172,Second Class,Home Office
DC-100089,5045,2017-08-28,Oceania,Australia,New South Wales,Office Supplies,Pen Set,1,754.04,0.07,701.26,-24.03,-31.4977,150.5618,Second Class,Corporate
DC-100090,1216,2015-06-25,East,United States,New York,Sports & Outdoors,Running Shoes,2,847.3,0.004,1687.82,249.56,41.3911,-74.16,Standard Class,Home Office
DC-100091,1887,2016-09-19,South,United States,Florida,Technology,LED Monitor,1,858.03,0.023,838.3,148.32,27.8309,-80.8545,Second Class,Home Office
DC-100092,5028,2016-03-03,Southeast Asia,Singapore,Singapore,Technology,Bluetooth Headset,4,409.36,0.239,1246.09,-20.6,2.2983,103.0802,Same Day,Consumer
DC-100093,4748,2017-09-27,West,United States,California,Technology,Apple Smart Device,2,765.5,0.293,1082.42,-92.76,36.5958,-118.9595,Standard Class,Consumer
DC-100094,5894,2015-08-07,West,United States,California,Furniture,Storage Cabinet,2,484.07,0.105,866.49,35.05,35.7948,-116.4666,Standard Class,Consumer
DC-100095,5285,2015-05-27,Oceania,Australia,New South Wales,Office Supplies,Printer Paper,5,448.65,0.281,1612.9,-7.62,-34.8167,151.6703,Standard Class,Corporate
DC-100096,4355,2018-01-13,Central,United States,Texas,Furniture,Wooden Desk,5,568.33,0.004,2830.28,745.38,31.8368,-101.2537,Standard Class,Consumer
DC-100097,3992,2017-09-20,Central,United States,Texas,Office Supplies,Pen Set,1,303.44,0.234,232.44,43.36,31.8818,-98.3675,First Class,Corporate
DC-100098,5143,2015-07-20,West,United States,California,Office Supplies,Notebook,5,275.74,0.155,1165.0,262.31,37.6491,-119.3065,Standard Class,Consumer
DC-100099,5574,2016-02-22,South Asia,India,Maharashtra,Furniture,Storage Cabinet,1,699.54,0.22,545.64,-15.42,18.9223,75.882,Standard Class,Consumer
DC-100100,4095,2015-06-24,West,United States,California,Office Supplies,Printer Paper,3,726.61,0.084,1996.72,-155.87,34.4243,-119.6999,Standard Class,Home Office
DC-100101,4609,2016-04-11,Canada,Canada,Ontario,Sports & Outdoors,Running Shoes,2,426.84,0.253,637.7,-66.4,44.214,-79.5296,Standard Class,Corporate
DC-100102,4938,2015-02-10,Southeast Asia,Singapore,Singapore,Technology,Apple Smart Device,2,240.88,0.022,471.16,89.15,0.9121,103.4756,Standard Class,Corporate
DC-100103,1966,2017-07-26,Northern Europe,United Kingdom,England,Sports & Outdoors,Running Shoes,4,886.32,0.26,2623.51,-126.13,54.3378,-1.6205,Standard Class,Consumer
DC-100104,2063,2017-03-04,Western Europe,France,Ile-de-France,Technology,Wireless Keyboard,5,495.83,0.043,2372.55,-187.54,46.9319,3.6653,Standard Class,Consumer
DC-100105,2137,2017-03-29,Canada,Canada,Ontario,Office Supplies,File Folder,1,239.15,0.07,222.41,-0.64,43.6062,-79.5417,Standard Class,Home Office
DC-100106,6426,2017-10-21,West,United States,California,Furniture,Office Chair,5,440.19,0.148,1875.21,304.31,36.0758,-120.3642,Same Day,Home Office
DC-100107,3442,2015-03-01,Western Europe,France,Ile-de-France,Furniture,Office Chair,1,829.79,0.188,673.79,148.54,47.8747,1.3655,Second Class,Consumer
DC-100108,3107,2015-10-26,Central,United States,Texas,Sports & Outdoors,Running Shoes,3,855.04,0.254,1913.58,281.56,31.0112,-98.5882,Second Class,Corporate
DC-100109,5576,2015-10-12,West,United States,California,Sports & Outdoors,Running Shoes,5,499.71,0.297,1756.48,472.5,36.7119,-119.8328,Standard Class,Corporate
DC-100110,3761,2015-05-24,East,United States,New York,Office Supplies,Notebook,5,672.61,0.187,2734.16,144.58,45.7492,-76.6171,Second Class,Corporate
DC-100111,1580,2017-11-04,West,United States,California,Technology,Apple Smart Device,4,127.38,0.198,408.64,2.31,38.2762,-116.4026,Standard Class,Corporate
DC-100112,2211,2016-07-22,Oceania,Australia,New South Wales,Sports & Outdoors,Running Shoes,5,808.81,0.271,2948.11,458.6,-33.2271,150.8036,Standard Class,Corporate
DC-100113,2205,2015-04-29,East,United States,New York,Office Supplies,File Folder,4,348.15,0.298,977.61,1.58,43.2263,-78.0867,Standard Class,Consumer
DC-100114,4326,2016-12-07,Western Europe,France,Ile-de-France,Office Supplies,File Folder,2,96.06,0.096,173.68,5.1,50.232,3.7777,Standard Class,Home Office
DC-100115,2590,2017-03-24,Western Europe,France,Ile-de-France,Technology,Wireless Keyboard,5,183.11,0.269,669.27,72.42,49.1808,1.9877,Second Class,Consumer
DC-100116,5954,2015-01-06,Northern Europe,United Kingdom,England,Furniture,Bookshelf,4,518.55,0.121,1823.22,274.36,52.4877,-3.099,Standard Class,Home Office
DC-100117,5898,2015-11-23,Canada,Canada,Ontario,Technology,Bluetooth Headset,4,189.12,0.145,646.79,102.15,44.3617,-81.6665,Second Class,Consumer
DC-100118,4296,2015-07-26,Canada,Canada,Ontario,Furniture,Wooden Desk,3,678.9,0.198,1633.43,244.69,43.7496,-80.7297,Standard Class,Consumer
DC-100119,3178,2016-03-18,West,United States,California,Technology,Laptop Computer,1,165.56,0.111,147.18,-2.86,37.4476,-120.9369,Standard Class,Consumer
DC-100120,7497,2015-11-06,Northern Europe,United Kingdom,England,Office Supplies,Pen Set,2,368.73,0.013,727.87,154.5,50.5986,-2.6779,Second Class,Consumer
DC-100121,6769,2017-07-25,Northern Europe,United Kingdom,England,Office Supplies,File Folder,3,373.09,0.272,814.83,21.21,52.9673,-1.0231,First Class,Home Office
DC-100122,1347,2015-06-14,Southeast Asia,Singapore,Singapore,Sports & Outdoors,Fitness Equipment,1,385.26,0.052,365.23,76.59,2.5662,102.0748,Second Class,Consumer
DC-100123,4234,2017-06-29,Western Europe,France,Ile-de-France,Sports & Outdoors,Running Shoes,1,14.64,0.059,13.78,0.3,47.611,1.2245,Second Class,Consumer
DC-100124,5437,2015-07-29,South,United States,Florida,Furniture,Office Chair,5,415.3,0.15,1765.02,136.3,26.9704,-82.9365,Second Class,Consumer
DC-100125,3708,2015-02-21,Northern Europe,United Kingdom,England,Technology,Laptop Computer,4,704.78,0.271,2055.14,460.7,53.5383,-3.8729,Standard Class,Consumer
DC-100126,5588,2015-04-05,Canada,Canada,Ontario,Technology,Apple Smart Device,1,613.82,0.158,516.84,12.58,41.4008,-81.3741,Standard Class,Consumer
DC-100127,3394,2017-09-29,Northern Europe,United Kingdom,England,Technology,LED Monitor,4,379.48,0.271,1106.56,-24.38,52.4225,0.8763,Second Class,Home Office
DC-100128,7131,2015-01-10,Oceania,Australia,New South Wales,Furniture,Bookshelf,1,298.0,0.175,245.85,46.82,-34.442,151.3078,Second Class,Consumer
DC-100129,5150,2015-02-08,Southeast Asia,Singapore,Singapore,Office Supplies,Printer Paper,1,126.45,0.207,100.27,25.45,1.8429,103.6854,First Class,Corporate
DC-100130,5284,2017-05-12,Western Europe,France,Ile-de-France,Office Supplies,Printer Paper,1,602.38,0.202,480.7,84.21,49.1837,1.8541,Standard Class,Home Office
DC-100131,3048,2016-12-02,Western Europe,France,Ile-de-France,Office Supplies,Pen Set,5,380.18,0.202,1516.92,-160.7,48.1275,1.1459,Second Class,Consumer
DC-100132,1114,2015-04-26,Oceania,Australia,New South Wales,Technology,Wireless Keyboard,5,709.43,0.293,2507.84,625.42,-32.7487,149.8681,Same Day,Consumer
DC-100133,7158,2016-09-12,South,United States,Florida,Office Supplies,Stapler,2,345.8,0.196,556.05,-23.36,29.3556,-80.9274,Standard Class,Consumer
DC-100134,7785,2017-08-12,Central,United States,Texas,Furniture,Storage Cabinet,4,898.33,0.209,2842.32,-174.46,29.9527,-100.4643,First Class,Corporate
DC-100135,6050,2015-04-19,Canada,Canada,Ontario,Office Supplies,File Folder,5,778.3,0.233,2984.78,-187.1,44.0533,-81.4195,Standard Class,Corporate
DC-100136,5807,2017-09-22,Central,United States,Texas,Technology,Apple Smart Device,2,790.75,0.029,1535.64,343.68,32.2481,-99.2359,First Class,Consumer
DC-100137,1605,2018-01-03,Oceania,Australia,New South Wales,Office Supplies,Pen Set,1,858.69,0.176,707.56,143.25,-34.4687,152.5879,First Class,Consumer
DC-100138,3279,2017-06-05,East,United States,New York,Technology,Bluetooth Headset,5,231.9,0.251,868.47,148.94,43.3455,-76.7061,Standard Class,Consumer
DC-100139,6383,2016-12-28,Oceania,Australia,New South Wales,Technology,LED Monitor,5,53.61,0.28,193.0,35.27,-34.6024,150.5375,Standard Class,Corporate
DC-100140,4456,2017-01-15,Canada,Canada,Ontario,Office Supplies,Notebook,4,238.19,0.238,726.0,24.69,44.6877,-76.5944,Standard Class,Home Office
DC-100141,7077,2017-12-08,Southeast Asia,Singapore,Singapore,Technology,Apple Smart Device,3,220.91,0.119,583.87,153.66,1.471,105.1956,First Class,Corporate
DC-100142,5814,2017-07-10,Northern Europe,United Kingdom,England,Technology,Bluetooth Headset,1,214.75,0.094,194.56,9.39,52.5117,-0.4276,Standard Class,Consumer
DC-100143,1344,2017-02-22,Central,United States,Texas,Technology,Wireless Keyboard,5,124.84,0.124,546.8,30.77,32.3115,-97.6387,Standard Class,Consumer
DC-100144,3809,2017-06-15,Northern Europe,United Kingdom,England,Office Supplies,File Folder,4,461.17,0.191,1492.35,320.56,52.772,-0.3085,First Class,Consumer
DC-100145,6520,2017-01-11,South Asia,India,Maharashtra,Furniture,Wooden Desk,1,864.28,0.019,847.86,90.48,20.0989,78.3499,Standard Class,Corporate
DC-100146,1808,2016-10-28,Central,United States,Texas,Office Supplies,Notebook,4,83.34,0.006,331.36,-28.48,31.1554,-99.2758,Same Day,Consumer
DC-100147,1827,2015-05-31,Southeast Asia,Singapore,Singapore,Office Supplies,Pen Set,1,90.54,0.112,80.4,16.29,0.6627,103.2826,Standard Class,Consumer
DC-100148,5229,2017-11-07,Northern Europe,United Kingdom,England,Furniture,Storage Cabinet,5,242.61,0.065,1134.2,62.12,51.7172,-0.985,Same Day,Consumer
DC-100149,5695,2016-03-30,Northern Europe,United Kingdom,England,Office Supplies,File Folder,5,374.5,0.283,1342.58,-78.19,49.9317,-0.1695,Standard Class,Consumer
DC-100150,2024,2017-04-24,West,United States,California,Technology,Apple Smart Device,5,770.9,0.22,3006.51,647.4,37.4072,-118.9339,Standard Class,Consumer
DC-100151,7481,2016-10-15,West,United States,California,Sports & Outdoors,Mountain Bike,5,536.84,0.081,2466.78,447.79,35.0577,-117.7647,Standard Class,Consumer
DC-100152,6831,2016-11-18,Central,United States,Texas,Furniture,Wooden Desk,5,461.84,0.212,1819.65,205.01,28.1907,-101.4873,Standard Class,Consumer
DC-100153,6662,2015-03-21,Central,United States,Texas,Sports & Outdoors,Sports Bag,3,718.9,0.292,1526.94,261.57,31.4186,-103.6205,Second Class,Corporate
DC-100154,6120,2015-05-26,South,United States,Florida,Technology,Laptop Computer,1,256.59,0.189,208.09,24.11,27.5602,-80.069,Second Class,Consumer
DC-100155,1179,2015-05-24,South Asia,India,Maharashtra,Furniture,Bookshelf,5,531.64,0.207,2107.95,239.03,19.4266,75.9785,First Class,Consumer
DC-100156,1422,2016-09-02,West,United States,California,Furniture,Bookshelf,2,156.8,0.155,264.99,60.43,36.1617,-121.1454,Standard Class,Consumer
DC-100157,6108,2017-01-05,South,United States,Florida,Furniture,Storage Cabinet,1,131.61,0.176,108.45,-8.69,28.2048,-81.8094,Standard Class,Consumer
DC-100158,1051,2017-02-18,Northern Europe,United Kingdom,England,Furniture,Office Chair,2,486.47,0.17,807.54,186.21,54.0955,-1.0406,Second Class,Consumer
DC-100159,2013,2016-10-26,East,United States,New York,Office Supplies,Printer Paper,3,364.2,0.256,812.89,-58.28,42.8776,-75.1511,First Class,Consumer
DC-100160,7349,2015-05-19,Southeast Asia,Singapore,Singapore,Technology,Bluetooth Headset,4,842.19,0.149,2866.81,276.88,0.256,103.1824,Standard Class,Consumer
DC-100161,1306,2016-06-11,Southeast Asia,Singapore,Singapore,Sports & Outdoors,Sports Bag,5,890.77,0.199,3567.53,908.86,1.2334,103.938,Standard Class,Consumer
DC-100162,6640,2017-01-02,Western Europe,France,Ile-de-France,Office Supplies,Stapler,4,137.48,0.14,472.93,131.25,48.5406,4.2733,Standard Class,Home Office
DC-100163,7064,2017-09-03,Canada,Canada,Ontario,Sports & Outdoors,Fitness Equipment,2,809.56,0.148,1379.49,-14.95,42.1912,-82.1251,Second Class,Consumer
DC-100164,3860,2016-07-17,Southeast Asia,Singapore,Singapore,Furniture,Office Chair,5,771.78,0.152,3272.35,257.96,0.6799,101.3856,Same Day,Consumer
DC-100165,1171,2018-01-23,East,United States,New York,Office Supplies,Printer Paper,1,157.65,0.166,131.48,-10.16,42.4335,-73.9388,Standard Class,Consumer
DC-100166,5734,2017-03-12,South Asia,India,Maharashtra,Technology,Laptop Computer,1,89.74,0.289,63.81,16.65,18.9119,77.2574,First Class,Consumer
DC-100167,2073,2016-05-02,Western Europe,France,Ile-de-France,Technology,LED Monitor,5,804.89,0.124,3525.42,231.22,49.0745,2.7243,Same Day,Corporate
DC-100168,5849,2015-07-11,East,United States,New York,Furniture,Storage Cabinet,4,158.87,0.05,603.71,-46.86,42.8486,-75.1739,First Class,Home Office
DC-100169,6942,2015-07-25,Western Europe,France,Ile-de-France,Sports & Outdoors,Running Shoes,5,567.5,0.085,2596.31,-228.02,47.4767,2.1027,First Class,Home Office
DC-100170,2531,2015-05-29,Central,United States,Texas,Furniture,Conference Table,2,506.15,0.154,856.41,217.9,32.9522,-99.1462,Second Class,Consumer
DC-100171,6919,2017-12-23,Canada,Canada,Ontario,Sports & Outdoors,Running Shoes,5,155.02,0.228,598.38,118.97,44.2267,-79.7932,First Class,Corporate
DC-100172,1963,2015-03-26,South Asia,India,Maharashtra,Office Supplies,File Folder,3,87.32,0.156,221.09,-24.01,19.0218,73.8215,Standard Class,Consumer
DC-100173,7292,2016-12-22,Western Europe,France,Ile-de-France,Technology,Apple Smart Device,5,512.11,0.288,1823.11,204.87,49.6396,2.3182,Standard Class,Consumer
DC-100174,7857,2015-10-16,Oceania,Australia,New South Wales,Office Supplies,File Folder,4,141.92,0.268,415.54,0.84,-32.7526,155.6739,Second Class,Corporate
DC-100175,7064,2016-05-23,South,United States,Florida,Sports & Outdoors,Camping Tent,2,236.75,0.103,424.73,67.07,27.1466,-83.0789,First Class,Home Office
DC-100176,1894,2016-04-01,Oceania,Australia,New South Wales,Sports & Outdoors,Sports Bag,4,301.52,0.24,916.62,49.36,-33.4154,151.8818,Standard Class,Home Office
DC-100177,2111,2017-03-14,Oceania,Australia,New South Wales,Sports & Outdoors,Running Shoes,4,341.79,0.013,1349.39,-147.04,-32.3403,150.1227,Standard Class,Corporate
DC-100178,1724,2016-03-09,East,United States,New York,Office Supplies,Pen Set,1,355.06,0.055,335.53,56.12,43.52,-74.8283,Standard Class,Corporate
DC-100179,3573,2015-03-19,Oceania,Australia,New South Wales,Furniture,Bookshelf,2,692.97,0.133,1201.61,51.07,-32.6881,152.7998,Second Class,Corporate
DC-100180,5064,2017-03-02,South Asia,India,Maharashtra,Office Supplies,Stapler,4,64.99,0.142,223.05,32.26,16.1725,75.5782,First Class,Consumer
DC-100181,4639,2017-07-19,Southeast Asia,Singapore,Singapore,Office Supplies,Stapler,3,590.77,0.054,1676.61,248.14,1.0263,106.8829,Standard Class,Consumer
DC-100182,5972,2015-12-14,Northern Europe,United Kingdom,England,Office Supplies,Stapler,2,320.15,0.26,473.82,44.31,52.3747,1.2616,Standard Class,Home Office
DC-100183,5788,2016-07-14,Northern Europe,United Kingdom,England,Furniture,Wooden Desk,2,500.71,0.23,771.09,-88.66,52.9328,0.9271,Standard Class,Consumer
DC-100184,4248,2017-06-09,Northern Europe,United Kingdom,England,Office Supplies,Stapler,1,70.81,0.22,55.23,-3.71,53.8611,-3.3338,Standard Class,Corporate
DC-100185,2122,2016-02-12,Southeast Asia,Singapore,Singapore,Sports & Outdoors,Fitness Equipment,1,75.99,0.071,70.59,-3.69,3.0092,102.6382,Standard Class,Consumer
DC-100186,2800,2016-12-17,West,United States,California,Technology,Apple Smart Device,4,610.42,0.183,1994.85,63.69,36.4757,-118.9212,Second Class,Corporate
DC-100187,3724,2016-08-05,East,United States,New York,Sports & Outdoors,Mountain Bike,3,65.39,0.232,150.66,-17.63,43.7926,-73.7227,First Class,Consumer
DC-100188,7365,2016-03-07,West,United States,California,Technology,Apple Smart Device,5,165.47,0.15,703.25,112.59,34.6583,-120.4894,Standard Class,Consumer
DC-100189,6333,2015-09-03,South Asia,India,Maharashtra,Furniture,Storage Cabinet,4,287.8,0.045,1099.4,-16.5,19.5483,75.6144,Standard Class,Home Office
DC-100190,5102,2016-05-28,Western Europe,France,Ile-de-France,Furniture,Storage Cabinet,3,744.19,0.264,1643.17,278.83,47.9896,2.3454,Second Class,Consumer
DC-100191,6343,2015-09-17,South Asia,India,Maharashtra,Technology,Laptop Computer,3,271.11,0.114,720.61,139.87,21.6139,75.7742,Second Class,Consumer
DC-100192,5081,2017-09-20,Western Europe,France,Ile-de-France,Office Supplies,Stapler,3,460.45,0.291,979.38,28.72,47.7987,3.5516,Standard Class,Consumer
DC-100193,6080,2017-06-05,Oceania,Australia,New South Wales,Furniture,Office Chair,3,424.41,0.157,1073.33,12.64,-33.4961,152.3155,Standard Class,Consumer
DC-100194,6568,2017-01-05,Western Europe,France,Ile-de-France,Office Supplies,Printer Paper,1,750.77,0.197,602.87,73.1,48.9092,3.5703,Standard Class,Corporate
DC-100195,4955,2016-04-19,Canada,Canada,Ontario,Technology,LED Monitor,4,404.16,0.276,1170.45,-121.56,44.5209,-81.7798,Standard Class,Consumer
DC-100196,7426,2015-11-03,Canada,Canada,Ontario,Office Supplies,Printer Paper,1,701.23,0.247,528.03,52.11,41.5754,-79.2629,First Class,Corporate
DC-100197,2729,2017-07-17,Oceania,Australia,New South Wales,Furniture,Wooden Desk,2,597.79,0.231,919.4,215.92,-33.5189,150.5417,Standard Class,Consumer
DC-100198,1329,2017-01-31,South Asia,India,Maharashtra,Office Supplies,Stapler,2,881.5,0.081,1620.2,242.9,20.008,75.5501,Standard Class,Corporate
DC-100199,1699,2018-01-09,Canada,Canada,Ontario,Technology,Wireless Keyboard,4,40.99,0.175,135.27,19.08,43.2866,-79.6223,Standard Class,Corporate
DC-100200,1812,2017-05-15,Northern Europe,United Kingdom,England,Furniture,Wooden Desk,1,64.44,0.073,59.74,2.3,53.4684,0.1763,Second Class,Consumer
DC-100201,3564,2017-04-20,Northern Europe,United Kingdom,England,Technology,Laptop Computer,4,109.91,0.28,316.54,-30.54,51.5719,-0.0101,First Class,Corporate
DC-100202,2451,2017-08-26,South Asia,India,Maharashtra,Technology,Bluetooth Headset,4,579.18,0.136,2001.65,29.95,23.096,76.4459,Standard Class,Home Office
DC-100203,7542,2015-07-30,Canada,Canada,Ontario,Technology,Laptop Computer,2,596.49,0.17,990.17,133.88,45.8605,-78.7677,Second Class,Consumer
DC-100204,5846,2017-02-04,South,United States,Florida,Furniture,Bookshelf,2,266.87,0.06,501.72,124.44,27.1492,-81.5241,Same Day,Corporate
DC-100205,5974,2017-08-16,Canada,Canada,Ontario,Sports & Outdoors,Running Shoes,2,61.16,0.073,113.39,18.79,45.2076,-77.7785,Second Class,Consumer
DC-100206,1241,2016-02-15,South,United States,Florida,Technology,Laptop Computer,1,433.64,0.022,424.1,86.06,28.6656,-83.2231,Same Day,Home Office
DC-100207,2829,2016-05-30,East,United States,New York,Sports & Outdoors,Mountain Bike,4,152.24,0.138,524.92,42.89,41.9368,-73.1001,First Class,Home Office
DC-100208,3264,2015-03-06,Southeast Asia,Singapore,Singapore,Furniture,Conference Table,4,139.78,0.211,441.15,-6.42,0.961,106.2336,Standard Class,Corporate
DC-100209,1831,2017-04-30,Oceania,Australia,New South Wales,Office Supplies,File Folder,3,184.8,0.244,419.13,25.44,-34.4023,150.0215,Second Class,Corporate
DC-100210,4272,2015-10-25,South,United States,Florida,Office Supplies,File Folder,4,896.87,0.078,3307.66,144.19,27.2451,-82.6622,Second Class,Consumer
DC-100211,5661,2015-06-06,Western Europe,France,Ile-de-France,Office Supplies,Notebook,3,445.6,0.223,1038.69,235.81,48.6199,3.1808,Standard Class,Consumer
DC-100212,3932,2017-07-13,Southeast Asia,Singapore,Singapore,Sports & Outdoors,Running Shoes,2,860.31,0.125,1505.54,-71.26,0.9893,106.3564,Standard Class,Consumer
DC-100213,1699,2015-10-18,Canada,Canada,Ontario,Office Supplies,Printer Paper,1,319.39,0.098,288.09,-34.06,42.3576,-79.4834,Standard Class,Corporate
DC-100214,7404,2016-07-24,South Asia,India,Maharashtra,Sports & Outdoors,Sports Bag,1,67.2,0.292,47.58,4.09,21.6408,76.4102,Standard Class,Home Office
DC-100215,4754,2016-12-31,Oceania,Australia,New South Wales,Furniture,Wooden Desk,2,614.56,0.262,907.09,-54.96,-34.1642,153.0256,Standard Class,Consumer
DC-100216,5190,2016-01-10,Southeast Asia,Singapore,Singapore,Furniture,Office Chair,2,539.88,0.129,940.47,41.39,2.2903,102.6862,Standard Class,Consumer
DC-100217,7235,2016-12-25,Western Europe,France,Ile-de-France,Furniture,Bookshelf,2,860.93,0.156,1453.25,-155.74,48.2357,1.1083,Second Class,Home Office
DC-100218,5980,2015-09-28,Western Europe,France,Ile-de-France,Sports & Outdoors,Camping Tent,4,257.13,0.004,1024.41,101.52,49.4967,2.5775,Standard Class,Consumer
DC-100219,7386,2015-04-13,Northern Europe,United Kingdom,England,Technology,Apple Smart Device,2,17.72,0.016,34.87,-2.71,52.6905,-0.2935,Standard Class,Corporate
DC-100220,5074,2016-08-07,West,United States,California,Office Supplies,Notebook,5,469.38,0.271,1710.89,-12.81,37.6234,-119.4193,First Class,Consumer
DC-100221,1766,2017-06-07,East,United States,New York,Office Supplies,Printer Paper,1,357.31,0.12,314.43,81.54,44.114,-74.5639,First Class,Corporate
DC-100222,2301,2017-12-21,South Asia,India,Maharashtra,Office Supplies,Pen Set,1,392.15,0.206,311.37,-11.64,19.4697,75.2798,Standard Class,Home Office
DC-100223,5728,2017-12-11,West,United States,California,Sports & Outdoors,Camping Tent,1,532.31,0.139,458.32,5.51,39.3354,-120.3355,Standard Class,Consumer
DC-100224,7292,2015-07-01,Central,United States,Texas,Sports & Outdoors,Fitness Equipment,1,290.3,0.198,232.82,-13.13,31.8203,-101.0989,First Class,Consumer
DC-100225,7472,2016-05-05,Central,United States,Texas,Office Supplies,Notebook,4,188.52,0.001,753.33,26.19,30.8041,-100.587,Same Day,Corporate
DC-100226,3613,2018-01-14,Central,United States,Texas,Sports & Outdoors,Fitness Equipment,5,209.12,0.092,949.4,-48.69,30.9416,-98.9652,Standard Class,Consumer
DC-100227,3169,2016-05-29,Canada,Canada,Ontario,Sports & Outdoors,Running Shoes,1,769.05,0.075,711.37,-58.26,44.4201,-81.5038,Standard Class,Consumer
DC-100228,7668,2015-01-26,Central,United States,Texas,Office Supplies,Pen Set,2,711.6,0.095,1288.0,-43.76,33.023,-100.3655,Standard Class,Corporate
DC-100229,5153,2016-10-17,Canada,Canada,Ontario,Office Supplies,Pen Set,5,640.98,0.209,2535.08,-231.8,41.8449,-78.7861,Standard Class,Consumer
DC-100230,6077,2016-12-25,South Asia,India,Maharashtra,Furniture,Wooden Desk,3,785.84,0.07,2192.49,-158.57,19.023,76.4141,Second Class,Corporate
DC-100231,5960,2015-11-14,Oceania,Australia,New South Wales,Technology,Laptop Computer,3,898.06,0.092,2446.32,35.76,-34.6835,152.133,First Class,Home Office
DC-100232,3389,2015-12-14,West,United States,California,Technology,Wireless Keyboard,2,670.69,0.236,1024.81,-18.11,35.0166,-119.621,Same Day,Consumer
DC-100233,4109,2016-04-10,South,United States,Florida,Sports & Outdoors,Running Shoes,3,607.71,0.176,1502.26,67.99,29.8349,-79.4263,First Class,Consumer
DC-100234,2513,2016-03-03,Western Europe,France,Ile-de-France,Office Supplies,Pen Set,1,303.81,0.146,259.45,12.82,48.8548,4.2412,Standard Class,Consumer
DC-100235,7088,2017-04-15,Central,United States,Texas,Office Supplies,Printer Paper,4,678.14,0.015,2671.87,479.4,30.775,-99.4045,First Class,Consumer
DC-100236,7821,2016-02-29,Central,United States,Texas,Technology,Bluetooth Headset,3,405.73,0.04,1168.5,41.97,30.3857,-99.7587,Second Class,Home Office
DC-100237,3460,2015-08-05,Oceania,Australia,New South Wales,Furniture,Wooden Desk,2,691.39,0.142,1186.43,35.51,-33.2288,150.3896,Standard Class,Consumer
DC-100238,1991,2016-10-03,East,United States,New York,Office Supplies,Stapler,2,30.63,0.281,44.05,-2.33,42.424,-75.8697,Second Class,Consumer
DC-100239,1750,2016-02-03,Northern Europe,United Kingdom,England,Furniture,Conference Table,4,854.53,0.058,3219.87,862.64,51.3114,1.0811,Second Class,Corporate
DC-100240,2239,2017-03-06,West,United States,California,Office Supplies,Stapler,2,330.67,0.251,495.34,134.15,36.2981,-119.9794,First Class,Consumer
DC-100241,4154,2017-12-12,Western Europe,France,Ile-de-France,Technology,Bluetooth Headset,1,628.25,0.127,548.46,76.45,46.889,3.0336,Standard Class,Home Office
DC-100242,1881,2016-04-16,Oceania,Australia,New South Wales,Sports & Outdoors,Camping Tent,2,806.01,0.15,1370.22,-146.55,-35.1323,149.3606,Standard Class,Corporate
DC-100243,5042,2018-01-14,Northern Europe,United Kingdom,England,Office Supplies,Printer Paper,5,34.33,0.219,134.06,4.44,51.7301,1.1211,First Class,Corporate
DC-100244,4184,2017-06-06,Northern Europe,United Kingdom,England,Office Supplies,Notebook,2,282.21,0.152,478.63,4.8,51.689,0.7599,Standard Class,Consumer
DC-100245,2907,2015-06-28,Central,United States,Texas,Technology,Apple Smart Device,3,756.92,0.107,2027.79,327.57,30.7783,-103.5793,Standard Class,Consumer
DC-100246,2225,2015-07-09,Canada,Canada,Ontario,Technology,Laptop Computer,1,668.91,0.179,549.18,-17.1,43.5659,-80.3166,Standard Class,Consumer
DC-100247,2040,2017-11-27,Central,United States,Texas,Office Supplies,Printer Paper,5,80.32,0.171,332.93,1.4,30.8283,-102.2833,Standard Class,Consumer
DC-100248,4924,2017-11-06,East,United States,New York,Furniture,Bookshelf,5,301.47,0.179,1237.53,324.2,43.5439,-75.6405,Standard Class,Consumer
DC-100249,1187,2015-05-04,Southeast Asia,Singapore,Singapore,Sports & Outdoors,Camping Tent,5,769.8,0.096,3479.5,-261.85,1.908,104.3439,Standard Class,Corporate
DC-100250,2199,2016-08-04,Northern Europe,United Kingdom,England,Technology,Bluetooth Headset,2,144.37,0.041,276.9,-25.47,51.1499,0.1597,Second Class,Home Office
DC-100251,2844,2016-05-28,Central,United States,Texas,Technology,LED Monitor,5,105.36,0.034,508.89,-23.32,27.1147,-103.0068,Standard Class,Corporate
DC-100252,1177,2016-03-11,Oceania,Australia,New South Wales,Technology,Wireless Keyboard,3,29.47,0.241,67.1,-0.47,-33.9361,149.8884,Standard Class,Consumer
DC-100253,7378,2015-09-04,Canada,Canada,Ontario,Technology,Apple Smart Device,4,709.29,0.14,2439.96,-101.48,42.8195,-79.8917,Standard Class,Consumer
DC-100254,3556,2017-01-02,Canada,Canada,Ontario,Office Supplies,Stapler,3,813.66,0.192,1972.31,-190.82,42.9375,-76.3886,Second Class,Corporate
DC-100255,6404,2015-07-13,Central,United States,Texas,Technology,Bluetooth Headset,3,553.52,0.027,1615.72,214.87,29.6363,-100.8287,Standard Class,Consumer
DC-100256,2627,2016-09-26,West,United States,California,Office Supplies,Notebook,1,285.12,0.134,246.91,-6.23,40.4992,-118.2972,First Class,Corporate
DC-100257,2268,2016-01-27,Central,United States,Texas,Technology,LED Monitor,5,259.86,0.246,979.67,17.36,30.3436,-101.52,Standard Class,Corporate
DC-100258,5584,2015-11-27,Canada,Canada,Ontario,Technology,Apple Smart Device,4,75.77,0.283,217.31,46.75,44.2029,-76.7274,Standard Class,Consumer
DC-100259,2522,2017-10-20,Oceania,Australia,New South Wales,Technology,Laptop Computer,5,260.28,0.033,1258.45,253.59,-33.9359,149.52,Standard Class,Consumer
DC-100260,5357,2017-02-10,Southeast Asia,Singapore,Singapore,Furniture,Storage Cabinet,4,568.27,0.191,1838.92,-28.12,0.6308,105.8551,Second Class,Corporate
DC-100261,5568,2015-06-13,Central,United States,Texas,Office Supplies,File Folder,5,396.41,0.263,1460.77,-33.71,29.6106,-98.7432,Standard Class,Home Office
DC-100262,7915,2015-08-10,West,United States,California,Office Supplies,Printer Paper,4,852.44,0.149,2901.71,196.33,35.065,-121.126,Standard Class,Corporate
DC-100263,2987,2016-10-27,Central,United States,Texas,Technology,Bluetooth Headset,2,676.84,0.144,1158.75,-3.21,33.3987,-100.5766,Standard Class,Consumer
DC-100264,1471,2017-03-30,Northern Europe,United Kingdom,England,Sports & Outdoors,Sports Bag,1,133.99,0.272,97.54,2.0,52.42,-0.496,Second Class,Corporate
DC-100265,6905,2015-04-14,East,United States,New York,Office Supplies,File Folder,1,62.62,0.02,61.37,7.37,41.5925,-74.1098,Standard Class,Corporate
DC-100266,5070,2017-08-28,Canada,Canada,Ontario,Technology,Wireless Keyboard,4,360.08,0.009,1427.36,-88.3,42.7169,-78.5972,Standard Class,Consumer
DC-100267,5716,2016-07-08,South,United States,Florida,Office Supplies,Stapler,5,724.7,0.079,3337.24,615.33,29.7039,-79.6634,First Class,Corporate
DC-100268,1891,2016-08-10,Central,United States,Texas,Sports & Outdoors,Sports Bag,5,578.81,0.138,2494.67,-85.34,30.9543,-101.2545,Standard Class,Corporate
DC-100269,1613,2015-02-11,West,United States,California,Technology,Apple Smart Device,3,19.21,0.038,55.44,-0.36,37.5121,-123.8168,Standard Class,Consumer
DC-100270,5199,2016-12-09,East,United States,New York,Furniture,Office Chair,3,104.9,0.288,224.07,-2.84,43.4534,-73.2834,Second Class,Corporate
DC-100271,5971,2015-07-05,South Asia,India,Maharashtra,Technology,Bluetooth Headset,5,825.93,0.156,3485.42,-98.93,20.4342,74.7362,Standard Class,Home Office
DC-100272,7940,2017-05-29,Oceania,Australia,New South Wales,Sports & Outdoors,Running Shoes,1,494.2,0.288,351.87,-37.79,-32.9021,152.1803,Standard Class,Consumer
DC-100273,7517,2015-11-15,West,United States,California,Technology,Wireless Keyboard,4,834.65,0.243,2527.32,64.09,35.693,-116.6353,Second Class,Consumer
DC-100274,1894,2017-07-14,Oceania,Australia,New South Wales,Technology,Apple Smart Device,3,805.94,0.102,2171.2,232.21,-33.8805,153.3142,Standard Class,Corporate
DC-100275,5397,2017-12-02,Canada,Canada,Ontario,Technology,LED Monitor,4,893.71,0.103,3206.63,-154.79,43.9775,-80.4694,Standard Class,Consumer
DC-100276,4986,2015-11-15,Western Europe,France,Ile-de-France,Technology,Apple Smart Device,1,378.07,0.17,313.8,-16.49,48.8931,1.252,First Class,Corporate
DC-100277,6125,2015-09-07,Northern Europe,United Kingdom,England,Office Supplies,Printer Paper,5,226.0,0.19,915.3,163.19,53.6556,-1.4083,Standard Class,Consumer
DC-100278,6374,2017-05-28,South,United States,Florida,Sports & Outdoors,Mountain Bike,1,239.43,0.233,183.64,5.16,26.9678,-79.0625,Standard Class,Home Office
DC-100279,3812,2015-05-20,Canada,Canada,Ontario,Technology,Apple Smart Device,5,20.34,0.29,72.21,20.01,44.1246,-77.931,Same Day,Consumer
DC-100280,4405,2016-04-11,East,United States,New York,Technology,Bluetooth Headset,4,634.94,0.28,1828.63,51.86,41.1211,-75.4507,Standard Class,Consumer
DC-100281,5883,2015-06-10,Southeast Asia,Singapore,Singapore,Furniture,Storage Cabinet,2,690.8,0.234,1058.31,4.35,2.992,103.2516,Standard Class,Home Office
DC-100282,5888,2016-10-26,West,United States,California,Technology,Apple Smart Device,5,875.04,0.032,4235.19,-187.28,36.1086,-122.0256,Standard Class,Home Office
DC-100283,2599,2015-02-27,Western Europe,France,Ile-de-France,Technology,Bluetooth Headset,5,173.25,0.245,654.02,49.73,47.8921,3.2545,Standard Class,Consumer
DC-100284,3007,2017-08-16,Canada,Canada,Ontario,Sports & Outdoors,Running Shoes,2,643.91,0.267,943.97,-92.11,43.7013,-78.9095,Same Day,Corporate
DC-100285,5002,2017-07-06,Canada,Canada,Ontario,Furniture,Wooden Desk,1,832.56,0.114,737.65,91.86,42.8298,-81.6043,First Class,Corporate
DC-100286,7395,2017-05-16,Northern Europe,United Kingdom,England,Technology,Wireless Keyboard,3,478.72,0.057,1354.3,45.38,50.7959,-2.5095,Standard Class,Corporate
DC-100287,2501,2017-03-24,Central,United States,Texas,Sports & Outdoors,Sports Bag,4,650.56,0.11,2315.99,-212.47,31.025,-101.5431,Standard Class,Consumer
DC-100288,4418,2015-10-14,Central,United States,Texas,Furniture,Wooden Desk,1,272.93,0.136,235.81,32.43,30.3476,-100.462,Same Day,Consumer
DC-100289,1000,2015-12-19,South Asia,India,Maharashtra,Office Supplies,Notebook,5,659.11,0.052,3124.18,104.24,21.363,75.2769,Same Day,Consumer
DC-100290,5002,2016-01-09,Northern Europe,United Kingdom,England,Office Supplies,Printer Paper,3,130.48,0.282,281.05,-28.66,53.2665,-2.3028,Second Class,Corporate
DC-100291,5222,2016-05-03,South,United States,Florida,Furniture,Storage Cabinet,4,874.17,0.189,2835.81,334.98,26.6376,-81.8483,Second Class,Consumer
DC-100292,2595,2015-04-14,Oceania,Australia,New South Wales,Office Supplies,Notebook,5,55.75,0.154,235.82,-27.5,-34.5481,150.9001,Standard Class,Consumer
DC-100293,1668,2017-06-21,Oceania,Australia,New South Wales,Sports & Outdoors,Running Shoes,5,614.9,0.195,2474.97,265.12,-35.6202,150.7197,Standard Class,Consumer
DC-100294,2336,2015-10-31,West,United States,California,Technology,Wireless Keyboard,1,198.08,0.3,138.66,9.81,36.7045,-121.3735,Second Class,Consumer
DC-100295,3895,2015-07-25,South Asia,India,Maharashtra,Office Supplies,Notebook,4,426.8,0.173,1411.85,84.77,18.884,77.3802,Second Class,Consumer
DC-100296,3990,2017-09-11,Southeast Asia,Singapore,Singapore,Technology,Bluetooth Headset,4,101.72,0.228,314.11,6.54,3.511,101.2705,Standard Class,Corporate
DC-100297,2282,2016-01-12,East,United States,New York,Furniture,Bookshelf,5,258.02,0.059,1213.98,-10.65,44.7188,-76.2028,Standard Class,Consumer
DC-100298,2843,2017-06-13,South,United States,Florida,Office Supplies,Notebook,5,537.52,0.021,2631.16,-280.34,26.5247,-80.5116,Standard Class,Corporate
DC-100299,7163,2016-09-17,Canada,Canada,Ontario,Technology,LED Monitor,1,638.25,0.264,469.75,122.28,44.2259,-79.2469,Standard Class,Consumer
DC-100300,6385,2017-01-13,East,United States,New York,Office Supplies,Printer Paper,2,766.35,0.257,1138.8,255.18,42.929,-75.2546,Standard Class,Corporate
DC-100301,4240,2016-10-05,West,United States,California,Technology,Apple Smart Device,5,619.11,0.285,2213.32,435.05,37.5848,-118.5031,Second Class,Consumer
DC-100302,6522,2017-09-15,East,United States,New York,Furniture,Office Chair,1,769.9,0.005,766.05,204.64,42.0998,-75.6094,Second Class,Consumer
DC-100303,4547,2016-10-17,South,United States,Florida,Technology,Wireless Keyboard,1,18.08,0.035,17.45,2.03,28.1115,-84.9162,First Class,Consumer
DC-100304,4473,2017-07-13,South,United States,Florida,Furniture,Wooden Desk,3,625.6,0.15,1595.28,-85.3,27.8836,-83.9008,First Class,Corporate
DC-100305,4253,2017-07-29,Central,United States,Texas,Furniture,Storage Cabinet,2,760.43,0.258,1128.48,72.92,30.6575,-98.0292,Same Day,Corporate
DC-100306,5421,2015-11-28,Southeast Asia,Singapore,Singapore,Furniture,Bookshelf,2,17.54,0.179,28.8,6.86,1.5358,104.0635,Standard Class,Consumer
DC-100307,2456,2015-08-05,South,United States,Florida,Furniture,Bookshelf,1,66.33,0.172,54.92,1.15,28.3499,-83.1955,First Class,Home Office
DC-100308,5305,2015-06-12,Oceania,Australia,New South Wales,Sports & Outdoors,Mountain Bike,4,860.87,0.109,3068.14,549.74,-33.53,152.4343,Standard Class,Consumer
DC-100309,4755,2017-12-05,Central,United States,Texas,Office Supplies,Stapler,1,285.53,0.063,267.54,64.81,32.0354,-101.2605,Standard Class,Consumer
DC-100310,6564,2017-07-16,Northern Europe,United Kingdom,England,Sports & Outdoors,Sports Bag,1,126.34,0.178,103.85,-6.17,49.7405,-0.4335,Second Class,Corporate
DC-100311,5549,2015-11-16,Western Europe,France,Ile-de-France,Office Supplies,Printer Paper,3,136.12,0.101,367.12,86.08,48.4918,0.5526,Second Class,Corporate
DC-100312,7006,2015-02-11,Southeast Asia,Singapore,Singapore,Office Supplies,Notebook,4,316.59,0.205,1006.76,-46.92,3.9932,104.9384,Standard Class,Consumer
DC-100313,4354,2016-05-27,Southeast Asia,Singapore,Singapore,Sports & Outdoors,Camping Tent,2,422.92,0.223,657.22,177.85,1.0396,101.7622,Standard Class,Corporate
DC-100314,6884,2015-12-16,Central,United States,Texas,Technology,Wireless Keyboard,3,600.29,0.024,1757.65,306.86,31.6342,-97.5012,Standard Class,Corporate
DC-100315,3004,2015-05-06,East,United States,New York,Furniture,Office Chair,5,601.45,0.064,2814.79,545.14,42.6493,-75.0576,Standard Class,Consumer
DC-100316,2358,2015-12-23,Central,United States,Texas,Sports & Outdoors,Sports Bag,5,627.03,0.109,2793.42,-22.55,30.3193,-102.3865,Standard Class,Consumer
DC-100317,7266,2018-01-15,Oceania,Australia,New South Wales,Sports & Outdoors,Mountain Bike,1,268.56,0.197,215.65,31.5,-35.7593,148.5381,Standard Class,Consumer
DC-100318,2442,2015-10-08,Central,United States,Texas,Technology,Laptop Computer,1,75.72,0.188,61.48,8.67,29.9852,-97.6898,Standard Class,Corporate
DC-100319,2151,2017-07-02,Southeast Asia,Singapore,Singapore,Office Supplies,Stapler,5,74.11,0.193,299.03,-24.8,0.6659,105.6992,Standard Class,Consumer
DC-100320,2015,2015-08-02,Oceania,Australia,New South Wales,Technology,Bluetooth Headset,2,584.51,0.101,1050.95,115.68,-33.5452,149.7632,Second Class,Corporate
DC-100321,2101,2015-11-05,East,United States,New York,Sports & Outdoors,Sports Bag,4,432.32,0.199,1385.15,142.12,44.1131,-76.6527,Second Class,Consumer
DC-100322,1838,2017-06-23,South Asia,India,Maharashtra,Technology,Wireless Keyboard,4,782.06,0.172,2590.18,64.54,22.2565,75.2845,Standard Class,Corporate
DC-100323,5754,2016-09-22,Central,United States,Texas,Technology,Bluetooth Headset,3,496.7,0.105,1333.64,45.22,31.3883,-97.1145,Standard Class,Consumer
DC-100324,7032,2016-10-09,East,United States,New York,Office Supplies,Notebook,1,28.55,0.103,25.61,-1.97,44.341,-73.84,Standard Class,Consumer
DC-100325,4921,2016-04-26,West,United States,California,Furniture,Bookshelf,3,699.86,0.024,2049.19,205.47,37.917,-120.1154,Second Class,Corporate
DC-100326,4083,2017-08-13,Southeast Asia,Singapore,Singapore,Sports & Outdoors,Mountain Bike,3,517.7,0.149,1321.69,-81.36,2.2324,105.041,Second Class,Corporate
DC-100327,6746,2016-04-01,East,United States,New York,Technology,Wireless Keyboard,5,623.73,0.208,2469.97,-163.71,40.4263,-76.8104,First Class,Consumer
DC-100328,3614,2016-03-16,Oceania,Australia,New South Wales,Sports & Outdoors,Mountain Bike,2,478.0,0.28,688.32,-12.79,-34.3235,149.4824,Standard Class,Corporate
DC-100329,7028,2017-04-27,Oceania,Australia,New South Wales,Sports & Outdoors,Mountain Bike,2,85.08,0.178,139.87,21.05,-35.648,151.5455,Second Class,Consumer
DC-100330,1622,2016-11-04,Oceania,Australia,New South Wales,Office Supplies,Notebook,3,41.81,0.179,102.98,8.67,-33.9956,150.6718,Standard Class,Home Office
DC-100331,3928,2016-06-12,West,United States,California,Technology,Wireless Keyboard,2,737.88,0.051,1400.5,27.38,39.3807,-117.8304,Standard Class,Corporate
DC-100332,2554,2016-02-29,South,United States,Florida,Office Supplies,File Folder,3,88.6,0.257,197.49,4.76,26.4855,-81.0568,Standard Class,Corporate
DC-100333,4322,2017-08-10,Canada,Canada,Ontario,Sports & Outdoors,Fitness Equipment,3,371.12,0.044,1064.37,1.07,45.2919,-79.6746,Standard Class,Consumer
DC-100334,6532,2016-04-30,East,United States,New York,Sports & Outdoors,Fitness Equipment,3,321.94,0.076,892.42,170.52,40.6157,-75.0612,Standard Class,Corporate
DC-100335,5917,2016-04-21,Northern Europe,United Kingdom,England,Office Supplies,Notebook,3,148.51,0.113,395.19,95.88,51.8326,0.7711,Standard Class,Consumer
DC-100336,5904,2017-05-12,Oceania,Australia,New South Wales,Sports & Outdoors,Running Shoes,3,668.09,0.053,1898.04,244.01,-32.6778,151.3241,Standard Class,Consumer
DC-100337,2095,2017-12-04,Western Europe,France,Ile-de-France,Sports & Outdoors,Running Shoes,4,95.99,0.253,286.82,-18.56,46.9963,4.1249,Second Class,Corporate
DC-100338,2606,2016-11-28,Central,United States,Texas,Sports & Outdoors,Mountain Bike,1,453.66,0.183,370.64,45.9,29.8076,-101.8631,Second Class,Consumer
DC-100339,4842,2017-11-24,Oceania,Australia,New South Wales,Sports & Outdoors,Mountain Bike,3,765.54,0.007,2280.54,16.18,-32.5745,151.0174,Same Day,Corporate
DC-100340,4593,2015-09-01,Southeast Asia,Singapore,Singapore,Office Supplies,Notebook,1,409.71,0.151,347.84,37.86,-0.6447,106.5865,Standard Class,Consumer
DC-100341,3333,2015-04-26,Western Europe,France,Ile-de-France,Office Supplies,Printer Paper,2,227.85,0.113,404.21,-38.9,47.6344,5.2674,Standard Class,Consumer
DC-100342,5274,2017-01-22,Oceania,Australia,New South Wales,Furniture,Bookshelf,1,724.8,0.28,521.86,-18.06,-34.4883,150.6056,Standard Class,Consumer
DC-100343,1132,2015-09-10,Canada,Canada,Ontario,Technology,Laptop Computer,2,116.23,0.197,186.67,33.2,44.9394,-79.5844,Second Class,Corporate
DC-100344,7182,2017-07-19,Canada,Canada,Ontario,Technology,Bluetooth Headset,2,612.83,0.198,982.98,209.89,43.8178,-76.4568,Standard Class,Corporate
DC-100345,7824,2015-02-24,South Asia,India,Maharashtra,Technology,Bluetooth Headset,1,297.13,0.241,225.52,35.02,21.9326,75.3885,Standard Class,Consumer
DC-100346,1607,2016-07-04,Southeast Asia,Singapore,Singapore,Sports & Outdoors,Mountain Bike,1,196.44,0.164,164.22,7.16,4.2768,102.3264,Standard Class,Corporate
DC-100347,5303,2015-06-23,Oceania,Australia,New South Wales,Technology,Apple Smart Device,4,538.88,0.146,1840.81,-2.17,-34.9703,150.6654,First Class,Consumer
DC-100348,6124,2017-12-25,South,United States,Florida,Sports & Outdoors,Mountain Bike,5,184.3,0.165,769.45,-53.94,27.1228,-81.1364,Standard Class,Consumer
DC-100349,1630,2016-01-06,Northern Europe,United Kingdom,England,Furniture,Storage Cabinet,2,306.11,0.082,562.02,-10.61,50.8033,1.2845,Second Class,Consumer
DC-100350,1010,2017-08-08,Western Europe,France,Ile-de-France,Technology,Apple Smart Device,1,740.06,0.283,530.62,82.24,47.296,1.221,Standard Class,Home Office
DC-100351,5729,2017-10-08,South Asia,India,Maharashtra,Office Supplies,Printer Paper,2,132.76,0.099,239.23,60.94,18.6946,74.9344,Standard Class,Consumer
DC-100352,4289,2015-09-17,South,United States,Florida,Furniture,Wooden Desk,3,718.37,0.243,1631.42,-123.39,28.4845,-81.3864,Standard Class,Consumer
DC-100353,7825,2017-06-21,South,United States,Florida,Sports & Outdoors,Mountain Bike,2,412.95,0.248,621.08,124.19,27.5505,-82.1164,First Class,Consumer
DC-100354,4734,2017-04-29,East,United States,New York,Furniture,Wooden Desk,3,808.42,0.027,2359.78,-76.2,42.9722,-74.7402,Standard Class,Home Office
DC-100355,4539,2015-07-31,East,United States,New York,Furniture,Wooden Desk,5,782.93,0.161,3284.39,298.7,43.2535,-76.0591,Second Class,Consumer
DC-100356,6802,2017-01-07,Central,United States,Texas,Office Supplies,Stapler,4,522.11,0.014,2059.2,508.62,32.4689,-98.7668,Standard Class,Corporate
DC-100357,2338,2016-06-05,West,United States,California,Office Supplies,Pen Set,4,209.9,0.097,758.16,52.45,35.4369,-117.9351,First Class,Corporate
DC-100358,5751,2017-01-21,Northern Europe,United Kingdom,England,Sports & Outdoors,Mountain Bike,3,238.67,0.226,554.19,-44.71,53.7404,0.8388,Standard Class,Consumer
DC-100359,7766,2015-09-24,Western Europe,France,Ile-de-France,Office Supplies,File Folder,5,329.38,0.299,1154.48,158.98,48.6042,0.2467,Standard Class,Home Office
DC-100360,3680,2015-09-23,South Asia,India,Maharashtra,Technology,Wireless Keyboard,2,633.96,0.169,1053.64,63.56,22.1469,75.2484,Standard Class,Corporate
DC-100361,3160,2016-04-29,West,United States,California,Furniture,Wooden Desk,3,731.37,0.242,1663.14,301.42,35.8323,-117.7465,Standard Class,Corporate
DC-100362,3515,2015-04-07,Oceania,Australia,New South Wales,Technology,Wireless Keyboard,5,898.03,0.066,4193.8,133.85,-34.4073,149.7897,Second Class,Consumer
DC-100363,2167,2016-10-22,East,United States,New York,Office Supplies,Pen Set,2,276.98,0.184,452.03,-42.0,42.5932,-73.6555,Second Class,Consumer
DC-100364,5392,2015-07-25,Southeast Asia,Singapore,Singapore,Technology,Wireless Keyboard,3,654.13,0.051,1862.31,-33.51,3.5406,100.6803,Second Class,Consumer
DC-100365,3218,2015-01-11,Canada,Canada,Ontario,Technology,LED Monitor,3,545.63,0.123,1435.55,58.49,42.2202,-79.0385,Standard Class,Consumer
DC-100366,5363,2017-10-26,West,United States,California,Furniture,Office Chair,3,208.62,0.034,604.58,23.29,36.8261,-119.8245,Second Class,Consumer
DC-100367,4191,2015-02-20,Central,United States,Texas,Office Supplies,Printer Paper,1,461.51,0.109,411.21,111.71,30.6645,-100.4593,First Class,Corporate
DC-100368,2518,2016-09-10,Oceania,Australia,New South Wales,Furniture,Wooden Desk,3,161.62,0.122,425.71,0.81,-34.4801,151.8715,First Class,Corporate
DC-100369,2653,2017-11-14,South,United States,Florida,Office Supplies,Stapler,4,853.34,0.002,3406.53,490.88,30.2689,-81.107,Second Class,Corporate
DC-100370,7954,2016-09-20,Oceania,Australia,New South Wales,Office Supplies,File Folder,2,401.52,0.176,661.7,129.11,-32.214,147.6118,Standard Class,Corporate
DC-100371,2151,2016-07-21,Canada,Canada,Ontario,Sports & Outdoors,Sports Bag,5,284.49,0.028,1382.62,375.99,43.8787,-78.0336,First Class,Consumer
DC-100372,2221,2018-01-06,Southeast Asia,Singapore,Singapore,Sports & Outdoors,Camping Tent,4,162.87,0.214,512.06,128.96,2.5584,103.5841,Second Class,Consumer
DC-100373,2126,2015-11-11,Western Europe,France,Ile-de-France,Sports & Outdoors,Running Shoes,2,569.34,0.193,918.91,-39.02,49.1856,4.0649,Second Class,Consumer
DC-100374,4066,2016-07-22,Oceania,Australia,New South Wales,Office Supplies,Printer Paper,1,728.94,0.136,629.8,-55.71,-34.8617,150.2654,First Class,Corporate
DC-100375,4502,2016-11-29,Western Europe,France,Ile-de-France,Office Supplies,File Folder,2,692.67,0.032,1341.01,277.54,46.7355,2.0604,First Class,Corporate
DC-100376,2165,2016-12-01,Oceania,Australia,New South Wales,Furniture,Storage Cabinet,5,375.04,0.149,1595.8,43.65,-31.3424,150.4894,Standard Class,Corporate
DC-100377,7736,2016-08-15,Western Europe,France,Ile-de-France,Technology,Laptop Computer,3,711.43,0.021,2089.47,255.12,49.4267,1.7272,First Class,Consumer
DC-100378,7835,2015-09-18,South Asia,India,Maharashtra,Sports & Outdoors,Camping Tent,1,633.94,0.108,565.47,86.26,18.2028,76.9872,Second Class,Corporate
DC-100379,3595,2017-07-08,South Asia,India,Maharashtra,Technology,Laptop Computer,5,790.6,0.188,3209.84,234.61,17.8349,74.8937,Standard Class,Consumer
DC-100380,2135,2015-01-18,South Asia,India,Maharashtra,Sports & Outdoors,Camping Tent,1,99.71,0.177,82.06,1.75,20.1617,79.6449,Same Day,Consumer
DC-100381,3616,2015-01-18,West,United States,California,Furniture,Bookshelf,5,51.94,0.157,218.93,59.88,35.8688,-117.2369,Standard Class,Home Office
DC-100382,1117,2016-09-04,West,United States,California,Technology,Laptop Computer,5,898.17,0.125,3929.49,707.44,35.9462,-121.0068,First Class,Corporate
DC-100383,7251,2016-04-11,East,United States,New York,Sports & Outdoors,Fitness Equipment,1,654.26,0.156,552.2,41.34,43.5819,-73.3781,Standard Class,Consumer
DC-100384,4971,2016-05-19,Northern Europe,United Kingdom,England,Technology,Bluetooth Headset,5,354.18,0.159,1489.33,-165.37,52.1906,-0.8502,Standard Class,Consumer
DC-100385,6641,2016-09-05,South,United States,Florida,Office Supplies,Stapler,2,312.69,0.066,584.1,67.69,25.9791,-86.4393,Standard Class,Corporate
DC-100386,2768,2015-11-07,Central,United States,Texas,Technology,LED Monitor,4,695.86,0.015,2741.69,662.83,30.0495,-100.3773,Second Class,Consumer
DC-100387,5879,2016-11-30,West,United States,California,Sports & Outdoors,Mountain Bike,3,788.13,0.147,2016.82,145.43,37.3235,-118.6737,Standard Class,Consumer
DC-100388,2698,2015-03-09,South,United States,Florida,Technology,LED Monitor,5,257.02,0.14,1105.19,1.12,27.3484,-80.777,First Class,Home Office
DC-100389,2307,2016-04-13,Southeast Asia,Singapore,Singapore,Furniture,Office Chair,1,261.45,0.289,185.89,17.48,2.0243,102.2654,Standard Class,Consumer
DC-100390,1622,2015-08-25,Western Europe,France,Ile-de-France,Furniture,Wooden Desk,4,809.12,0.231,2488.85,344.49,48.8032,1.7887,Standard Class,Consumer
DC-100391,5030,2016-05-30,East,United States,New York,Sports & Outdoors,Running Shoes,1,511.96,0.22,399.33,17.03,41.2022,-72.9399,Standard Class,Consumer
DC-100392,3944,2015-10-07,West,United States,California,Technology,Bluetooth Headset,3,529.35,0.03,1540.41,399.15,37.4853,-121.4402,Standard Class,Consumer
DC-100393,7744,2017-06-07,South,United States,Florida,Office Supplies,File Folder,1,116.02,0.107,103.61,27.98,27.711,-83.8032,Standard Class,Corporate
DC-100394,6912,2016-05-06,Northern Europe,United Kingdom,England,Technology,Bluetooth Headset,2,337.89,0.07,628.48,122.44,52.6192,2.3108,Standard Class,Home Office
DC-100395,6065,2016-08-10,West,United States,California,Sports & Outdoors,Sports Bag,5,757.69,0.111,3367.93,-259.47,37.0647,-119.8141,Standard Class,Consumer
DC-100396,4178,2017-04-11,Northern Europe,United Kingdom,England,Technology,LED Monitor,1,667.85,0.269,488.2,18.91,54.0281,-4.8592,Second Class,Consumer
DC-100397,2572,2017-09-01,West,United States,California,Sports & Outdoors,Mountain Bike,1,877.79,0.048,835.66,-20.64,37.1774,-121.0281,Standard Class,Corporate
DC-100398,1052,2015-02-15,South,United States,Florida,Sports & Outdoors,Sports Bag,2,861.2,0.053,1631.11,-175.07,29.3094,-80.7533,Standard Class,Consumer
DC-100399,2024,2015-06-27,Southeast Asia,Singapore,Singapore,Office Supplies,File Folder,5,190.02,0.237,724.93,-7.6,2.6644,99.8458,Standard Class,Consumer
DC-100400,3900,2016-12-23,South,United States,Florida,Furniture,Conference Table,1,591.79,0.245,446.8,45.37,26.3881,-81.1623,Standard Class,Consumer
DC-100401,2315,2017-08-16,Northern Europe,United Kingdom,England,Technology,Wireless Keyboard,4,113.67,0.204,361.93,-22.38,53.0199,-0.071,Standard Class,Consumer
DC-100402,5659,2015-10-16,South Asia,India,Maharashtra,Office Supplies,Printer Paper,4,677.35,0.016,2666.05,-58.38,19.2522,75.2431,First Class,Corporate
DC-100403,1080,2017-04-26,South Asia,India,Maharashtra,Office Supplies,Printer Paper,5,522.68,0.064,2446.14,25.3,19.9217,75.0594,First Class,Consumer
DC-100404,4146,2017-01-15,Southeast Asia,Singapore,Singapore,Office Supplies,File Folder,3,60.17,0.236,137.91,10.92,0.6835,104.0748,Standard Class,Corporate
DC-100405,3393,2015-10-22,South,United States,Florida,Sports & Outdoors,Running Shoes,4,339.99,0.162,1139.65,289.73,28.1173,-81.2269,First Class,Home Office
DC-100406,1651,2016-04-22,East,United States,New York,Office Supplies,Pen Set,3,291.44,0.206,694.21,-9.91,45.8655,-75.5892,Second Class,Corporate
DC-100407,5367,2015-08-23,Northern Europe,United Kingdom,England,Technology,Laptop Computer,2,431.24,0.01,853.86,99.97,50.9929,-3.8267,Standard Class,Consumer
DC-100408,7181,2015-01-04,West,United States,California,Office Supplies,Notebook,3,96.57,0.204,230.61,36.75,38.164,-118.2405,Standard Class,Home Office
DC-100409,1739,2015-12-22,South Asia,India,Maharashtra,Technology,Wireless Keyboard,2,738.79,0.068,1377.1,146.6,20.0856,78.1068,Standard Class,Corporate
DC-100410,7561,2015-09-25,Central,United States,Texas,Sports & Outdoors,Fitness Equipment,4,329.08,0.243,996.45,245.44,30.8406,-97.2819,First Class,Consumer
DC-100411,1328,2015-04-17,West,United States,California,Furniture,Conference Table,2,740.69,0.204,1179.18,55.66,36.1654,-121.1409,Second Class,Consumer
DC-100412,3627,2016-08-02,Western Europe,France,Ile-de-France,Technology,Apple Smart Device,3,292.94,0.046,838.39,-49.83,47.3837,4.1354,Standard Class,Corporate
DC-100413,7890,2015-11-21,Southeast Asia,Singapore,Singapore,Office Supplies,Pen Set,3,793.43,0.293,1682.87,85.74,1.8432,102.5329,Second Class,Consumer
DC-100414,7815,2016-01-08,Canada,Canada,Ontario,Technology,Apple Smart Device,3,297.44,0.181,730.81,14.71,43.613,-79.7157,Standard Class,Consumer
DC-100415,3003,2017-02-06,West,United States,California,Furniture,Storage Cabinet,1,700.05,0.173,578.94,-49.28,38.0455,-123.2597,Second Class,Consumer
DC-100416,3630,2016-03-08,South Asia,India,Maharashtra,Technology,Apple Smart Device,1,27.03,0.061,25.38,3.34,17.9806,75.6037,Second Class,Corporate
DC-100417,7500,2018-01-17,Southeast Asia,Singapore,Singapore,Furniture,Bookshelf,2,804.45,0.053,1523.63,64.7,1.0533,103.4061,Standard Class,Corporate
DC-100418,6405,2016-09-12,Western Europe,France,Ile-de-France,Sports & Outdoors,Mountain Bike,1,85.16,0.154,72.05,16.0,49.2373,1.4722,Second Class,Corporate
DC-100419,7400,2015-11-16,East,United States,New York,Technology,LED Monitor,3,632.23,0.048,1805.65,489.98,43.55,-73.6648,First Class,Consumer
DC-100420,7157,2016-04-23,Southeast Asia,Singapore,Singapore,Office Supplies,Printer Paper,1,78.12,0.109,69.6,15.77,-0.0534,107.2547,First Class,Consumer
DC-100421,7812,2016-12-06,Southeast Asia,Singapore,Singapore,Office Supplies,Stapler,1,188.95,0.155,159.66,25.99,1.161,106.652,Standard Class,Consumer
DC-100422,4041,2016-04-29,West,United States,California,Technology,Bluetooth Headset,5,674.97,0.198,2706.63,-94.7,37.8391,-118.4462,First Class,Consumer
DC-100423,5914,2015-02-14,Central,United States,Texas,Office Supplies,File Folder,5,606.81,0.191,2454.55,295.6,30.723,-99.3159,Standard Class,Consumer
DC-100424,2335,2016-01-22,Western Europe,France,Ile-de-France,Office Supplies,Stapler,4,547.37,0.252,1637.73,341.2,49.3492,0.7328,Standard Class,Corporate
DC-100425,1103,2015-09-07,Western Europe,France,Ile-de-France,Sports & Outdoors,Running Shoes,1,891.2,0.198,714.74,-66.93,46.8946,1.17,Same Day,Consumer
DC-100426,3287,2016-12-04,Central,United States,Texas,Office Supplies,Pen Set,3,77.79,0.22,182.03,14.96,31.2427,-99.0533,Standard Class,Home Office
DC-100427,4695,2016-05-28,South Asia,India,Maharashtra,Sports & Outdoors,Running Shoes,5,119.32,0.023,582.88,-40.18,19.7179,75.86,Standard Class,Consumer
DC-100428,1072,2017-04-09,East,United States,New York,Sports & Outdoors,Camping Tent,2,116.43,0.253,173.95,17.34,43.4063,-74.4456,Second Class,Corporate
DC-100429,3208,2015-10-29,Western Europe,France,Ile-de-France,Office Supplies,Printer Paper,4,596.65,0.106,2133.62,135.36,49.8507,2.5678,Standard Class,Consumer
DC-100430,7121,2015-11-11,West,United States,California,Office Supplies,File Folder,5,30.74,0.224,119.27,16.11,37.1799,-119.1715,First Class,Consumer
DC-100431,7245,2015-08-15,West,United States,California,Furniture,Conference Table,3,503.46,0.02,1480.17,17.28,39.645,-118.052,Standard Class,Consumer
DC-100432,2698,2017-04-16,West,United States,California,Technology,Apple Smart Device,2,12.76,0.181,20.9,2.09,36.8807,-116.0229,Standard Class,Consumer
DC-100433,2439,2017-05-14,South,United States,Florida,Office Supplies,Printer Paper,2,662.28,0.293,936.46,100.38,26.5027,-81.899,Second Class,Consumer
DC-100434,2315,2016-08-01,Canada,Canada,Ontario,Sports & Outdoors,Fitness Equipment,1,76.37,0.028,74.23,-0.15,43.6254,-78.3546,First Class,Corporate
DC-100435,5457,2016-05-30,Canada,Canada,Ontario,Furniture,Bookshelf,2,351.5,0.073,651.68,13.28,43.4475,-78.0968,First Class,Consumer
DC-100436,5328,2017-04-20,Northern Europe,United Kingdom,England,Sports & Outdoors,Running Shoes,1,599.75,0.162,502.59,57.53,51.2557,-2.5781,Standard Class,Home Office
DC-100437,5296,2017-12-10,Central,United States,Texas,Office Supplies,Stapler,2,228.22,0.259,338.22,-31.62,32.9761,-101.1821,Same Day,Corporate
DC-100438,6421,2017-02-27,West,United States,California,Technology,Wireless Keyboard,5,472.81,0.23,1820.32,-108.06,37.9522,-119.6984,First Class,Consumer
DC-100439,1179,2016-07-08,South,United States,Florida,Technology,LED Monitor,1,514.59,0.053,487.32,45.43,30.2737,-81.1741,Standard Class,Corporate
DC-100440,2016,2015-10-10,Central,United States,Texas,Furniture,Bookshelf,4,191.31,0.286,546.38,99.75,30.9429,-98.008,Standard Class,Consumer
DC-100441,6768,2015-10-19,West,United States,California,Sports & Outdoors,Running Shoes,1,566.65,0.296,398.92,75.89,35.5572,-119.8329,Same Day,Home Office
DC-100442,4358,2016-08-09,East,United States,New York,Furniture,Office Chair,4,49.11,0.054,185.83,32.84,42.6001,-75.6287,Second Class,Corporate
DC-100443,2432,2017-05-28,East,United States,New York,Sports & Outdoors,Running Shoes,3,674.44,0.113,1794.68,47.26,43.6771,-74.6687,Second Class,Consumer
DC-100444,1852,2015-08-20,Western Europe,France,Ile-de-France,Technology,LED Monitor,2,191.18,0.22,298.24,-19.1,48.541,0.5368,Second Class,Consumer
DC-100445,6481,2015-02-13,Southeast Asia,Singapore,Singapore,Furniture,Bookshelf,2,127.33,0.204,202.71,9.94,1.3043,102.0717,Standard Class,Corporate
DC-100446,7578,2015-04-04,Central,United States,Texas,Sports & Outdoors,Running Shoes,4,76.33,0.108,272.35,17.0,30.8167,-98.1701,Standard Class,Consumer
DC-100447,2376,2016-10-31,Oceania,Australia,New South Wales,Sports & Outdoors,Camping Tent,2,348.34,0.26,515.54,109.92,-33.6752,152.4128,Same Day,Consumer
DC-100448,2731,2017-04-01,South,United States,Florida,Sports & Outdoors,Camping Tent,4,453.32,0.034,1751.63,383.25,26.508,-81.0682,Second Class,Consumer
DC-100449,1199,2017-05-06,Central,United States,Texas,Furniture,Office Chair,2,754.0,0.118,1330.06,309.48,31.7526,-100.2592,Same Day,Consumer
DC-100450,6459,2017-09-04,East,United States,New York,Office Supplies,Pen Set,1,563.41,0.097,508.76,86.14,43.2443,-70.769,Standard Class,Home Office
DC-100451,4567,2017-07-20,Central,United States,Texas,Technology,LED Monitor,4,130.24,0.027,506.89,109.18,31.8034,-100.1145,Second Class,Consumer
DC-100452,6048,2017-02-13,East,United States,New York,Technology,Laptop Computer,3,817.96,0.204,1953.29,276.02,45.7208,-74.5922,First Class,Corporate
DC-100453,3529,2015-11-30,South,United States,Florida,Technology,Wireless Keyboard,4,551.57,0.079,2031.98,245.2,29.1418,-81.7013,Standard Class,Consumer
DC-100454,6355,2016-10-29,South Asia,India,Maharashtra,Office Supplies,Printer Paper,5,122.48,0.225,474.61,36.49,21.0254,73.4953,Standard Class,Corporate
DC-100455,6337,2017-04-25,Southeast Asia,Singapore,Singapore,Technology,LED Monitor,3,78.26,0.288,167.16,9.33,0.3386,106.8505,Second Class,Consumer
DC-100456,6365,2017-05-03,South,United States,Florida,Office Supplies,Notebook,2,445.17,0.03,863.63,-85.67,27.183,-82.5439,Second Class,Consumer
DC-100457,2679,2016-02-15,Southeast Asia,Singapore,Singapore,Office Supplies,File Folder,4,121.75,0.177,400.8,15.67,1.824,106.6328,Second Class,Corporate
DC-100458,4357,2016-06-30,West,United States,California,Sports & Outdoors,Camping Tent,5,760.14,0.259,2816.32,560.84,36.4057,-119.6989,Standard Class,Consumer
DC-100459,6258,2016-10-21,South,United States,Florida,Sports & Outdoors,Sports Bag,5,583.93,0.296,2055.43,87.91,27.0332,-81.5211,Standard Class,Corporate
DC-100460,5020,2017-01-18,East,United States,New York,Sports & Outdoors,Sports Bag,2,696.17,0.006,1383.99,357.49,40.4887,-73.1172,Standard Class,Consumer
DC-100461,6226,2017-06-25,Western Europe,France,Ile-de-France,Technology,Laptop Computer,2,372.25,0.105,666.33,-42.94,48.3716,3.3761,Standard Class,Consumer
DC-100462,2600,2017-02-22,Canada,Canada,Ontario,Furniture,Office Chair,5,66.61,0.232,255.78,-26.55,41.1729,-76.3999,Standard Class,Corporate
DC-100463,3439,2017-05-30,West,United States,California,Furniture,Office Chair,4,231.07,0.037,890.08,87.64,36.3684,-117.1264,Standard Class,Consumer
DC-100464,1427,2015-10-20,Central,United States,Texas,Sports & Outdoors,Running Shoes,5,51.82,0.057,244.33,44.46,30.3074,-100.8654,First Class,Consumer
DC-100465,5776,2015-05-26,Northern Europe,United Kingdom,England,Technology,Laptop Computer,4,794.97,0.241,2413.53,-155.38,51.916,-1.8176,Same Day,Corporate
DC-100466,3645,2016-05-11,Western Europe,France,Ile-de-France,Furniture,Bookshelf,3,826.3,0.066,2315.29,323.92,51.8988,3.8948,First Class,Home Office
DC-100467,6918,2015-07-11,Southeast Asia,Singapore,Singapore,Technology,Bluetooth Headset,5,571.86,0.038,2750.65,39.03,1.549,103.6412,Standard Class,Home Office
DC-100468,1439,2015-04-19,Southeast Asia,Singapore,Singapore,Sports & Outdoors,Sports Bag,2,162.87,0.26,241.05,-9.4,1.4786,103.553,Standard Class,Consumer
DC-100469,1320,2016-10-24,Northern Europe,United Kingdom,England,Technology,Apple Smart Device,1,816.83,0.15,694.31,-42.34,54.2476,-2.4038,Second Class,Corporate
DC-100470,2006,2017-10-06,Oceania,Australia,New South Wales,Technology,Laptop Computer,3,267.93,0.069,748.33,86.59,-36.6237,152.1457,Standard Class,Consumer
DC-100471,6255,2016-07-29,Northern Europe,United Kingdom,England,Sports & Outdoors,Fitness Equipment,3,255.14,0.107,683.52,-46.22,52.3845,-2.8539,Standard Class,Home Office
DC-100472,3976,2017-11-05,Canada,Canada,Ontario,Office Supplies,Pen Set,5,608.3,0.043,2910.72,325.7,42.761,-82.533,Second Class,Home Office
DC-100473,5700,2015-02-19,Central,United States,Texas,Office Supplies,Printer Paper,2,23.63,0.249,35.49,0.03,33.0223,-97.6722,Standard Class,Consumer
DC-100474,6716,2016-11-19,Western Europe,France,Ile-de-France,Office Supplies,Notebook,5,316.59,0.28,1139.72,-62.03,50.2866,1.139,First Class,Consumer
DC-100475,4947,2017-10-20,West,United States,California,Sports & Outdoors,Sports Bag,2,651.15,0.117,1149.93,-53.6,36.8374,-119.4147,Second Class,Corporate
DC-100476,7527,2015-05-19,South Asia,India,Maharashtra,Office Supplies,Stapler,2,737.06,0.243,1115.91,259.09,19.8167,75.7526,Second Class,Home Office
DC-100477,4977,2018-01-26,Western Europe,France,Ile-de-France,Office Supplies,Pen Set,5,213.04,0.118,939.51,202.41,48.288,-0.862,Standard Class,Consumer
DC-100478,4138,2015-02-24,South,United States,Florida,Furniture,Office Chair,5,233.3,0.205,927.37,-14.45,27.9923,-80.8172,Standard Class,Consumer
DC-100479,6375,2015-10-14,South Asia,India,Maharashtra,Office Supplies,Notebook,3,722.86,0.242,1643.78,416.59,19.1685,76.0104,First Class,Consumer
DC-100480,2234,2016-05-05,Northern Europe,United Kingdom,England,Sports & Outdoors,Running Shoes,3,525.86,0.234,1208.43,-13.5,52.5946,-4.4243,Second Class,Corporate
DC-100481,2822,2015-03-28,Western Europe,France,Ile-de-France,Sports & Outdoors,Fitness Equipment,5,666.68,0.273,2423.38,292.15,49.6623,3.3681,Standard Class,Consumer
DC-100482,1428,2017-02-16,Oceania,Australia,New South Wales,Sports & Outdoors,Mountain Bike,5,483.27,0.001,2413.93,119.3,-35.7637,151.3021,Standard Class,Consumer
DC-100483,2092,2016-07-14,Central,United States,Texas,Furniture,Conference Table,3,151.49,0.075,420.38,50.09,29.6267,-100.1386,Standard Class,Home Office
DC-100484,2000,2016-07-28,Central,United States,Texas,Office Supplies,File Folder,1,295.47,0.191,239.04,-1.51,32.0955,-100.2842,Standard Class,Consumer
DC-100485,7098,2015-11-12,Central,United States,Texas,Office Supplies,Pen Set,2,801.34,0.182,1310.99,181.82,31.7139,-98.8758,Standard Class,Corporate
DC-100486,1514,2015-07-15,Southeast Asia,Singapore,Singapore,Technology,Apple Smart Device,2,129.35,0.285,184.97,-0.35,-0.0738,102.2461,Standard Class,Consumer
DC-100487,5534,2017-03-18,South Asia,India,Maharashtra,Furniture,Storage Cabinet,4,151.23,0.176,498.45,67.66,18.2076,74.8722,Standard Class,Consumer
DC-100488,4380,2015-07-14,Central,United States,Texas,Furniture,Storage Cabinet,4,185.97,0.119,655.36,56.28,29.7488,-100.8796,Standard Class,Corporate
DC-100489,3149,2017-10-12,South,United States,Florida,Technology,Apple Smart Device,1,59.48,0.251,44.55,2.48,27.4965,-80.9032,Standard Class,Consumer
DC-100490,5801,2016-07-07,Oceania,Australia,New South Wales,Technology,Bluetooth Headset,5,412.31,0.223,1601.82,-168.97,-35.6764,152.8135,Standard Class,Corporate
DC-100491,4752,2015-05-03,South,United States,Florida,Furniture,Wooden Desk,4,774.02,0.28,2229.18,298.87,25.5959,-79.2091,First Class,Consumer
DC-100492,7845,2017-10-23,Northern Europe,United Kingdom,England,Technology,Apple Smart Device,2,619.81,0.124,1085.91,89.49,53.3102,-0.2721,Standard Class,Consumer
DC-100493,4008,2015-02-27,Oceania,Australia,New South Wales,Sports & Outdoors,Sports Bag,1,762.39,0.159,641.17,146.73,-32.1131,146.8947,Standard Class,Home Office
DC-100494,7518,2015-09-07,Canada,Canada,Ontario,Furniture,Conference Table,1,555.11,0.01,549.56,67.24,41.8527,-78.3027,Second Class,Corporate
DC-100495,2544,2015-07-03,South,United States,Florida,Office Supplies,Notebook,3,442.69,0.234,1017.3,226.85,26.0047,-79.0076,Standard Class,Consumer
DC-100496,2211,2017-08-24,Central,United States,Texas,Office Supplies,Stapler,1,218.22,0.02,213.86,-3.29,32.8528,-97.6778,Standard Class,Consumer
DC-100497,1016,2015-08-13,Central,United States,Texas,Technology,Wireless Keyboard,2,234.78,0.121,412.74,-48.05,32.2137,-98.4907,Standard Class,Home Office
DC-100498,4550,2016-04-24,Central,United States,Texas,Technology,LED Monitor,4,839.59,0.046,3203.88,1.12,32.1238,-97.6125,Standard Class,Corporate
DC-100499,4943,2016-08-23,Northern Europe,United Kingdom,England,Office Supplies,Notebook,1,102.73,0.085,94.0,-5.85,51.1805,-2.6971,Standard Class,Corporate
DC-100500,4385,2016-01-03,Northern Europe,United Kingdom,England,Technology,LED Monitor,5,162.96,0.056,769.17,207.96,52.1584,-2.7692,Second Class,Consumer
DC-100501,5010,2017-06-23,West,United States,California,Technology,Wireless Keyboard,4,883.91,0.055,3341.18,-262.88,36.1009,-118.5483,Standard Class,Corporate
DC-100502,6615,2016-04-22,Oceania,Australia,New South Wales,Sports & Outdoors,Camping Tent,3,374.28,0.188,911.75,-29.78,-33.6081,152.3903,Standard Class,Consumer
DC-100503,7230,2015-01-17,Northern Europe,United Kingdom,England,Sports & Outdoors,Running Shoes,3,688.16,0.172,1709.39,448.64,51.8394,-0.596,Standard Class,Consumer
DC-100504,2028,2016-02-04,South Asia,India,Maharashtra,Furniture,Bookshelf,3,124.88,0.237,285.85,46.6,19.3242,76.007,Second Class,Corporate
DC-100505,3226,2017-04-11,Northern Europe,United Kingdom,England,Office Supplies,Pen Set,3,183.78,0.011,545.28,10.38,53.3734,-3.0406,Standard Class,Home Office
DC-100506,2360,2015-08-25,East,United States,New York,Technology,Laptop Computer,4,318.0,0.09,1157.52,100.78,42.9137,-76.2258,Standard Class,Corporate
DC-100507,7046,2015-02-10,Oceania,Australia,New South Wales,Sports & Outdoors,Mountain Bike,1,448.09,0.226,346.82,28.27,-33.6357,152.0692,Standard Class,Consumer
DC-100508,1549,2016-09-18,Northern Europe,United Kingdom,England,Sports & Outdoors,Fitness Equipment,1,185.79,0.146,158.66,33.88,53.7932,-0.8426,Second Class,Consumer
DC-100509,5406,2016-04-18,South,United States,Florida,Furniture,Storage Cabinet,4,320.98,0.109,1143.97,88.31,27.6932,-80.5693,Second Class,Consumer
DC-100510,5951,2016-05-18,South,United States,Florida,Technology,Laptop Computer,3,580.82,0.161,1461.92,87.89,28.0014,-81.548,Second Class,Consumer
DC-100511,1571,2017-02-26,East,United States,New York,Sports & Outdoors,Fitness Equipment,4,825.84,0.246,2490.73,-248.27,44.203,-77.4368,Standard Class,Consumer
DC-100512,1527,2016-07-05,South Asia,India,Maharashtra,Technology,Wireless Keyboard,4,299.72,0.154,1014.25,43.78,19.0681,77.4912,Second Class,Consumer
DC-100513,2254,2016-10-28,Western Europe,France,Ile-de-France,Furniture,Wooden Desk,5,343.65,0.081,1579.07,-183.61,48.3837,2.177,Standard Class,Home Office
DC-100514,2750,2016-01-15,East,United States,New York,Furniture,Conference Table,4,197.65,0.02,774.79,-74.35,44.5579,-76.3716,Standard Class,Consumer
DC-100515,6876,2017-03-27,Canada,Canada,Ontario,Technology,Wireless Keyboard,1,570.49,0.062,535.12,-2.66,43.8747,-79.9789,Standard Class,Consumer
DC-100516,5143,2016-12-28,Western Europe,France,Ile-de-France,Technology,Bluetooth Headset,1,150.63,0.094,136.47,-3.22,50.7378,4.6707,Standard Class,Consumer
DC-100517,4293,2016-05-31,Northern Europe,United Kingdom,England,Sports & Outdoors,Camping Tent,3,524.31,0.064,1472.26,34.15,52.6025,2.7209,Second Class,Consumer
DC-100518,1359,2015-03-05,Central,United States,Texas,Office Supplies,Pen Set,5,407.16,0.011,2013.41,-33.88,30.131,-98.1677,Standard Class,Corporate
DC-100519,4185,2018-01-03,Northern Europe,United Kingdom,England,Technology,Wireless Keyboard,5,390.76,0.123,1713.48,200.18,52.9649,-0.6439,Standard Class,Consumer
DC-100520,6972,2017-12-10,Canada,Canada,Ontario,Office Supplies,File Folder,4,194.61,0.106,695.93,141.32,44.7439,-78.7696,Standard Class,Consumer
DC-100521,1610,2016-02-22,West,United States,California,Office Supplies,Stapler,5,316.33,0.22,1233.69,-25.51,36.2731,-119.3742,Second Class,Consumer
DC-100522,5144,2015-09-03,Oceania,Australia,New South Wales,Office Supplies,File Folder,4,839.08,0.064,3141.52,241.69,-34.3828,151.0431,Standard Class,Corporate
DC-100523,3083,2016-09-07,South Asia,India,Maharashtra,Technology,Bluetooth Headset,1,42.8,0.201,34.2,-0.54,18.0213,75.3946,Standard Class,Consumer
DC-100524,2145,2016-05-19,Oceania,Australia,New South Wales,Furniture,Bookshelf,5,270.38,0.051,1282.95,-60.8,-34.8693,150.3568,Same Day,Home Office
DC-100525,3680,2015-07-16,Southeast Asia,Singapore,Singapore,Technology,LED Monitor,3,487.01,0.198,1171.75,134.92,1.6846,105.8065,Standard Class,Consumer
DC-100526,2824,2016-09-13,Canada,Canada,Ontario,Furniture,Bookshelf,2,816.49,0.284,1169.21,229.49,42.7751,-78.935,First Class,Corporate
DC-100527,6028,2017-11-26,Oceania,Australia,New South Wales,Sports & Outdoors,Running Shoes,2,441.88,0.155,746.78,-89.28,-32.6061,148.9751,Standard Class,Consumer
DC-100528,3593,2017-01-15,Central,United States,Texas,Office Supplies,Stapler,2,291.69,0.175,481.29,106.59,32.9184,-100.5253,Standard Class,Consumer
DC-100529,6662,2017-09-29,Southeast Asia,Singapore,Singapore,Technology,LED Monitor,1,25.08,0.25,18.81,0.46,1.4571,105.7115,Second Class,Consumer
DC-100530,7731,2016-06-27,West,United States,California,Sports & Outdoors,Mountain Bike,2,698.29,0.255,1040.45,-65.33,35.1102,-121.4564,Standard Class,Home Office
DC-100531,2038,2015-02-01,Western Europe,France,Ile-de-France,Sports & Outdoors,Mountain Bike,2,391.77,0.002,781.97,-87.97,48.5318,2.5325,First Class,Consumer
DC-100532,7428,2017-01-29,East,United States,New York,Office Supplies,File Folder,3,747.64,0.213,1765.18,125.27,43.1541,-76.0471,Second Class,Consumer
DC-100533,5290,2017-06-26,South Asia,India,Maharashtra,Furniture,Wooden Desk,5,611.01,0.257,2269.9,56.95,20.1874,74.5772,Standard Class,Consumer
DC-100534,3506,2015-08-10,South Asia,India,Maharashtra,Sports & Outdoors,Fitness Equipment,4,763.36,0.292,2161.84,519.59,20.609,75.6088,Second Class,Consumer
DC-100535,5455,2016-11-08,Northern Europe,United Kingdom,England,Technology,Apple Smart Device,4,362.96,0.192,1173.09,255.36,52.7096,1.3609,First Class,Consumer
DC-100536,6976,2015-11-26,Northern Europe,United Kingdom,England,Sports & Outdoors,Running Shoes,2,138.96,0.221,216.5,55.29,50.7845,-1.6227,Standard Class,Home Office
DC-100537,2890,2017-02-24,Western Europe,France,Ile-de-France,Furniture,Bookshelf,3,341.84,0.196,824.52,154.41,50.0503,-0.6655,Second Class,Consumer
DC-100538,4836,2015-03-30,Western Europe,France,Ile-de-France,Sports & Outdoors,Sports Bag,2,545.57,0.227,843.45,71.63,49.6591,1.1404,Standard Class,Consumer
DC-100539,6686,2016-01-25,Northern Europe,United Kingdom,England,Sports & Outdoors,Running Shoes,4,585.4,0.235,1791.32,407.81,52.8633,-0.2912,Standard Class,Corporate
DC-100540,6115,2017-07-27,South Asia,India,Maharashtra,Office Supplies,Printer Paper,1,779.09,0.245,588.21,13.04,21.2234,77.9063,First Class,Consumer
DC-100541,5571,2017-01-27,Southeast Asia,Singapore,Singapore,Sports & Outdoors,Camping Tent,2,879.43,0.086,1607.6,-67.16,5.0731,105.996,First Class,Consumer
DC-100542,1295,2016-11-11,South,United States,Florida,Furniture,Storage Cabinet,1,726.11,0.102,652.05,98.19,26.9526,-81.0779,Standard Class,Consumer
DC-100543,7403,2015-11-27,Western Europe,France,Ile-de-France,Office Supplies,Notebook,3,714.61,0.229,1652.89,-151.49,48.7241,3.5714,Second Class,Consumer
DC-100544,7866,2016-11-30,Oceania,Australia,New South Wales,Furniture,Storage Cabinet,5,222.89,0.014,1098.85,-26.03,-35.9752,152.6589,Second Class,Consumer
DC-100545,3793,2015-02-11,Western Europe,France,Ile-de-France,Technology,Apple Smart Device,5,733.97,0.261,2712.02,222.62,47.0706,4.6081,First Class,Corporate
DC-100546,2648,2015-08-25,Southeast Asia,Singapore,Singapore,Technology,LED Monitor,5,155.72,0.101,699.96,30.84,1.2733,102.9577,Standard Class,Consumer
DC-100547,6142,2016-05-15,West,United States,California,Technology,Wireless Keyboard,3,738.28,0.282,1590.26,-166.41,37.5973,-118.8243,Standard Class,Consumer
DC-100548,2467,2017-05-29,Southeast Asia,Singapore,Singapore,Furniture,Conference Table,3,634.56,0.037,1833.24,392.96,2.136,103.215,Standard Class,Consumer
DC-100549,7869,2016-06-04,South Asia,India,Maharashtra,Office Supplies,Pen Set,5,711.65,0.028,3458.62,-159.11,17.8538,76.1945,First Class,Consumer
DC-100550,5104,2015-05-18,South Asia,India,Maharashtra,Sports & Outdoors,Camping Tent,2,89.93,0.172,148.92,-8.4,17.7364,77.3725,Same Day,Corporate
DC-100551,2193,2017-06-30,South Asia,India,Maharashtra,Furniture,Wooden Desk,5,431.78,0.136,1865.29,231.44,22.6809,76.4874,Second Class,Consumer
DC-100552,4318,2017-03-21,Northern Europe,United Kingdom,England,Technology,LED Monitor,5,862.01,0.011,4262.64,1033.36,52.0366,-1.5846,Same Day,Consumer
DC-100553,1444,2017-11-07,Canada,Canada,Ontario,Furniture,Bookshelf,4,31.73,0.199,101.66,23.18,42.329,-80.9072,Standard Class,Consumer
DC-100554,6856,2015-02-14,Canada,Canada,Ontario,Technology,Bluetooth Headset,3,719.06,0.221,1680.44,-22.07,45.5481,-81.4464,Standard Class,Corporate
DC-100555,3797,2016-11-27,Western Europe,France,Ile-de-France,Technology,LED Monitor,4,859.45,0.191,2781.18,-12.19,49.124,0.1913,Standard Class,Consumer
DC-100556,4456,2017-11-03,West,United States,California,Office Supplies,File Folder,4,415.84,0.104,1490.37,-21.11,36.2018,-120.7921,First Class,Corporate
DC-100557,4673,2017-12-17,Canada,Canada,Ontario,Office Supplies,Stapler,5,766.05,0.163,3205.92,-214.41,44.8473,-78.4322,Standard Class,Corporate
DC-100558,6356,2017-09-04,Southeast Asia,Singapore,Singapore,Office Supplies,File Folder,2,386.54,0.251,579.04,-39.92,-0.1207,104.4874,Standard Class,Consumer
DC-100559,2994,2016-05-20,Southeast Asia,Singapore,Singapore,Furniture,Wooden Desk,1,270.34,0.287,192.75,17.68,0.2976,102.3712,First Class,Corporate
DC-100560,5118,2018-01-23,Canada,Canada,Ontario,Sports & Outdoors,Mountain Bike,3,337.71,0.226,784.16,89.15,43.5708,-80.0668,Standard Class,Home Office
DC-100561,6388,2015-07-31,Canada,Canada,Ontario,Office Supplies,Printer Paper,1,851.39,0.156,718.57,-48.53,42.5955,-79.1026,Second Class,Consumer
DC-100562,6367,2016-06-14,South,United States,Florida,Sports & Outdoors,Mountain Bike,4,865.73,0.282,2486.38,160.23,28.5937,-81.0018,Standard Class,Corporate
DC-100563,1427,2016-03-10,East,United States,New York,Technology,Bluetooth Headset,4,772.93,0.297,2173.48,-219.75,44.9658,-74.4116,Second Class,Consumer
DC-100564,4608,2016-11-04,Oceania,Australia,New South Wales,Sports & Outdoors,Sports Bag,5,89.11,0.206,353.77,26.48,-35.9045,150.8159,First Class,Home Office
DC-100565,7936,2017-08-13,West,United States,California,Sports & Outdoors,Running Shoes,1,867.99,0.078,800.29,14.34,36.3657,-120.189,Second Class,Home Office
DC-100566,6261,2017-04-24,Western Europe,France,Ile-de-France,Technology,Apple Smart Device,2,23.81,0.192,38.48,-2.21,47.4774,5.8686,Standard Class,Home Office
DC-100567,1762,2016-10-19,Canada,Canada,Ontario,Office Supplies,Notebook,4,602.19,0.292,1705.4,388.09,44.2744,-79.3155,First Class,Corporate
DC-100568,3234,2015-06-02,East,United States,New York,Sports & Outdoors,Mountain Bike,2,450.54,0.208,713.66,60.3,41.6248,-74.2393,Standard Class,Consumer
DC-100569,1356,2016-08-12,South Asia,India,Maharashtra,Sports & Outdoors,Running Shoes,2,691.67,0.291,980.79,-11.97,20.434,76.0725,Second Class,Consumer
DC-100570,2871,2015-04-23,East,United States,New York,Technology,LED Monitor,1,268.65,0.001,268.38,38.63,41.6332,-74.3195,Second Class,Corporate
DC-100571,7325,2017-06-15,Canada,Canada,Ontario,Technology,LED Monitor,2,695.29,0.27,1015.12,-97.48,44.0539,-80.0064,Second Class,Consumer
DC-100572,2838,2016-04-23,Central,United States,Texas,Office Supplies,Notebook,3,784.75,0.099,2121.18,403.04,32.859,-99.2797,Same Day,Consumer
DC-100573,4721,2015-08-12,East,United States,New York,Office Supplies,File Folder,2,137.28,0.118,242.16,12.32,42.8653,-74.8815,Standard Class,Corporate
DC-100574,4500,2015-02-26,East,United States,New York,Furniture,Office Chair,1,614.56,0.096,555.56,22.04,42.937,-77.0132,First Class,Corporate
DC-100575,3442,2015-06-18,East,United States,New York,Technology,Apple Smart Device,2,391.23,0.132,679.18,-75.89,45.2837,-76.3654,Standard Class,Corporate
DC-100576,2925,2016-12-20,Central,United States,Texas,Sports & Outdoors,Fitness Equipment,3,496.02,0.277,1075.87,5.04,31.4308,-100.8017,Second Class,Consumer
DC-100577,6500,2017-04-21,Canada,Canada,Ontario,Sports & Outdoors,Mountain Bike,5,194.13,0.28,698.87,123.28,42.4467,-79.2475,Second Class,Home Office
DC-100578,7268,2017-02-21,South Asia,India,Maharashtra,Office Supplies,Pen Set,1,74.54,0.187,60.6,10.58,19.903,78.0841,Second Class,Corporate
DC-100579,1646,2015-01-10,Central,United States,Texas,Office Supplies,Printer Paper,3,837.47,0.291,1781.3,254.78,28.721,-99.9097,Standard Class,Corporate
DC-100580,5273,2017-11-29,East,United States,New York,Technology,Bluetooth Headset,5,279.74,0.164,1169.31,-67.72,42.1703,-73.2508,Standard Class,Consumer
DC-100581,6363,2015-04-07,West,United States,California,Sports & Outdoors,Camping Tent,1,636.45,0.23,490.07,135.44,35.5535,-120.1196,Second Class,Consumer
DC-100582,6601,2017-11-01,South,United States,Florida,Technology,LED Monitor,5,811.4,0.207,3217.2,855.43,29.0092,-80.6338,Standard Class,Consumer
DC-100583,4281,2016-08-21,Western Europe,France,Ile-de-France,Sports & Outdoors,Mountain Bike,5,445.42,0.126,1946.49,523.07,50.1684,0.638,First Class,Home Office
DC-100584,6733,2015-06-30,Oceania,Australia,New South Wales,Office Supplies,Pen Set,2,605.68,0.048,1153.21,39.56,-34.0738,151.3342,First Class,Consumer
DC-100585,3887,2015-04-03,East,United States,New York,Sports & Outdoors,Camping Tent,1,78.5,0.18,64.37,7.09,42.4258,-75.8056,Standard Class,Consumer
DC-100586,2339,2017-03-02,East,United States,New York,Sports & Outdoors,Sports Bag,1,403.4,0.222,313.85,31.36,42.7063,-77.0302,Standard Class,Consumer
DC-100587,6773,2015-01-15,Southeast Asia,Singapore,Singapore,Office Supplies,Stapler,5,587.72,0.035,2835.75,111.44,1.0983,103.9206,First Class,Corporate
DC-100588,2733,2017-11-17,West,United States,California,Office Supplies,Printer Paper,1,705.96,0.155,596.54,-17.52,37.9101,-120.5648,Second Class,Consumer
DC-100589,2375,2016-08-02,Oceania,Australia,New South Wales,Sports & Outdoors,Fitness Equipment,1,19.27,0.011,19.06,-1.61,-34.3258,153.3455,Second Class,Home Office
DC-100590,1070,2017-11-20,South Asia,India,Maharashtra,Sports & Outdoors,Running Shoes,3,99.0,0.137,256.31,28.37,18.4639,74.6799,Second Class,Consumer
DC-100591,5452,2016-08-22,Oceania,Australia,New South Wales,Office Supplies,File Folder,1,16.98,0.198,13.62,-0.13,-32.0531,150.5437,Standard Class,Consumer
DC-100592,6397,2015-11-30,South Asia,India,Maharashtra,Furniture,Bookshelf,2,86.51,0.165,144.47,-7.64,21.046,76.3946,Standard Class,Home Office
DC-100593,4808,2017-07-14,Western Europe,France,Ile-de-France,Sports & Outdoors,Sports Bag,4,738.1,0.052,2798.88,112.32,47.9596,3.3137,Standard Class,Corporate
DC-100594,6536,2016-10-05,Southeast Asia,Singapore,Singapore,Sports & Outdoors,Camping Tent,3,323.25,0.13,843.68,207.22,0.5662,103.1788,Second Class,Consumer
DC-100595,7454,2015-04-23,South Asia,India,Maharashtra,Office Supplies,Pen Set,2,736.9,0.008,1462.01,147.39,19.5939,76.79,Standard Class,Consumer
DC-100596,1884,2015-02-01,West,United States,California,Technology,LED Monitor,3,465.19,0.044,1334.16,286.27,38.9943,-120.3283,Second Class,Corporate
DC-100597,6627,2017-11-30,Oceania,Australia,New South Wales,Sports & Outdoors,Sports Bag,4,370.6,0.071,1377.15,-67.21,-34.494,151.9057,Standard Class,Consumer
DC-100598,3111,2015-10-11,Oceania,Australia,New South Wales,Office Supplies,Pen Set,2,508.83,0.075,941.34,7.22,-33.8127,151.839,Standard Class,Consumer
DC-100599,2383,2016-10-08,Oceania,Australia,New South Wales,Office Supplies,Notebook,5,343.72,0.121,1510.65,279.7,-35.9485,150.5465,Standard Class,Corporate
DC-100600,5036,2018-01-05,Southeast Asia,Singapore,Singapore,Sports & Outdoors,Fitness Equipment,4,341.24,0.228,1053.75,-74.92,2.1555,103.4572,First Class,Corporate
DC-100601,7933,2017-09-30,Central,United States,Texas,Technology,Laptop Computer,2,442.09,0.126,772.77,172.98,30.6978,-98.5602,Same Day,Consumer
DC-100602,7956,2015-12-10,West,United States,California,Office Supplies,Pen Set,1,841.52,0.296,592.43,-55.19,38.0003,-118.5008,Same Day,Consumer
DC-100603,1975,2015-04-04,Oceania,Australia,New South Wales,Technology,Laptop Computer,4,419.94,0.214,1320.29,52.39,-32.7097,149.5478,Second Class,Consumer
DC-100604,2653,2017-01-31,Oceania,Australia,New South Wales,Sports & Outdoors,Mountain Bike,3,671.64,0.046,1922.23,16.81,-33.3839,149.7453,Standard Class,Home Office
DC-100605,3447,2016-05-18,Central,United States,Texas,Sports & Outdoors,Sports Bag,5,514.44,0.066,2402.43,-228.47,32.7385,-100.2859,Standard Class,Consumer
DC-100606,7774,2016-12-22,Central,United States,Texas,Technology,Apple Smart Device,5,898.54,0.186,3657.06,70.89,30.9669,-101.092,First Class,Corporate
DC-100607,5152,2015-05-30,Oceania,Australia,New South Wales,Furniture,Storage Cabinet,4,837.38,0.281,2408.3,-96.76,-36.6092,152.1979,Standard Class,Consumer
DC-100608,7464,2017-09-28,Canada,Canada,Ontario,Sports & Outdoors,Running Shoes,2,302.81,0.169,503.27,-36.02,44.7678,-78.4383,Standard Class,Consumer
DC-100609,3837,2015-06-28,South Asia,India,Maharashtra,Office Supplies,File Folder,2,866.32,0.003,1727.44,273.31,19.3126,76.6566,First Class,Corporate
DC-100610,1140,2016-01-17,South Asia,India,Maharashtra,Furniture,Wooden Desk,5,502.71,0.097,2269.74,266.58,19.795,76.0323,Standard Class,Corporate
DC-100611,6675,2017-06-15,Oceania,Australia,New South Wales,Technology,Apple Smart Device,5,598.13,0.199,2395.51,-71.49,-33.4993,153.3506,Standard Class,Consumer
DC-100612,2449,2015-10-15,Southeast Asia,Singapore,Singapore,Sports & Outdoors,Fitness Equipment,5,391.57,0.159,1646.55,364.29,0.6106,104.2233,Standard Class,Consumer
DC-100613,5559,2017-03-27,Northern Europe,United Kingdom,England,Furniture,Office Chair,3,426.1,0.27,933.16,109.53,49.9686,-3.3023,Second Class,Consumer
DC-100614,4036,2017-04-07,Central,United States,Texas,Furniture,Wooden Desk,4,727.62,0.274,2113.01,374.08,30.0025,-99.565,Standard Class,Corporate
DC-100615,7720,2017-03-07,Central,United States,Texas,Sports & Outdoors,Camping Tent,4,263.91,0.01,1045.08,92.5,31.8771,-102.9885,Standard Class,Consumer
DC-100616,4704,2017-03-26,South Asia,India,Maharashtra,Office Supplies,File Folder,5,608.96,0.107,2719.01,141.21,16.0589,74.2902,Standard Class,Corporate
DC-100617,2365,2016-09-11,South Asia,India,Maharashtra,Sports & Outdoors,Mountain Bike,5,287.05,0.043,1373.53,189.47,18.8087,77.8269,Second Class,Consumer
DC-100618,2025,2017-06-18,West,United States,California,Office Supplies,Stapler,4,745.7,0.212,2350.45,116.59,38.0588,-118.7844,Same Day,Home Office
DC-100619,4242,2015-04-08,South,United States,Florida,Sports & Outdoors,Running Shoes,4,614.92,0.224,1908.71,389.53,27.1007,-81.009,Standard Class,Corporate
DC-100620,5955,2016-05-13,Southeast Asia,Singapore,Singapore,Sports & Outdoors,Sports Bag,1,436.36,0.293,308.51,35.19,1.4594,101.678,Standard Class,Consumer
DC-100621,7527,2017-05-13,Southeast Asia,Singapore,Singapore,Technology,Bluetooth Headset,2,709.18,0.012,1401.34,155.91,0.4564,104.0746,Second Class,Consumer
DC-100622,3013,2017-02-01,Central,United States,Texas,Technology,Laptop Computer,1,645.95,0.041,619.47,59.82,30.5814,-100.4552,Second Class,Corporate
DC-100623,1129,2016-04-10,Western Europe,France,Ile-de-France,Furniture,Wooden Desk,3,152.94,0.195,369.35,49.03,48.1152,3.4494,Second Class,Consumer
DC-100624,6759,2015-07-09,East,United States,New York,Technology,Bluetooth Headset,2,428.43,0.299,600.66,-46.49,41.1315,-75.0563,Standard Class,Consumer
DC-100625,4991,2015-10-08,Western Europe,France,Ile-de-France,Technology,Bluetooth Headset,2,871.72,0.076,1610.94,122.4,49.4964,0.4617,Standard Class,Consumer
DC-100626,2626,2017-04-05,South Asia,India,Maharashtra,Furniture,Office Chair,3,476.47,0.03,1386.53,45.22,19.986,72.5886,Second Class,Consumer
DC-100627,7145,2017-01-05,East,United States,New York,Office Supplies,Pen Set,3,700.97,0.113,1865.28,226.04,44.015,-74.4763,Standard Class,Consumer
DC-100628,3690,2015-12-16,South Asia,India,Maharashtra,Furniture,Office Chair,2,362.58,0.015,714.28,-54.12,20.5794,75.8034,Standard Class,Consumer
DC-100629,7050,2016-03-14,Southeast Asia,Singapore,Singapore,Furniture,Conference Table,4,102.88,0.006,409.05,49.54,1.8892,101.7735,Standard Class,Consumer
DC-100630,4205,2017-07-03,West,United States,California,Office Supplies,File Folder,3,842.71,0.297,1777.28,411.66,37.9813,-120.2924,Second Class,Corporate
DC-100631,1723,2015-10-16,Oceania,Australia,New South Wales,Office Supplies,Stapler,1,265.48,0.14,228.31,-20.79,-33.9829,149.7907,Standard Class,Consumer
DC-100632,3271,2017-12-17,East,United States,New York,Technology,Wireless Keyboard,2,118.58,0.129,206.57,-10.14,42.5177,-75.6941,First Class,Corporate
DC-100633,4272,2017-03-01,Northern Europe,United Kingdom,England,Sports & Outdoors,Running Shoes,4,743.11,0.174,2455.24,57.18,52.2775,1.1536,Standard Class,Consumer
DC-100634,4660,2015-02-03,Southeast Asia,Singapore,Singapore,Office Supplies,Notebook,2,529.17,0.251,792.7,-48.46,1.1787,101.8225,Standard Class,Consumer
DC-100635,4437,2015-02-04,Southeast Asia,Singapore,Singapore,Sports & Outdoors,Camping Tent,4,102.48,0.034,395.98,22.55,1.3471,105.0293,First Class,Corporate
DC-100636,2778,2016-08-09,West,United States,California,Technology,Bluetooth Headset,5,145.14,0.107,648.05,162.96,34.8381,-119.6037,Second Class,Home Office
DC-100637,2314,2017-03-18,South Asia,India,Maharashtra,Furniture,Conference Table,3,473.43,0.171,1177.42,-38.34,20.8167,75.4988,First Class,Consumer
DC-100638,5706,2015-12-26,Oceania,Australia,New South Wales,Furniture,Conference Table,3,391.45,0.163,982.93,157.06,-34.7702,152.4281,Second Class,Consumer
DC-100639,5327,2016-03-23,Canada,Canada,Ontario,Sports & Outdoors,Mountain Bike,4,779.35,0.232,2394.16,333.76,43.3366,-78.3201,Standard Class,Corporate
DC-100640,3616,2017-04-13,Southeast Asia,Singapore,Singapore,Office Supplies,Notebook,4,195.85,0.277,566.4,98.55,4.4597,104.9319,Standard Class,Corporate
DC-100641,2150,2016-01-22,Oceania,Australia,New South Wales,Technology,Wireless Keyboard,2,394.6,0.167,657.4,-31.73,-34.9905,151.1731,Standard Class,Consumer
DC-100642,5832,2015-08-12,West,United States,California,Furniture,Bookshelf,3,463.79,0.175,1147.88,34.9,36.6575,-119.3395,Standard Class,Consumer
DC-100643,4594,2015-06-25,South Asia,India,Maharashtra,Office Supplies,Pen Set,4,16.37,0.277,47.34,-0.03,21.4907,75.9724,Standard Class,Corporate
DC-100644,6487,2017-03-03,Southeast Asia,Singapore,Singapore,Furniture,Wooden Desk,4,316.47,0.162,1060.81,64.21,-0.1335,105.253,Same Day,Home Office
DC-100645,1665,2016-12-28,Oceania,Australia,New South Wales,Sports & Outdoors,Fitness Equipment,1,246.29,0.094,223.14,3.39,-32.9556,151.2477,First Class,Consumer
DC-100646,7945,2015-06-15,East,United States,New York,Technology,Bluetooth Headset,1,746.39,0.289,530.68,42.08,43.1681,-75.3541,Standard Class,Consumer
DC-100647,7220,2017-09-26,Oceania,Australia,New South Wales,Technology,Bluetooth Headset,3,584.77,0.233,1345.56,-89.75,-33.5134,151.4617,Standard Class,Consumer
DC-100648,1096,2015-12-23,Central,United States,Texas,Office Supplies,File Folder,1,368.02,0.041,352.93,-37.5,32.8944,-101.2752,Second Class,Home Office
DC-100649,7879,2017-03-23,South Asia,India,Maharashtra,Technology,Laptop Computer,5,536.75,0.184,2189.94,129.31,19.0158,78.8798,Standard Class,Corporate
DC-100650,1874,2015-03-30,Western Europe,France,Ile-de-France,Technology,Wireless Keyboard,5,16.73,0.05,79.47,5.54,50.3082,4.352,Second Class,Consumer
DC-100651,2787,2017-07-15,Oceania,Australia,New South Wales,Sports & Outdoors,Running Shoes,5,26.87,0.149,114.33,1.78,-31.1493,150.1201,Standard Class,Consumer
DC-100652,3343,2017-04-10,Southeast Asia,Singapore,Singapore,Office Supplies,Notebook,3,880.56,0.06,2483.18,-200.1,-0.1791,105.3867,Same Day,Home Office
DC-100653,7974,2015-01-20,West,United States,California,Furniture,Storage Cabinet,3,67.04,0.076,185.83,12.19,38.7095,-118.7171,Second Class,Consumer
DC-100654,1907,2016-05-21,South Asia,India,Maharashtra,Office Supplies,Stapler,5,723.18,0.135,3127.75,-358.23,19.9618,77.1796,Second Class,Home Office
DC-100655,1571,2017-05-03,South,United States,Florida,Technology,LED Monitor,5,857.66,0.219,3349.16,-157.48,26.7682,-81.9849,Standard Class,Consumer
DC-100656,4535,2017-08-01,Southeast Asia,Singapore,Singapore,Office Supplies,File Folder,2,467.35,0.169,776.74,-67.52,2.3382,102.7183,Standard Class,Home Office
DC-100657,4550,2018-01-12,Central,United States,Texas,Sports & Outdoors,Running Shoes,4,319.59,0.08,1176.09,101.24,31.2098,-100.0834,Second Class,Consumer
DC-100658,2191,2017-06-29,South,United States,Florida,Technology,Bluetooth Headset,4,845.65,0.263,2492.98,17.77,28.5897,-81.8726,Second Class,Home Office
DC-100659,6930,2017-11-20,Central,United States,Texas,Sports & Outdoors,Camping Tent,4,157.52,0.098,568.33,93.76,30.8089,-100.1044,Second Class,Consumer
DC-100660,2294,2017-01-22,South Asia,India,Maharashtra,Sports & Outdoors,Camping Tent,1,158.64,0.193,128.02,9.42,19.2199,79.174,Same Day,Home Office
DC-100661,3059,2016-03-28,West,United States,California,Technology,LED Monitor,5,296.25,0.233,1136.12,104.49,37.6104,-119.8838,Standard Class,Consumer
DC-100662,4428,2017-10-23,Northern Europe,United Kingdom,England,Furniture,Bookshelf,4,400.65,0.193,1293.3,-45.84,54.4427,2.1824,Standard Class,Corporate
DC-100663,6185,2017-02-22,Central,United States,Texas,Technology,Wireless Keyboard,1,16.55,0.19,13.41,-1.33,31.6077,-100.589,Second Class,Consumer
DC-100664,3175,2016-12-11,East,United States,New York,Office Supplies,Notebook,2,805.37,0.099,1451.28,-73.35,43.0526,-74.7194,Standard Class,Consumer
DC-100665,2927,2016-10-06,South Asia,India,Maharashtra,Sports & Outdoors,Mountain Bike,1,715.42,0.199,573.05,136.11,19.6577,72.7995,First Class,Consumer
DC-100666,1387,2016-03-09,Northern Europe,United Kingdom,England,Technology,Bluetooth Headset,1,553.76,0.074,512.78,35.48,51.5001,-0.8485,Standard Class,Consumer
DC-100667,1228,2015-06-28,Southeast Asia,Singapore,Singapore,Sports & Outdoors,Mountain Bike,5,349.06,0.192,1410.2,-124.61,-0.0039,106.1771,Standard Class,Consumer
DC-100668,7812,2017-08-01,Northern Europe,United Kingdom,England,Office Supplies,Pen Set,1,674.58,0.034,651.64,37.07,51.9927,-0.8392,Standard Class,Corporate
DC-100669,7932,2016-11-21,Northern Europe,United Kingdom,England,Furniture,Bookshelf,4,225.97,0.05,858.69,-39.39,52.4906,-0.1772,Standard Class,Corporate
DC-100670,1791,2018-01-21,South Asia,India,Maharashtra,Technology,Apple Smart Device,1,356.85,0.044,341.15,-0.16,18.6199,75.058,Standard Class,Corporate
DC-100671,4474,2015-04-10,Canada,Canada,Ontario,Technology,Wireless Keyboard,3,728.34,0.016,2150.06,32.56,42.8909,-80.0388,Standard Class,Consumer
DC-100672,1908,2015-04-04,East,United States,New York,Technology,Apple Smart Device,2,448.23,0.194,722.55,39.01,41.8219,-76.2376,First Class,Home Office
DC-100673,2625,2015-08-16,East,United States,New York,Office Supplies,Printer Paper,5,764.06,0.124,3346.58,442.75,42.0525,-75.6964,Same Day,Corporate
DC-100674,6725,2016-06-04,South Asia,India,Maharashtra,Technology,Wireless Keyboard,4,200.31,0.188,650.61,164.43,17.8929,74.1404,First Class,Home Office
DC-100675,3053,2015-10-11,Western Europe,France,Ile-de-France,Sports & Outdoors,Sports Bag,4,702.79,0.0,2811.16,-288.11,47.8417,1.6715,Standard Class,Corporate
DC-100676,2426,2017-07-19,South,United States,Florida,Sports & Outdoors,Camping Tent,1,462.66,0.077,427.04,-40.63,25.5583,-81.5058,First Class,Corporate
DC-100677,5235,2016-07-23,Central,United States,Texas,Technology,Apple Smart Device,5,832.0,0.263,3065.92,230.99,28.8951,-101.3694,Standard Class,Consumer
DC-100678,7555,2017-03-09,East,United States,New York,Technology,Wireless Keyboard,4,112.48,0.16,377.93,9.26,42.4174,-75.951,Standard Class,Corporate
DC-100679,5780,2017-03-02,Central,United States,Texas,Office Supplies,Stapler,3,295.71,0.062,832.13,49.97,31.8536,-100.0543,Standard Class,Corporate
DC-100680,5884,2015-04-07,South,United States,Florida,Sports & Outdoors,Mountain Bike,3,203.55,0.081,561.19,123.63,26.1942,-82.9202,Standard Class,Consumer
DC-100681,2436,2017-07-15,Oceania,Australia,New South Wales,Sports & Outdoors,Camping Tent,4,294.8,0.104,1056.56,278.8,-34.603,150.0708,Standard Class,Consumer
DC-100682,6822,2016-01-05,East,United States,New York,Office Supplies,Printer Paper,5,109.56,0.206,434.95,72.32,44.2173,-73.8512,Standard Class,Consumer
DC-100683,5894,2015-03-02,South,United States,Florida,Technology,Wireless Keyboard,4,866.49,0.001,3462.49,71.95,28.701,-79.7383,Standard Class,Corporate
DC-100684,6070,2017-05-08,Canada,Canada,Ontario,Technology,Laptop Computer,1,510.12,0.175,420.85,-18.07,42.7946,-82.6831,Same Day,Corporate
DC-100685,2883,2017-12-31,East,United States,New York,Sports & Outdoors,Fitness Equipment,4,44.13,0.106,157.81,20.5,43.635,-77.441,Standard Class,Corporate
DC-100686,7644,2017-12-14,South Asia,India,Maharashtra,Technology,Laptop Computer,2,362.59,0.002,723.73,25.23,19.6889,76.4976,Second Class,Corporate
DC-100687,7020,2017-07-22,Oceania,Australia,New South Wales,Technology,Apple Smart Device,5,864.4,0.187,3513.79,332.47,-31.4238,149.6739,Second Class,Corporate
DC-100688,4966,2015-02-25,East,United States,New York,Technology,Laptop Computer,2,686.38,0.262,1013.1,-58.43,43.4432,-74.233,Same Day,Corporate
DC-100689,1824,2016-04-08,Southeast Asia,Singapore,Singapore,Furniture,Conference Table,4,705.04,0.254,2103.84,581.3,1.8089,105.0066,Standard Class,Corporate
DC-100690,6463,2016-09-27,Oceania,Australia,New South Wales,Office Supplies,Printer Paper,2,25.45,0.227,39.35,3.61,-34.693,149.1843,Second Class,Consumer
DC-100691,6223,2015-05-30,Central,United States,Texas,Office Supplies,Notebook,4,383.55,0.044,1466.7,-25.38,31.2091,-100.7612,Standard Class,Consumer
DC-100692,5969,2015-09-18,East,United States,New York,Technology,Laptop Computer,2,266.99,0.082,490.19,118.82,43.5128,-73.9743,Second Class,Consumer
DC-100693,4599,2015-08-14,East,United States,New York,Furniture,Bookshelf,4,156.17,0.092,567.21,-22.25,43.598,-76.2918,Standard Class,Consumer
DC-100694,4723,2018-01-27,Western Europe,France,Ile-de-France,Technology,Wireless Keyboard,1,807.16,0.28,581.16,123.99,48.1187,3.8309,Standard Class,Consumer
DC-100695,4742,2015-10-31,South Asia,India,Maharashtra,Sports & Outdoors,Running Shoes,1,183.71,0.252,137.42,38.18,19.4272,75.9328,Second Class,Consumer
DC-100696,1305,2017-08-10,East,United States,New York,Office Supplies,Pen Set,1,427.86,0.274,310.63,26.36,43.2081,-76.6337,Standard Class,Home Office
DC-100697,1085,2016-10-19,Oceania,Australia,New South Wales,Technology,Laptop Computer,4,466.09,0.284,1334.88,-109.09,-34.8768,151.4038,First Class,Consumer
DC-100698,5777,2016-03-12,Western Europe,France,Ile-de-France,Technology,Laptop Computer,3,257.05,0.258,572.19,-27.47,47.3748,2.9456,Same Day,Consumer
DC-100699,3323,2016-11-13,South,United States,Florida,Office Supplies,Printer Paper,2,249.24,0.045,476.05,-10.62,27.3314,-84.0278,Second Class,Consumer
DC-100700,2518,2017-08-29,Western Europe,France,Ile-de-France,Office Supplies,Notebook,2,44.76,0.238,68.21,13.52,49.8438,2.9951,Same Day,Corporate
DC-100701,5002,2016-06-09,East,United States,New York,Sports & Outdoors,Mountain Bike,4,353.97,0.038,1362.08,-31.4,43.0593,-76.4287,Standard Class,Home Office
DC-100702,1234,2017-07-12,East,United States,New York,Technology,Bluetooth Headset,2,295.53,0.032,572.15,74.34,41.3622,-78.7079,Standard Class,Consumer
DC-100703,2844,2015-01-23,Central,United States,Texas,Office Supplies,Stapler,3,33.96,0.245,76.92,21.34,30.3835,-100.6401,Second Class,Corporate
DC-100704,2127,2015-05-10,Northern Europe,United Kingdom,England,Sports & Outdoors,Fitness Equipment,2,208.81,0.06,392.56,109.39,52.1062,-0.0933,Standard Class,Consumer
DC-100705,4858,2017-02-08,South Asia,India,Maharashtra,Furniture,Conference Table,3,665.52,0.288,1421.55,239.94,19.258,78.0074,Second Class,Corporate
DC-100706,6380,2017-09-10,Northern Europe,United Kingdom,England,Furniture,Wooden Desk,3,794.94,0.276,1726.61,-107.21,55.6446,-1.3532,Standard Class,Home Office
DC-100707,7369,2016-04-16,East,United States,New York,Furniture,Storage Cabinet,5,809.08,0.165,3377.91,437.57,42.6728,-73.5675,Standard Class,Consumer
DC-100708,6067,2016-06-01,West,United States,California,Office Supplies,File Folder,2,80.53,0.035,155.42,1.5,34.4796,-121.3665,Second Class,Consumer
DC-100709,3392,2018-01-06,Northern Europe,United Kingdom,England,Office Supplies,Pen Set,3,51.18,0.183,125.44,31.57,53.6669,-3.0813,Second Class,Consumer
DC-100710,3291,2017-02-08,Northern Europe,United Kingdom,England,Furniture,Bookshelf,1,152.59,0.0,152.59,38.6,51.7922,-3.6317,Standard Class,Consumer
DC-100711,4881,2016-05-22,Oceania,Australia,New South Wales,Office Supplies,Stapler,5,173.09,0.013,854.2,54.81,-33.5738,150.9242,First Class,Corporate
DC-100712,4747,2017-05-25,East,United States,New York,Furniture,Storage Cabinet,4,529.51,0.08,1948.6,425.95,44.0519,-75.5126,First Class,Home Office
DC-100713,6658,2017-08-03,Southeast Asia,Singapore,Singapore,Sports & Outdoors,Running Shoes,5,802.89,0.159,3376.15,687.82,4.3801,104.9009,Standard Class,Corporate
DC-100714,6176,2015-07-10,Southeast Asia,Singapore,Singapore,Furniture,Storage Cabinet,2,83.34,0.032,161.35,35.36,1.2093,102.8681,Second Class,Consumer
DC-100715,1371,2017-06-29,East,United States,New York,Office Supplies,File Folder,3,822.6,0.177,2031.0,535.52,41.3363,-75.4149,Second Class,Home Office
DC-100716,1452,2015-07-27,Northern Europe,United Kingdom,England,Technology,Apple Smart Device,4,685.23,0.071,2546.31,425.69,52.2036,-3.1066,Standard Class,Corporate
DC-100717,1013,2015-08-05,Central,United States,Texas,Sports & Outdoors,Camping Tent,4,823.16,0.203,2624.23,-167.65,31.1931,-98.4585,First Class,Corporate
DC-100718,5845,2015-05-19,South Asia,India,Maharashtra,Sports & Outdoors,Running Shoes,5,138.23,0.077,637.93,-50.21,18.8868,77.2699,Standard Class,Corporate
DC-100719,4263,2016-11-30,Canada,Canada,Ontario,Office Supplies,Stapler,2,124.83,0.017,245.42,56.42,44.7219,-81.0409,Standard Class,Consumer
DC-100720,3776,2017-03-06,East,United States,New York,Technology,LED Monitor,2,76.49,0.088,139.52,12.53,42.3422,-74.8715,Second Class,Consumer
DC-100721,5980,2015-01-01,South,United States,Florida,Furniture,Conference Table,1,775.88,0.156,654.84,49.67,26.9451,-80.5218,Standard Class,Consumer
DC-100722,3306,2015-03-17,Oceania,Australia,New South Wales,Furniture,Conference Table,3,431.18,0.056,1221.1,-108.19,-34.8066,152.0801,Standard Class,Consumer
DC-100723,2407,2016-03-27,Western Europe,France,Ile-de-France,Technology,Apple Smart Device,4,72.37,0.143,248.08,23.81,49.3134,4.8666,Same Day,Consumer
DC-100724,4059,2017-10-09,Northern Europe,United Kingdom,England,Sports & Outdoors,Running Shoes,3,194.84,0.212,460.6,-33.63,53.1454,-2.3381,First Class,Consumer
DC-100725,1021,2018-01-20,Central,United States,Texas,Office Supplies,Pen Set,3,488.1,0.184,1194.87,66.92,31.0565,-100.8001,Second Class,Corporate
DC-100726,3620,2016-09-13,Canada,Canada,Ontario,Technology,LED Monitor,3,717.02,0.051,2041.36,220.59,44.2465,-79.3335,Second Class,Corporate
DC-100727,1508,2015-07-19,Canada,Canada,Ontario,Office Supplies,Pen Set,5,753.2,0.088,3434.59,4.82,44.1602,-79.1206,First Class,Corporate
DC-100728,4290,2015-05-05,Oceania,Australia,New South Wales,Office Supplies,File Folder,2,167.45,0.212,263.9,31.83,-33.1865,152.3943,Second Class,Home Office
DC-100729,2785,2016-10-05,East,United States,New York,Office Supplies,Pen Set,5,876.79,0.023,4283.12,1145.07,42.1696,-75.8362,Standard Class,Corporate
DC-100730,5213,2015-08-17,Oceania,Australia,New South Wales,Office Supplies,Printer Paper,3,183.52,0.122,483.39,131.0,-34.9982,153.3439,Standard Class,Corporate
DC-100731,7745,2017-09-28,Western Europe,France,Ile-de-France,Sports & Outdoors,Sports Bag,3,618.75,0.261,1371.77,149.68,49.6627,4.0768,Second Class,Consumer
DC-100732,4303,2016-08-27,South,United States,Florida,Office Supplies,Notebook,4,625.91,0.158,2108.06,394.63,29.7772,-82.3257,Standard Class,Consumer
DC-100733,7086,2017-10-18,Western Europe,France,Ile-de-France,Furniture,Bookshelf,4,438.58,0.206,1392.93,97.94,48.1023,-1.6176,Standard Class,Consumer
DC-100734,6641,2015-08-27,South Asia,India,Maharashtra,Technology,Bluetooth Headset,4,286.23,0.24,870.14,-37.99,20.4743,75.9459,Standard Class,Consumer
DC-100735,4343,2017-07-16,Southeast Asia,Singapore,Singapore,Office Supplies,Notebook,5,787.55,0.206,3126.57,319.5,1.3731,103.1615,Same Day,Corporate
DC-100736,2851,2017-05-26,East,United States,New York,Technology,LED Monitor,2,415.75,0.122,730.06,72.61,42.6184,-75.1226,Standard Class,Consumer
DC-100737,6541,2016-05-22,Western Europe,France,Ile-de-France,Technology,Apple Smart Device,5,485.95,0.222,1890.35,-151.74,50.3296,-1.1468,First Class,Consumer
DC-100738,1352,2018-01-02,South,United States,Florida,Furniture,Storage Cabinet,1,816.73,0.108,728.52,33.18,27.2653,-79.6433,Second Class,Consumer
DC-100739,2446,2017-06-16,South,United States,Florida,Sports & Outdoors,Sports Bag,1,154.72,0.083,141.88,5.76,29.7597,-78.5977,First Class,Consumer
DC-100740,2448,2016-11-11,East,United States,New York,Technology,Wireless Keyboard,4,571.12,0.273,1660.82,85.61,43.3123,-74.9809,Standard Class,Corporate
DC-100741,3482,2015-07-29,South,United States,Florida,Technology,LED Monitor,4,678.95,0.132,2357.31,26.36,26.4181,-81.7125,Same Day,Consumer
DC-100742,3305,2015-01-19,South,United States,Florida,Technology,Apple Smart Device,1,536.59,0.0,536.59,146.77,27.8011,-82.3274,Second Class,Consumer
DC-100743,5754,2015-05-09,Western Europe,France,Ile-de-France,Technology,Laptop Computer,3,870.99,0.143,2239.32,46.75,49.3292,1.6064,Standard Class,Consumer
DC-100744,4137,2016-03-21,Oceania,Australia,New South Wales,Furniture,Bookshelf,3,637.31,0.115,1692.06,190.95,-33.1881,149.8561,First Class,Consumer
DC-100745,7361,2017-09-27,Central,United States,Texas,Furniture,Storage Cabinet,4,545.66,0.044,2086.6,447.95,31.4174,-99.4256,Standard Class,Corporate
DC-100746,7727,2016-04-13,West,United States,California,Technology,Bluetooth Headset,4,253.78,0.282,728.86,64.1,35.9349,-121.2884,Standard Class,Consumer
DC-100747,2051,2017-05-29,Western Europe,France,Ile-de-France,Office Supplies,Printer Paper,2,13.61,0.029,26.43,5.2,47.8069,2.7435,Second Class,Consumer
DC-100748,2979,2016-11-28,South Asia,India,Maharashtra,Sports & Outdoors,Camping Tent,1,376.13,0.002,375.38,-9.14,20.3879,74.9883,Standard Class,Corporate
DC-100749,2410,2015-07-26,South,United States,Florida,Technology,Wireless Keyboard,1,510.34,0.267,374.08,-10.79,26.7454,-80.1458,Same Day,Consumer
DC-100750,2364,2017-10-05,Southeast Asia,Singapore,Singapore,Technology,LED Monitor,4,202.38,0.124,709.14,-72.9,1.5599,103.0663,Second Class,Consumer
DC-100751,1028,2016-08-07,Northern Europe,United Kingdom,England,Technology,Wireless Keyboard,4,644.85,0.204,2053.2,-137.92,50.9551,-0.5203,First Class,Consumer
DC-100752,4262,2016-10-18,East,United States,New York,Technology,Bluetooth Headset,3,639.67,0.198,1539.05,428.78,42.2561,-72.476,First Class,Consumer
DC-100753,2042,2018-01-27,Southeast Asia,Singapore,Singapore,Sports & Outdoors,Mountain Bike,5,638.06,0.182,2609.67,93.75,1.7553,106.4133,Standard Class,Consumer
DC-100754,6021,2017-02-05,South,United States,Florida,Technology,Laptop Computer,5,541.02,0.214,2126.21,-95.87,25.2721,-79.904,Standard Class,Corporate
DC-100755,1496,2016-12-13,Canada,Canada,Ontario,Furniture,Bookshelf,2,644.43,0.168,1072.33,-54.1,43.1396,-80.7679,Second Class,Consumer
DC-100756,1315,2016-11-17,Central,United States,Texas,Technology,Wireless Keyboard,3,63.3,0.241,144.13,-14.83,30.6996,-100.4549,Second Class,Corporate
DC-100757,5599,2017-11-16,Canada,Canada,Ontario,Technology,Wireless Keyboard,1,690.39,0.293,488.11,101.7,44.7583,-77.7924,Second Class,Consumer
DC-100758,2340,2017-08-23,Western Europe,France,Ile-de-France,Technology,LED Monitor,2,504.38,0.086,922.01,-98.55,46.7952,1.769,Standard Class,Consumer
DC-100759,4351,2017-11-03,South,United States,Florida,Sports & Outdoors,Mountain Bike,4,848.8,0.003,3385.01,-6.7,27.764,-84.1194,First Class,Corporate
DC-100760,3103,2017-10-19,South,United States,Florida,Office Supplies,Printer Paper,1,483.45,0.291,342.77,-24.36,26.6719,-80.533,Standard Class,Home Office
DC-100761,7512,2015-08-03,Northern Europe,United Kingdom,England,Technology,LED Monitor,2,263.26,0.029,511.25,-36.63,52.6869,-3.0094,First Class,Consumer
DC-100762,4550,2015-11-23,East,United States,New York,Sports & Outdoors,Camping Tent,2,499.99,0.272,727.99,91.72,42.8368,-77.6151,Second Class,Consumer
DC-100763,2127,2017-06-28,Canada,Canada,Ontario,Sports & Outdoors,Sports Bag,2,27.85,0.231,42.83,0.11,43.899,-77.8619,Standard Class,Consumer
DC-100764,7940,2017-05-02,Oceania,Australia,New South Wales,Technology,Wireless Keyboard,4,772.96,0.032,2992.9,374.05,-34.0797,148.8952,First Class,Consumer
DC-100765,5708,2015-06-15,South,United States,Florida,Furniture,Conference Table,5,414.92,0.078,1912.78,411.9,25.4344,-81.7388,Standard Class,Corporate
DC-100766,5804,2017-08-22,South,United States,Florida,Technology,Wireless Keyboard,3,415.61,0.192,1007.44,222.27,26.9476,-80.1682,Standard Class,Corporate
DC-100767,2377,2016-11-22,East,United States,New York,Technology,LED Monitor,1,187.63,0.171,155.55,-14.34,43.187,-75.7945,Second Class,Consumer
DC-100768,4688,2015-09-21,Central,United States,Texas,Furniture,Wooden Desk,2,360.66,0.099,649.91,5.95,32.4263,-96.8442,Second Class,Corporate
DC-100769,4153,2016-09-20,Central,United States,Texas,Furniture,Office Chair,5,625.03,0.098,2818.89,613.57,30.2737,-100.9971,Standard Class,Corporate
DC-100770,7769,2015-07-12,Western Europe,France,Ile-de-France,Furniture,Bookshelf,4,398.4,0.072,1478.86,225.42,49.0428,2.4068,Second Class,Consumer
DC-100771,3616,2017-02-12,South,United States,Florida,Furniture,Office Chair,3,502.39,0.216,1181.62,26.24,25.1916,-82.1179,Second Class,Consumer
DC-100772,6057,2015-08-01,Western Europe,France,Ile-de-France,Office Supplies,Pen Set,4,45.45,0.299,127.44,-12.96,48.6735,1.2844,First Class,Consumer
DC-100773,7997,2016-11-04,Southeast Asia,Singapore,Singapore,Technology,Wireless Keyboard,4,552.39,0.11,1966.51,261.58,2.1258,102.5086,Standard Class,Consumer
DC-100774,2701,2015-06-02,Western Europe,France,Ile-de-France,Office Supplies,Pen Set,2,781.63,0.141,1342.84,225.32,47.759,4.542,Standard Class,Consumer
DC-100775,3764,2017-08-11,South,United States,Florida,Technology,Laptop Computer,3,655.57,0.29,1396.36,291.96,26.6597,-81.0844,Second Class,Corporate
DC-100776,1375,2017-11-08,Southeast Asia,Singapore,Singapore,Furniture,Conference Table,4,384.74,0.137,1328.12,17.4,1.0708,105.3845,First Class,Home Office
DC-100777,2022,2017-02-09,Southeast Asia,Singapore,Singapore,Office Supplies,File Folder,3,319.75,0.138,826.87,230.38,2.1331,104.1872,Standard Class,Corporate
DC-100778,1544,2016-02-09,Western Europe,France,Ile-de-France,Sports & Outdoors,Mountain Bike,2,373.89,0.037,720.11,82.25,50.2743,4.0708,Second Class,Corporate
DC-100779,6901,2015-08-10,Northern Europe,United Kingdom,England,Sports & Outdoors,Running Shoes,5,122.95,0.276,445.08,-26.1,51.668,0.0186,Second Class,Corporate
DC-100780,6792,2017-03-15,Western Europe,France,Ile-de-France,Sports & Outdoors,Running Shoes,5,507.6,0.169,2109.08,-18.12,48.7406,3.241,Second Class,Home Office
DC-100781,6321,2017-07-26,Oceania,Australia,New South Wales,Furniture,Bookshelf,4,293.79,0.009,1164.58,-123.9,-34.1547,151.1962,Standard Class,Home Office
DC-100782,2201,2017-12-16,East,United States,New York,Technology,Laptop Computer,3,179.55,0.212,424.46,35.09,43.3373,-73.8397,Standard Class,Consumer
DC-100783,6594,2015-10-20,Northern Europe,United Kingdom,England,Technology,Apple Smart Device,1,721.3,0.085,659.99,147.11,54.3335,-1.5668,Standard Class,Consumer
DC-100784,7382,2017-11-07,South Asia,India,Maharashtra,Office Supplies,Pen Set,5,401.55,0.065,1877.25,234.71,18.5494,74.2426,Standard Class,Consumer
DC-100785,6176,2015-12-01,Oceania,Australia,New South Wales,Office Supplies,Notebook,2,461.13,0.183,753.49,186.69,-35.0915,152.2056,Second Class,Consumer
DC-100786,1339,2015-08-05,Northern Europe,United Kingdom,England,Sports & Outdoors,Fitness Equipment,3,171.89,0.048,490.92,-45.01,51.5202,-1.078,Same Day,Corporate
DC-100787,1582,2016-10-18,Northern Europe,United Kingdom,England,Sports & Outdoors,Fitness Equipment,1,575.11,0.186,468.14,113.18,52.258,-1.3677,Standard Class,Consumer
DC-100788,1050,2018-01-11,Western Europe,France,Ile-de-France,Furniture,Wooden Desk,5,434.31,0.034,2097.72,99.41,50.5143,-1.0994,Standard Class,Consumer
DC-100789,7973,2018-01-10,Central,United States,Texas,Technology,Bluetooth Headset,4,486.16,0.027,1892.13,-217.38,30.6672,-99.7454,Standard Class,Corporate
DC-100790,2175,2016-10-30,Southeast Asia,Singapore,Singapore,Furniture,Wooden Desk,3,770.9,0.29,1642.02,243.94,1.0771,103.0789,Standard Class,Home Office
DC-100791,7518,2017-12-19,Oceania,Australia,New South Wales,Furniture,Wooden Desk,4,745.68,0.033,2884.29,432.02,-35.2073,152.3834,Standard Class,Consumer
DC-100792,6853,2017-09-27,East,United States,New York,Sports & Outdoors,Sports Bag,4,764.09,0.041,2931.05,-142.05,43.7433,-76.2954,Standard Class,Consumer
DC-100793,3271,2017-02-26,Southeast Asia,Singapore,Singapore,Furniture,Storage Cabinet,2,121.6,0.09,221.31,-23.68,1.9795,103.718,Standard Class,Consumer
DC-100794,5578,2016-03-02,Oceania,Australia,New South Wales,Furniture,Storage Cabinet,5,39.16,0.004,195.02,19.15,-32.6597,151.4424,First Class,Home Office
DC-100795,5980,2017-08-22,Central,United States,Texas,Technology,Laptop Computer,4,464.52,0.212,1464.17,41.12,29.9633,-97.5779,First Class,Consumer
DC-100796,4901,2016-01-23,Central,United States,Texas,Furniture,Storage Cabinet,5,780.23,0.018,3830.93,640.29,29.4682,-101.694,Standard Class,Consumer
DC-100797,4084,2015-04-18,Canada,Canada,Ontario,Technology,Apple Smart Device,3,81.9,0.183,200.74,8.48,44.861,-82.3818,Standard Class,Consumer
DC-100798,3953,2016-02-01,Northern Europe,United Kingdom,England,Technology,LED Monitor,1,557.26,0.037,536.64,88.37,50.3437,-2.7155,Standard Class,Consumer
DC-100799,3588,2017-02-19,South Asia,India,Maharashtra,Technology,LED Monitor,5,800.63,0.085,3662.88,546.75,21.2116,78.4662,Standard Class,Consumer
DC-100800,3110,2016-05-02,South,United States,Florida,Technology,Bluetooth Headset,1,825.15,0.204,656.82,-12.35,28.296,-80.4996,Second Class,Corporate
DC-100801,3471,2018-01-21,Western Europe,France,Ile-de-France,Technology,Laptop Computer,3,28.79,0.201,69.01,6.44,47.7999,3.9791,Standard Class,Consumer
DC-100802,2612,2016-04-16,Oceania,Australia,New South Wales,Technology,Bluetooth Headset,3,549.18,0.145,1408.65,-135.03,-34.0595,149.43,Standard Class,Corporate
DC-100803,5224,2016-02-19,South,United States,Florida,Office Supplies,Stapler,1,764.62,0.267,560.47,43.11,27.3292,-81.9443,Second Class,Corporate
DC-100804,2302,2016-04-14,East,United States,New York,Technology,Bluetooth Headset,5,265.91,0.126,1162.03,161.33,43.1751,-73.7898,Standard Class,Consumer
DC-100805,5302,2015-09-01,Canada,Canada,Ontario,Sports & Outdoors,Sports Bag,2,144.61,0.135,250.18,4.01,42.5984,-79.8382,Standard Class,Consumer
DC-100806,6013,2016-05-09,Canada,Canada,Ontario,Furniture,Conference Table,2,649.13,0.181,1063.27,250.04,44.6368,-78.7669,Standard Class,Consumer
DC-100807,3564,2017-02-24,West,United States,California,Technology,Laptop Computer,4,298.35,0.053,1130.15,162.46,36.9315,-120.0691,Same Day,Corporate
DC-100808,5080,2016-02-10,Oceania,Australia,New South Wales,Office Supplies,Pen Set,2,307.88,0.229,474.75,-53.25,-34.3639,149.8007,Same Day,Consumer
DC-100809,2892,2017-12-15,Oceania,Australia,New South Wales,Office Supplies,Printer Paper,4,474.93,0.24,1443.79,-118.75,-34.8044,149.6017,Standard Class,Consumer
DC-100810,1907,2016-03-11,Southeast Asia,Singapore,Singapore,Furniture,Storage Cabinet,1,427.02,0.232,327.95,-22.15,3.2325,106.6532,Standard Class,Consumer
DC-100811,1662,2017-11-17,Western Europe,France,Ile-de-France,Furniture,Bookshelf,5,618.37,0.28,2226.13,156.35,49.2149,2.6972,First Class,Consumer
DC-100812,1318,2016-04-22,Northern Europe,United Kingdom,England,Furniture,Office Chair,3,86.47,0.066,242.29,25.27,51.0621,-2.0901,Second Class,Consumer
DC-100813,4788,2016-08-16,Oceania,Australia,New South Wales,Furniture,Wooden Desk,3,755.11,0.108,2020.67,203.45,-35.2911,152.6991,First Class,Consumer
DC-100814,7653,2015-10-16,Oceania,Australia,New South Wales,Technology,Laptop Computer,5,135.21,0.132,586.81,70.83,-34.1389,149.9764,Standard Class,Consumer
DC-100815,3110,2017-06-21,Northern Europe,United Kingdom,England,Office Supplies,Printer Paper,5,167.0,0.176,688.04,104.34,51.9873,1.7328,Standard Class,Consumer
DC-100816,1300,2016-12-06,Southeast Asia,Singapore,Singapore,Technology,Apple Smart Device,1,535.6,0.063,501.86,32.77,-0.3627,102.4763,Same Day,Consumer
DC-100817,4528,2017-07-11,Western Europe,France,Ile-de-France,Sports & Outdoors,Fitness Equipment,1,689.23,0.036,664.42,29.03,49.4823,3.8804,Second Class,Corporate
DC-100818,3705,2016-09-24,Western Europe,France,Ile-de-France,Office Supplies,Notebook,1,97.43,0.212,76.77,19.59,48.0612,3.621,First Class,Consumer
DC-100819,3392,2015-06-30,Northern Europe,United Kingdom,England,Technology,Apple Smart Device,3,77.03,0.258,171.47,-2.71,53.7123,-0.8057,Standard Class,Home Office
DC-100820,6459,2015-03-28,Central,United States,Texas,Office Supplies,Stapler,1,13.8,0.169,11.47,-0.74,30.9751,-97.5976,Second Class,Home Office
DC-100821,1464,2016-08-18,Canada,Canada,Ontario,Sports & Outdoors,Running Shoes,4,514.02,0.2,1644.86,122.02,43.7698,-78.6589,Standard Class,Corporate
DC-100822,4065,2017-03-31,Central,United States,Texas,Furniture,Office Chair,2,860.11,0.032,1665.17,275.46,30.9964,-98.3875,Standard Class,Corporate
DC-100823,2003,2017-07-20,Canada,Canada,Ontario,Furniture,Wooden Desk,3,241.52,0.021,709.34,167.19,44.1288,-80.335,Same Day,Consumer
DC-100824,4304,2016-05-20,Central,United States,Texas,Furniture,Conference Table,4,839.06,0.112,2980.34,425.22,29.8354,-97.3412,Standard Class,Consumer
DC-100825,7019,2016-05-06,Oceania,Australia,New South Wales,Sports & Outdoors,Sports Bag,1,892.22,0.043,853.85,42.21,-33.2532,150.4445,Second Class,Home Office
DC-100826,6396,2017-05-09,Southeast Asia,Singapore,Singapore,Office Supplies,Printer Paper,4,80.97,0.064,303.15,57.15,0.2225,106.4398,Standard Class,Consumer
DC-100827,1633,2015-09-02,South,United States,Florida,Furniture,Wooden Desk,3,64.11,0.277,139.05,4.77,28.7883,-81.5872,Second Class,Corporate
DC-100828,2420,2017-02-25,Canada,Canada,Ontario,Furniture,Storage Cabinet,2,599.58,0.241,910.16,13.91,42.2303,-78.0901,First Class,Consumer
DC-100829,1341,2017-05-03,West,United States,California,Technology,Wireless Keyboard,3,415.84,0.008,1237.54,310.53,36.7723,-118.837,Second Class,Corporate
DC-100830,3850,2016-08-10,Canada,Canada,Ontario,Technology,Bluetooth Headset,5,418.83,0.13,1821.91,89.1,43.4792,-79.0825,First Class,Consumer
DC-100831,4863,2015-05-17,Central,United States,Texas,Furniture,Wooden Desk,1,842.37,0.241,639.36,88.97,31.6254,-98.2118,Standard Class,Corporate
DC-100832,5671,2017-11-08,Canada,Canada,Ontario,Furniture,Office Chair,4,714.93,0.264,2104.75,43.46,45.4522,-78.7363,Same Day,Consumer
DC-100833,2823,2015-08-25,Northern Europe,United Kingdom,England,Office Supplies,Stapler,4,851.35,0.291,2414.43,129.94,51.8916,-2.3222,Standard Class,Consumer
DC-100834,3833,2017-08-13,Northern Europe,United Kingdom,England,Technology,Laptop Computer,1,205.32,0.149,174.73,39.07,54.1434,-2.5253,Standard Class,Consumer
DC-100835,1992,2016-03-31,Northern Europe,United Kingdom,England,Office Supplies,File Folder,2,159.43,0.186,259.55,52.87,53.0543,-2.8035,Standard Class,Consumer
DC-100836,5492,2015-10-26,Oceania,Australia,New South Wales,Office Supplies,Stapler,5,167.08,0.063,782.77,29.88,-31.6899,152.4378,Standard Class,Consumer
DC-100837,3266,2016-12-28,Central,United States,Texas,Furniture,Bookshelf,3,227.21,0.141,585.52,-46.68,29.7675,-100.0073,First Class,Consumer
DC-100838,2218,2017-01-26,Oceania,Australia,New South Wales,Office Supplies,Stapler,4,232.33,0.17,771.34,206.35,-34.7371,149.3612,Standard Class,Corporate
DC-100839,3575,2015-12-06,West,United States,California,Furniture,Conference Table,3,21.55,0.009,64.07,5.48,36.9198,-116.9306,Standard Class,Consumer
DC-100840,1678,2015-06-06,West,United States,California,Furniture,Storage Cabinet,2,677.02,0.054,1280.92,-28.51,39.5514,-119.3475,Second Class,Corporate
DC-100841,2068,2015-09-30,Northern Europe,United Kingdom,England,Technology,Bluetooth Headset,3,373.51,0.181,917.71,17.12,51.9258,-1.23,Standard Class,Consumer
DC-100842,6936,2017-07-16,Central,United States,Texas,Office Supplies,Stapler,5,38.62,0.227,149.27,-11.72,32.9516,-99.1485,First Class,Consumer
DC-100843,7099,2015-02-18,South Asia,India,Maharashtra,Furniture,Bookshelf,5,759.49,0.167,3163.28,-209.16,20.8972,78.1205,Standard Class,Corporate
DC-100844,1156,2017-11-17,Northern Europe,United Kingdom,England,Technology,Bluetooth Headset,4,41.05,0.144,140.56,14.84,54.1892,-0.4245,Standard Class,Corporate
DC-100845,6662,2017-02-10,South,United States,Florida,Technology,Apple Smart Device,5,534.66,0.183,2184.09,347.17,29.7269,-80.4031,Standard Class,Consumer
DC-100846,4018,2015-07-03,South,United States,Florida,Technology,Laptop Computer,2,388.88,0.248,584.88,0.59,28.3921,-80.898,Same Day,Consumer
DC-100847,4107,2018-01-05,Southeast Asia,Singapore,Singapore,Sports & Outdoors,Fitness Equipment,4,845.96,0.146,2889.8,386.76,4.1154,101.0746,Standard Class,Consumer
DC-100848,3110,2017-05-05,Western Europe,France,Ile-de-France,Technology,Wireless Keyboard,5,510.87,0.115,2260.6,613.8,48.3155,2.2179,Standard Class,Corporate
DC-100849,2003,2017-04-28,Canada,Canada,Ontario,Sports & Outdoors,Camping Tent,5,185.34,0.021,907.24,126.86,44.2125,-77.7838,Standard Class,Consumer
DC-100850,4850,2017-08-11,Western Europe,France,Ile-de-France,Office Supplies,Pen Set,2,527.79,0.04,1013.36,238.92,49.1958,3.4074,Second Class,Consumer
DC-100851,6885,2015-10-26,Central,United States,Texas,Sports & Outdoors,Mountain Bike,3,592.02,0.082,1630.42,302.15,32.2152,-101.3603,Standard Class,Home Office
DC-100852,4377,2017-07-15,West,United States,California,Furniture,Office Chair,4,665.0,0.073,2465.82,504.68,37.7036,-119.0968,Second Class,Consumer
DC-100853,6475,2016-01-20,Oceania,Australia,New South Wales,Furniture,Conference Table,4,509.33,0.281,1464.83,281.55,-36.8496,150.1831,Second Class,Consumer
DC-100854,6465,2017-02-25,Canada,Canada,Ontario,Furniture,Office Chair,5,293.42,0.117,1295.45,304.03,44.7001,-79.9575,Standard Class,Consumer
DC-100855,2642,2018-01-30,Southeast Asia,Singapore,Singapore,Sports & Outdoors,Camping Tent,4,584.73,0.115,2069.94,-50.61,0.8117,103.7104,Standard Class,Consumer
DC-100856,3601,2015-02-21,Central,United States,Texas,Office Supplies,Notebook,4,870.43,0.027,3387.71,-269.92,31.9741,-101.1857,Second Class,Home Office
DC-100857,7577,2017-04-07,Northern Europe,United Kingdom,England,Technology,Bluetooth Headset,1,192.2,0.106,171.83,34.78,53.4749,-2.2868,Same Day,Corporate
DC-100858,7939,2017-05-09,West,United States,California,Technology,Wireless Keyboard,1,884.96,0.125,774.34,91.66,33.3562,-119.5501,Second Class,Corporate
DC-100859,3109,2016-07-28,Oceania,Australia,New South Wales,Furniture,Conference Table,3,843.02,0.281,1818.39,299.79,-34.1133,152.3774,First Class,Corporate
DC-100860,2911,2015-06-15,Oceania,Australia,New South Wales,Office Supplies,File Folder,2,371.03,0.025,723.51,38.05,-35.5237,150.7182,Standard Class,Corporate
DC-100861,3323,2015-09-08,Northern Europe,United Kingdom,England,Sports & Outdoors,Running Shoes,2,641.88,0.108,1145.11,146.67,52.4301,-0.9338,Second Class,Consumer
DC-100862,1713,2017-10-16,South,United States,Florida,Technology,Bluetooth Headset,3,216.89,0.146,555.67,11.68,27.5759,-82.1687,Standard Class,Corporate
DC-100863,2626,2016-12-02,East,United States,New York,Office Supplies,File Folder,1,160.53,0.163,134.36,-12.68,43.6171,-74.703,Second Class,Consumer
DC-100864,6267,2015-07-23,West,United States,California,Sports & Outdoors,Fitness Equipment,4,486.19,0.296,1369.11,197.16,35.1393,-117.1147,Standard Class,Consumer
DC-100865,7007,2017-10-18,South,United States,Florida,Furniture,Conference Table,5,378.79,0.214,1488.64,-58.18,28.5726,-83.0437,Standard Class,Corporate
DC-100866,3437,2016-05-01,Canada,Canada,Ontario,Technology,Apple Smart Device,4,241.53,0.165,806.71,48.07,43.3014,-77.7418,Second Class,Consumer
DC-100867,2978,2016-08-15,South,United States,Florida,Technology,Apple Smart Device,4,500.09,0.263,1474.27,-171.56,26.3617,-82.0593,Second Class,Consumer
DC-100868,6658,2016-07-12,Northern Europe,United Kingdom,England,Furniture,Storage Cabinet,4,175.25,0.111,623.19,61.64,52.6658,-0.9973,Standard Class,Consumer
DC-100869,7786,2015-07-14,Southeast Asia,Singapore,Singapore,Office Supplies,Notebook,1,752.4,0.178,618.47,57.73,1.0537,107.7586,Standard Class,Consumer
DC-100870,1137,2016-01-09,Canada,Canada,Ontario,Furniture,Conference Table,5,401.93,0.151,1706.19,413.35,43.7518,-77.8916,Second Class,Corporate
DC-100871,3925,2018-01-17,Southeast Asia,Singapore,Singapore,Office Supplies,File Folder,5,130.54,0.198,523.47,-27.47,2.5049,105.0267,First Class,Corporate
DC-100872,7478,2017-07-17,Western Europe,France,Ile-de-France,Technology,Wireless Keyboard,1,896.95,0.092,814.43,150.46,48.2044,3.2749,Standard Class,Corporate
DC-100873,7068,2017-04-13,Oceania,Australia,New South Wales,Furniture,Conference Table,1,487.53,0.027,474.37,17.18,-33.3697,152.1668,Second Class,Consumer
DC-100874,5882,2016-02-27,South,United States,Florida,Office Supplies,File Folder,5,340.27,0.152,1442.74,49.59,27.5624,-83.4854,Standard Class,Home Office
DC-100875,7901,2016-12-19,Central,United States,Texas,Office Supplies,File Folder,4,719.59,0.092,2613.55,-223.97,31.0479,-99.7301,Second Class,Corporate
DC-100876,7909,2016-05-08,South,United States,Florida,Sports & Outdoors,Camping Tent,4,732.63,0.19,2373.72,277.21,28.1984,-82.8843,Standard Class,Corporate
DC-100877,4247,2017-10-15,West,United States,California,Furniture,Office Chair,1,580.02,0.216,454.74,6.11,35.8296,-120.404,Standard Class,Consumer
DC-100878,7495,2015-01-14,Central,United States,Texas,Office Supplies,File Folder,2,642.9,0.276,930.92,156.86,30.2162,-100.8978,Standard Class,Consumer
DC-100879,3135,2016-07-24,South,United States,Florida,Furniture,Storage Cabinet,3,286.14,0.167,715.06,139.71,27.6759,-82.8511,Standard Class,Home Office
DC-100880,1858,2015-10-10,Central,United States,Texas,Office Supplies,File Folder,2,25.85,0.085,47.31,10.94,30.7872,-100.7228,Standard Class,Consumer
DC-100881,2674,2016-08-30,South,United States,Florida,Sports & Outdoors,Camping Tent,4,843.42,0.206,2678.7,710.13,28.617,-81.7236,Second Class,Corporate
DC-100882,4136,2017-02-24,Northern Europe,United Kingdom,England,Office Supplies,Notebook,2,269.92,0.128,470.74,100.89,51.9719,0.8276,Standard Class,Corporate
DC-100883,7186,2015-06-19,Northern Europe,United Kingdom,England,Technology,Laptop Computer,5,496.41,0.084,2273.56,577.65,53.1941,0.6361,Standard Class,Consumer
DC-100884,4724,2016-05-09,Canada,Canada,Ontario,Office Supplies,File Folder,1,578.23,0.272,420.95,-40.94,43.5236,-79.5828,Same Day,Consumer
DC-100885,6571,2018-01-17,Oceania,Australia,New South Wales,Sports & Outdoors,Fitness Equipment,4,278.77,0.174,921.06,192.26,-32.4447,153.1612,Same Day,Consumer
DC-100886,1817,2015-05-04,Canada,Canada,Ontario,Furniture,Storage Cabinet,3,809.71,0.018,2385.41,-185.74,44.3858,-80.2592,Standard Class,Consumer
DC-100887,2906,2017-12-11,West,United States,California,Furniture,Bookshelf,1,401.13,0.17,332.94,5.21,36.2899,-121.7305,Same Day,Corporate
DC-100888,5090,2016-06-16,South Asia,India,Maharashtra,Office Supplies,Printer Paper,1,518.6,0.069,482.82,18.1,21.0294,77.6227,Standard Class,Home Office
DC-100889,1381,2015-03-30,West,United States,California,Sports & Outdoors,Sports Bag,5,877.94,0.159,3691.74,980.97,36.6782,-122.5744,Standard Class,Consumer
DC-100890,2279,2016-09-10,Northern Europe,United Kingdom,England,Technology,Wireless Keyboard,3,499.43,0.152,1270.55,-143.7,50.671,-1.338,Second Class,Consumer
DC-100891,2450,2015-06-12,Oceania,Australia,New South Wales,Sports & Outdoors,Sports Bag,4,655.91,0.017,2579.04,-9.25,-33.912,150.1411,Standard Class,Corporate
DC-100892,1619,2015-02-04,Western Europe,France,Ile-de-France,Furniture,Conference Table,1,111.99,0.129,97.54,16.95,48.5172,-1.3788,Standard Class,Consumer
DC-100893,4585,2015-03-05,Southeast Asia,Singapore,Singapore,Technology,Wireless Keyboard,3,337.5,0.277,732.04,14.01,1.3121,103.1324,Second Class,Consumer
DC-100894,2073,2017-05-21,Southeast Asia,Singapore,Singapore,Furniture,Bookshelf,3,852.47,0.087,2334.92,306.1,-0.8467,103.21,First Class,Consumer
DC-100895,1239,2015-02-26,Western Europe,France,Ile-de-France,Office Supplies,Pen Set,4,58.0,0.272,168.9,19.53,50.8097,2.1614,Standard Class,Corporate
DC-100896,4457,2017-08-14,Northern Europe,United Kingdom,England,Sports & Outdoors,Fitness Equipment,2,317.76,0.229,489.99,32.13,53.2832,-1.9714,Second Class,Home Office
DC-100897,4908,2017-08-07,East,United States,New York,Office Supplies,Pen Set,1,207.29,0.215,162.72,36.69,41.1909,-77.3395,Standard Class,Consumer
DC-100898,1120,2016-07-18,East,United States,New York,Technology,Wireless Keyboard,1,138.62,0.209,109.65,19.19,42.7057,-74.2111,Second Class,Corporate
DC-100899,3127,2015-10-11,South,United States,Florida,Sports & Outdoors,Sports Bag,4,66.05,0.072,245.18,-13.92,28.8844,-79.3227,First Class,Consumer
DC-100900,3092,2016-03-13,Central,United States,Texas,Furniture,Wooden Desk,4,669.72,0.038,2577.08,680.96,29.7541,-98.9364,Second Class,Consumer
DC-100901,2004,2015-02-22,Central,United States,Texas,Sports & Outdoors,Mountain Bike,2,737.48,0.007,1464.64,199.5,32.8642,-103.242,Standard Class,Home Office
DC-100902,1587,2015-07-16,Central,United States,Texas,Technology,LED Monitor,4,401.5,0.106,1435.76,-102.25,30.5591,-101.0925,Second Class,Consumer
DC-100903,3928,2017-11-14,West,United States,California,Technology,Bluetooth Headset,1,415.11,0.207,329.18,75.32,38.2151,-116.7691,Standard Class,Corporate
DC-100904,3781,2016-10-09,Southeast Asia,Singapore,Singapore,Office Supplies,Printer Paper,1,771.2,0.168,641.64,127.78,2.6303,101.658,Second Class,Consumer
DC-100905,6671,2015-09-30,Southeast Asia,Singapore,Singapore,Sports & Outdoors,Sports Bag,4,291.72,0.201,932.34,143.68,3.1738,103.7096,Second Class,Consumer
DC-100906,7018,2016-04-19,South,United States,Florida,Sports & Outdoors,Mountain Bike,2,679.53,0.067,1268.0,196.33,28.3681,-80.8524,Standard Class,Consumer
DC-100907,2097,2017-12-14,West,United States,California,Office Supplies,Notebook,3,827.04,0.014,2446.38,185.02,37.4529,-117.658,Second Class,Corporate
DC-100908,5885,2016-04-17,West,United States,California,Technology,LED Monitor,3,895.72,0.018,2638.79,713.77,38.0651,-118.9601,Second Class,Consumer
DC-100909,5305,2017-03-03,Oceania,Australia,New South Wales,Sports & Outdoors,Camping Tent,3,58.09,0.136,150.57,23.38,-35.8199,154.0314,First Class,Home Office
DC-100910,1941,2017-07-03,Southeast Asia,Singapore,Singapore,Sports & Outdoors,Camping Tent,4,761.98,0.242,2310.32,-264.29,1.1649,103.3189,First Class,Home Office
DC-100911,4651,2015-02-17,South,United States,Florida,Technology,Bluetooth Headset,4,116.72,0.159,392.65,31.05,28.9465,-81.5087,Same Day,Consumer
DC-100912,6665,2017-06-19,South Asia,India,Maharashtra,Furniture,Office Chair,5,46.29,0.074,214.32,-10.26,19.4533,73.7934,Same Day,Corporate
DC-100913,5213,2016-05-10,South,United States,Florida,Office Supplies,File Folder,4,467.2,0.168,1554.84,64.04,28.9451,-82.7862,Standard Class,Consumer
DC-100914,4447,2016-02-23,Southeast Asia,Singapore,Singapore,Sports & Outdoors,Sports Bag,4,142.74,0.16,479.61,7.33,1.1491,104.0055,Second Class,Home Office
DC-100915,1342,2015-05-15,Oceania,Australia,New South Wales,Office Supplies,File Folder,1,517.78,0.022,506.39,129.52,-34.2179,153.4009,Standard Class,Consumer
DC-100916,4486,2015-09-24,Southeast Asia,Singapore,Singapore,Office Supplies,Notebook,3,727.69,0.238,1663.5,183.93,2.783,105.359,Second Class,Consumer
DC-100917,6261,2015-07-05,Western Europe,France,Ile-de-France,Office Supplies,Pen Set,5,245.44,0.116,1084.84,220.98,48.2885,-0.1471,First Class,Home Office
DC-100918,5236,2017-07-20,East,United States,New York,Technology,Laptop Computer,3,268.48,0.012,795.77,-40.63,43.2608,-74.7936,Standard Class,Consumer
DC-100919,7184,2015-04-09,West,United States,California,Technology,Laptop Computer,5,855.87,0.059,4026.87,953.31,36.4631,-120.0318,First Class,Corporate
DC-100920,6997,2015-11-28,West,United States,California,Technology,Apple Smart Device,2,255.96,0.205,406.98,106.43,36.238,-120.5052,First Class,Consumer
DC-100921,7868,2017-08-09,East,United States,New York,Office Supplies,Pen Set,5,521.91,0.152,2212.9,345.69,42.8508,-74.651,Second Class,Consumer
DC-100922,4395,2017-08-19,Central,United States,Texas,Technology,LED Monitor,5,545.55,0.24,2073.09,226.06,32.2692,-98.6182,Standard Class,Corporate
DC-100923,6809,2016-01-25,East,United States,New York,Sports & Outdoors,Mountain Bike,1,722.32,0.146,616.86,83.51,43.4979,-75.4086,Standard Class,Consumer
DC-100924,5535,2017-11-16,Oceania,Australia,New South Wales,Furniture,Wooden Desk,3,91.86,0.122,241.96,14.06,-32.3632,149.9202,First Class,Corporate
DC-100925,5612,2016-06-23,West,United States,California,Sports & Outdoors,Fitness Equipment,1,282.76,0.056,266.93,-18.42,36.9933,-121.2982,Standard Class,Consumer
DC-100926,3295,2017-08-26,East,United States,New York,Technology,Apple Smart Device,3,539.13,0.041,1551.08,354.22,42.2629,-74.7216,Standard Class,Consumer
DC-100927,6340,2015-11-25,Central,United States,Texas,Technology,Bluetooth Headset,4,465.04,0.112,1651.82,27.09,31.6765,-99.5044,First Class,Consumer
DC-100928,7773,2017-11-26,Northern Europe,United Kingdom,England,Office Supplies,Printer Paper,5,146.8,0.158,618.03,154.34,52.5367,-1.0512,First Class,Consumer
DC-100929,2069,2016-02-18,Southeast Asia,Singapore,Singapore,Furniture,Conference Table,4,503.5,0.066,1881.08,443.35,1.3144,101.9475,Standard Class,Consumer
DC-100930,2230,2016-03-08,West,United States,California,Office Supplies,Printer Paper,5,855.61,0.28,3080.2,97.23,37.4688,-121.429,Standard Class,Corporate
DC-100931,5556,2017-12-17,Oceania,Australia,New South Wales,Technology,LED Monitor,5,838.29,0.263,3089.1,516.39,-34.2979,149.5424,Second Class,Home Office
DC-100932,3868,2017-02-27,Central,United States,Texas,Technology,Apple Smart Device,4,179.5,0.194,578.71,124.52,28.8125,-98.9132,Standard Class,Consumer
DC-100933,1656,2015-08-19,West,United States,California,Furniture,Bookshelf,1,230.06,0.212,181.29,-17.26,37.3169,-120.1653,Second Class,Corporate
DC-100934,5739,2016-07-30,West,United States,California,Technology,Laptop Computer,1,862.36,0.245,651.08,-68.92,37.6377,-119.2316,Standard Class,Consumer
DC-100935,1938,2016-10-09,South Asia,India,Maharashtra,Technology,Wireless Keyboard,2,41.62,0.082,76.41,-3.25,19.1198,78.4244,Standard Class,Consumer
DC-100936,6945,2016-02-11,East,United States,New York,Office Supplies,Printer Paper,2,91.28,0.182,149.33,-8.65,43.1173,-73.9074,Standard Class,Corporate
DC-100937,2848,2017-02-11,Southeast Asia,Singapore,Singapore,Sports & Outdoors,Mountain Bike,2,61.78,0.219,96.5,11.33,2.6533,103.0762,Same Day,Corporate
DC-100938,5704,2017-11-22,Canada,Canada,Ontario,Sports & Outdoors,Camping Tent,4,782.75,0.086,2861.73,213.37,44.9804,-80.3522,Second Class,Consumer
DC-100939,1240,2017-12-06,West,United States,California,Sports & Outdoors,Mountain Bike,3,181.49,0.127,475.32,124.62,38.1995,-118.6476,First Class,Consumer
DC-100940,7474,2017-07-08,East,United States,New York,Technology,Bluetooth Headset,3,196.09,0.025,573.56,100.34,42.7165,-74.095,Standard Class,Consumer
DC-100941,4188,2016-06-03,Canada,Canada,Ontario,Furniture,Wooden Desk,5,476.57,0.046,2273.24,-196.93,42.6123,-77.2822,Second Class,Consumer
DC-100942,6773,2016-11-30,South Asia,India,Maharashtra,Technology,Wireless Keyboard,2,270.23,0.08,497.22,-29.53,20.3429,76.1072,Standard Class,Consumer
DC-100943,2530,2016-05-18,Central,United States,Texas,Technology,Bluetooth Headset,4,271.86,0.201,868.86,15.3,29.3971,-100.7485,Standard Class,Consumer
DC-100944,5704,2017-08-04,Western Europe,France,Ile-de-France,Technology,Bluetooth Headset,2,866.82,0.141,1489.2,278.84,49.3437,0.6559,Standard Class,Corporate
DC-100945,7825,2015-10-06,Southeast Asia,Singapore,Singapore,Technology,Wireless Keyboard,2,620.13,0.293,876.86,161.16,1.2184,101.7875,First Class,Consumer
DC-100946,5797,2015-03-21,Southeast Asia,Singapore,Singapore,Furniture,Office Chair,2,158.15,0.293,223.62,56.97,0.4566,102.9458,Standard Class,Corporate
DC-100947,7785,2017-05-18,West,United States,California,Technology,LED Monitor,3,455.44,0.212,1076.66,245.82,36.0295,-120.014,Second Class,Consumer
DC-100948,6256,2015-08-30,Central,United States,Texas,Office Supplies,Stapler,4,793.09,0.06,2982.02,804.71,31.3206,-101.4956,First Class,Home Office
DC-100949,4271,2015-06-05,Canada,Canada,Ontario,Technology,Apple Smart Device,3,716.29,0.278,1551.48,33.69,44.3865,-80.2745,Standard Class,Home Office
DC-100950,7288,2015-09-23,Western Europe,France,Ile-de-France,Office Supplies,Printer Paper,2,377.3,0.17,626.32,142.9,51.6827,-0.3055,Standard Class,Corporate
DC-100951,2949,2015-02-02,South Asia,India,Maharashtra,Furniture,Office Chair,3,179.62,0.124,472.04,46.94,19.3947,74.3359,First Class,Corporate
DC-100952,1908,2015-02-25,Southeast Asia,Singapore,Singapore,Sports & Outdoors,Camping Tent,2,824.47,0.175,1360.38,-42.38,1.0897,103.1926,Standard Class,Home Office
DC-100953,3890,2015-03-21,South,United States,Florida,Furniture,Bookshelf,5,668.28,0.086,3054.04,-123.81,28.1623,-83.0412,Second Class,Corporate
DC-100954,6571,2016-08-22,Southeast Asia,Singapore,Singapore,Technology,Apple Smart Device,4,647.47,0.072,2403.41,-78.51,2.2905,102.9906,Standard Class,Home Office
DC-100955,3678,2017-03-14,Canada,Canada,Ontario,Furniture,Conference Table,2,117.71,0.107,210.23,14.95,43.334,-80.4971,Standard Class,Corporate
DC-100956,1394,2015-08-03,Canada,Canada,Ontario,Office Supplies,Printer Paper,2,827.5,0.052,1568.94,50.14,43.944,-76.4163,Standard Class,Corporate
DC-100957,1098,2017-04-04,Western Europe,France,Ile-de-France,Office Supplies,Printer Paper,2,585.62,0.033,1132.59,220.23,49.2515,0.2956,Standard Class,Consumer
DC-100958,4492,2016-02-23,South,United States,Florida,Office Supplies,File Folder,1,133.44,0.161,111.96,-8.97,26.0889,-81.3331,Standard Class,Consumer
DC-100959,7626,2017-06-28,Southeast Asia,Singapore,Singapore,Furniture,Conference Table,2,135.35,0.051,256.89,-16.44,2.9089,103.6553,Second Class,Consumer
DC-100960,3520,2015-01-11,Western Europe,France,Ile-de-France,Sports & Outdoors,Sports Bag,2,541.26,0.051,1027.31,-23.28,49.4992,0.8928,Standard Class,Consumer
DC-100961,6744,2017-03-24,East,United States,New York,Technology,Laptop Computer,4,233.9,0.151,794.32,140.15,42.4671,-74.7233,Second Class,Consumer
DC-100962,5731,2017-12-31,South Asia,India,Maharashtra,Technology,LED Monitor,2,841.8,0.085,1540.49,-127.15,21.7829,74.0843,Standard Class,Consumer
DC-100963,1773,2015-02-20,Northern Europe,United Kingdom,England,Office Supplies,Notebook,2,489.38,0.245,738.96,-70.95,54.152,-3.4459,Second Class,Consumer
DC-100964,3200,2018-01-30,Southeast Asia,Singapore,Singapore,Office Supplies,Pen Set,4,523.0,0.247,1575.28,25.32,1.1458,103.534,Standard Class,Corporate
DC-100965,2955,2015-10-10,South,United States,Florida,Technology,Bluetooth Headset,2,195.27,0.13,339.77,52.42,26.7715,-81.1399,Standard Class,Consumer
DC-100966,4358,2015-11-30,Oceania,Australia,New South Wales,Furniture,Office Chair,4,166.76,0.185,543.64,39.76,-32.5659,150.0474,First Class,Consumer
DC-100967,2475,2016-06-13,South,United States,Florida,Technology,Bluetooth Headset,3,69.97,0.222,163.31,43.48,26.9246,-78.3006,Standard Class,Consumer
DC-100968,2768,2015-10-27,Oceania,Australia,New South Wales,Office Supplies,Notebook,3,860.54,0.222,2008.5,391.68,-34.8409,151.9439,First Class,Consumer
DC-100969,6052,2015-07-07,Central,United States,Texas,Technology,Wireless Keyboard,2,165.18,0.157,278.49,-0.36,30.4157,-98.6938,Standard Class,Consumer
DC-100970,1293,2015-11-16,East,United States,New York,Office Supplies,Pen Set,4,548.59,0.031,2126.33,521.04,42.7227,-76.9758,Standard Class,Consumer
DC-100971,7093,2016-11-13,South,United States,Florida,Sports & Outdoors,Running Shoes,4,674.53,0.114,2390.53,-205.65,29.1968,-82.706,Standard Class,Consumer
DC-100972,6160,2016-04-17,Oceania,Australia,New South Wales,Office Supplies,Printer Paper,4,342.52,0.026,1334.46,-60.54,-33.9503,150.272,First Class,Corporate
DC-100973,1606,2017-02-20,South Asia,India,Maharashtra,Furniture,Wooden Desk,3,38.49,0.26,85.45,3.46,17.2985,73.4084,Standard Class,Corporate
DC-100974,6277,2016-04-07,South,United States,Florida,Furniture,Wooden Desk,1,836.53,0.107,747.02,-45.68,28.1784,-80.6056,Second Class,Consumer
DC-100975,7734,2016-09-29,Southeast Asia,Singapore,Singapore,Technology,Laptop Computer,5,248.21,0.107,1108.26,103.32,-0.1599,105.389,Standard Class,Consumer
DC-100976,3689,2017-12-19,Southeast Asia,Singapore,Singapore,Technology,Bluetooth Headset,4,466.59,0.228,1440.83,271.82,2.155,104.5876,Standard Class,Consumer
DC-100977,2069,2016-09-05,West,United States,California,Technology,Wireless Keyboard,4,748.6,0.281,2152.97,260.43,37.8821,-119.9567,First Class,Corporate
DC-100978,2442,2015-02-23,East,United States,New York,Sports & Outdoors,Camping Tent,1,52.07,0.211,41.08,-2.6,44.1174,-75.1147,Standard Class,Home Office
DC-100979,4703,2015-04-18,Central,United States,Texas,Technology,Laptop Computer,5,177.68,0.258,659.19,94.36,31.9612,-102.195,First Class,Consumer
DC-100980,6247,2017-12-14,Canada,Canada,Ontario,Office Supplies,Pen Set,1,708.16,0.123,621.06,43.7,44.2207,-79.7011,Second Class,Consumer
DC-100981,6537,2015-04-30,Western Europe,France,Ile-de-France,Furniture,Wooden Desk,3,402.96,0.187,982.82,-96.6,47.9999,2.5425,Second Class,Corporate
DC-100982,4509,2017-05-08,Western Europe,France,Ile-de-France,Office Supplies,File Folder,4,416.44,0.14,1432.55,52.87,50.0283,4.4771,Standard Class,Consumer
DC-100983,1391,2017-10-23,East,United States,New York,Sports & Outdoors,Sports Bag,3,590.63,0.081,1628.37,181.76,45.3492,-75.0771,Second Class,Consumer
DC-100984,4802,2018-01-20,Central,United States,Texas,Technology,Laptop Computer,4,30.02,0.272,87.42,2.22,32.1426,-100.937,Second Class,Home Office
DC-100985,6458,2016-01-26,West,United States,California,Office Supplies,Printer Paper,5,394.53,0.14,1696.48,425.65,35.914,-120.6605,Second Class,Corporate
DC-100986,7107,2017-04-11,Oceania,Australia,New South Wales,Furniture,Conference Table,5,556.58,0.022,2721.68,201.61,-32.9709,151.5467,Second Class,Consumer
DC-100987,4138,2017-03-17,South Asia,India,Maharashtra,Sports & Outdoors,Camping Tent,3,379.17,0.204,905.46,35.13,20.3852,78.4387,Standard Class,Consumer
DC-100988,1842,2015-02-21,East,United States,New York,Sports & Outdoors,Running Shoes,2,206.39,0.236,315.36,-27.55,43.3255,-76.9964,Standard Class,Consumer
DC-100989,3638,2016-10-05,West,United States,California,Sports & Outdoors,Fitness Equipment,1,226.4,0.172,187.46,44.93,34.8669,-117.2531,Standard Class,Corporate
DC-100990,2674,2015-05-20,South Asia,India,Maharashtra,Sports & Outdoors,Sports Bag,5,894.31,0.235,3420.74,164.58,22.2307,74.7841,Second Class,Consumer
DC-100991,6169,2016-05-19,Central,United States,Texas,Technology,Bluetooth Headset,3,523.13,0.078,1446.98,213.64,28.7941,-101.0232,Standard Class,Consumer
DC-100992,2041,2015-11-28,South,United States,Florida,Office Supplies,Pen Set,3,89.28,0.247,201.68,18.36,28.9729,-81.4232,Second Class,Consumer
DC-100993,4629,2015-02-06,Northern Europe,United Kingdom,England,Office Supplies,Notebook,3,520.45,0.043,1494.21,20.0,52.1124,-1.3362,Standard Class,Corporate
DC-100994,2034,2017-10-13,Central,United States,Texas,Office Supplies,File Folder,1,381.49,0.277,275.82,40.5,32.6547,-100.774,Second Class,Home Office
DC-100995,3052,2018-01-12,West,United States,California,Sports & Outdoors,Sports Bag,4,197.07,0.076,728.37,114.98,36.0827,-119.2561,Second Class,Consumer
DC-100996,3897,2017-05-14,South Asia,India,Maharashtra,Office Supplies,File Folder,1,756.11,0.2,604.89,160.18,21.55,73.0268,Second Class,Corporate
DC-100997,6158,2016-03-21,Canada,Canada,Ontario,Sports & Outdoors,Mountain Bike,1,224.35,0.02,219.86,10.2,44.5098,-82.7596,Standard Class,Consumer
DC-100998,1483,2015-09-04,Western Europe,France,Ile-de-France,Technology,Wireless Keyboard,5,347.75,0.233,1333.62,-102.77,49.4997,3.0369,Standard Class,Home Office
DC-100999,3726,2015-02-26,Northern Europe,United Kingdom,England,Furniture,Conference Table,4,152.04,0.203,484.7,89.24,52.4257,1.4662,Standard Class,Consumer
DC-101000,4800,2017-07-23,South Asia,India,Maharashtra,Technology,Laptop Computer,2,117.69,0.064,220.32,50.21,19.861,76.8801,First Class,Home Office
DC-101001,2952,2015-01-28,Central,United States,Texas,Furniture,Wooden Desk,3,398.59,0.087,1091.74,195.52,32.0778,-101.9497,Standard Class,Consumer
DC-101002,7447,2016-02-22,Southeast Asia,Singapore,Singapore,Sports & Outdoors,Mountain Bike,1,248.74,0.201,198.74,51.2,3.2536,103.8914,Same Day,Consumer
DC-101003,3701,2017-05-23,South Asia,India,Maharashtra,Technology,Laptop Computer,1,860.93,0.218,673.25,-23.22,20.0029,76.4676,Second Class,Consumer
DC-101004,3336,2015-10-26,South Asia,India,Maharashtra,Office Supplies,File Folder,5,352.85,0.03,1711.32,-185.4,18.1337,74.6353,Second Class,Corporate
DC-101005,6626,2016-01-07,South,United States,Florida,Sports & Outdoors,Sports Bag,3,52.18,0.276,113.33,18.5,26.7339,-82.3319,Standard Class,Consumer
DC-101006,5204,2015-03-21,South,United States,Florida,Office Supplies,File Folder,2,720.0,0.103,1291.68,159.66,27.4723,-81.0272,Same Day,Corporate
DC-101007,1595,2017-07-20,West,United States,California,Sports & Outdoors,Running Shoes,1,299.88,0.289,213.21,38.77,39.7928,-120.4048,First Class,Home Office
DC-101008,2726,2016-01-28,Canada,Canada,Ontario,Furniture,Office Chair,4,518.22,0.009,2054.22,-159.98,42.8012,-77.3834,Standard Class,Corporate
DC-101009,3510,2015-11-30,South Asia,India,Maharashtra,Sports & Outdoors,Mountain Bike,2,509.34,0.206,808.83,124.07,18.6508,74.0599,Standard Class,Corporate
DC-101010,4071,2015-10-25,Southeast Asia,Singapore,Singapore,Furniture,Bookshelf,4,739.69,0.088,2698.39,237.68,1.7426,103.4403,Standard Class,Home Office
DC-101011,1391,2016-08-02,South,United States,Florida,Sports & Outdoors,Mountain Bike,2,857.19,0.073,1589.23,304.83,28.6875,-83.3911,Second Class,Consumer
DC-101012,7171,2015-10-14,Western Europe,France,Ile-de-France,Office Supplies,Printer Paper,4,109.42,0.252,327.38,-21.68,49.3993,5.2467,Second Class,Consumer
DC-101013,1133,2016-02-13,Canada,Canada,Ontario,Office Supplies,Pen Set,1,569.8,0.194,459.26,44.48,41.1372,-77.2172,Second Class,Consumer
DC-101014,4897,2016-10-31,Western Europe,France,Ile-de-France,Technology,Wireless Keyboard,5,536.97,0.063,2515.7,684.21,48.616,4.1697,Standard Class,Consumer
DC-101015,1392,2017-09-05,Central,United States,Texas,Office Supplies,Notebook,2,269.41,0.12,474.16,-28.22,32.2701,-101.3985,Standard Class,Corporate
DC-101016,2905,2017-12-21,Southeast Asia,Singapore,Singapore,Sports & Outdoors,Fitness Equipment,2,625.03,0.084,1145.05,-84.48,1.539,103.7106,First Class,Corporate
DC-101017,4574,2017-11-05,Southeast Asia,Singapore,Singapore,Technology,Apple Smart Device,5,587.41,0.025,2863.62,719.36,2.5976,102.9499,Standard Class,Home Office
DC-101018,7726,2017-10-19,Oceania,Australia,New South Wales,Furniture,Storage Cabinet,5,230.47,0.236,880.4,24.14,-33.368,151.5493,Second Class,Corporate
DC-101019,5134,2016-06-07,South Asia,India,Maharashtra,Sports & Outdoors,Sports Bag,1,269.13,0.017,264.55,27.68,21.0836,76.9472,Standard Class,Corporate
DC-101020,1005,2015-11-22,South,United States,Florida,Technology,LED Monitor,3,705.48,0.155,1788.39,166.94,29.4147,-78.6005,Second Class,Corporate
DC-101021,7555,2017-01-21,Canada,Canada,Ontario,Office Supplies,Printer Paper,1,891.12,0.015,877.75,81.8,44.1053,-78.955,Standard Class,Corporate
DC-101022,7297,2016-03-10,Southeast Asia,Singapore,Singapore,Sports & Outdoors,Camping Tent,3,223.99,0.224,521.45,-49.45,-0.7828,104.1223,Second Class,Consumer
DC-101023,6404,2016-07-20,Canada,Canada,Ontario,Technology,LED Monitor,5,724.51,0.201,2894.42,749.15,42.7847,-79.4236,Second Class,Consumer
DC-101024,7072,2015-09-23,Oceania,Australia,New South Wales,Technology,Apple Smart Device,4,285.58,0.245,862.45,-84.44,-33.2152,149.1849,Standard Class,Home Office
DC-101025,1285,2015-09-08,Western Europe,France,Ile-de-France,Office Supplies,Stapler,4,315.91,0.141,1085.47,-72.13,48.7157,3.0565,Standard Class,Corporate
DC-101026,5644,2016-05-28,Oceania,Australia,New South Wales,Office Supplies,File Folder,3,109.9,0.199,264.09,-9.16,-34.0673,152.3949,Standard Class,Home Office
DC-101027,3420,2017-05-17,Central,United States,Texas,Furniture,Office Chair,4,466.96,0.093,1694.13,173.12,30.0395,-100.8831,First Class,Consumer
DC-101028,4613,2016-10-25,Northern Europe,United Kingdom,England,Office Supplies,File Folder,3,158.93,0.171,395.26,67.36,52.3013,-1.4324,Second Class,Consumer
DC-101029,2612,2017-11-24,Oceania,Australia,New South Wales,Technology,Bluetooth Headset,1,386.06,0.16,324.29,-4.59,-34.9308,153.6191,Second Class,Corporate
DC-101030,2117,2016-01-08,West,United States,California,Technology,Bluetooth Headset,2,336.98,0.154,570.17,115.16,36.5548,-118.4021,Standard Class,Consumer
DC-101031,4886,2016-09-17,South,United States,Florida,Office Supplies,Notebook,3,786.92,0.027,2297.02,456.03,27.6623,-83.4909,Standard Class,Corporate
DC-101032,7906,2015-03-18,Northern Europe,United Kingdom,England,Furniture,Storage Cabinet,1,655.39,0.089,597.06,-3.31,54.3625,-1.6238,Same Day,Corporate
DC-101033,7287,2015-09-25,South Asia,India,Maharashtra,Furniture,Wooden Desk,5,138.37,0.066,646.19,-47.49,22.3696,75.4717,First Class,Corporate
DC-101034,1482,2017-08-19,West,United States,California,Furniture,Storage Cabinet,4,641.79,0.223,1994.68,241.62,35.5496,-120.2557,Standard Class,Home Office
DC-101035,4843,2017-01-24,South,United States,Florida,Technology,Wireless Keyboard,4,830.04,0.293,2347.35,-85.76,26.567,-80.7924,Standard Class,Consumer
DC-101036,2256,2016-06-13,Southeast Asia,Singapore,Singapore,Sports & Outdoors,Running Shoes,3,831.15,0.221,1942.4,508.89,2.977,105.8043,Standard Class,Consumer
DC-101037,3667,2016-05-23,Oceania,Australia,New South Wales,Furniture,Office Chair,4,523.53,0.097,1890.99,29.54,-34.3796,151.7755,Second Class,Consumer
DC-101038,4251,2015-02-23,Central,United States,Texas,Sports & Outdoors,Running Shoes,4,263.23,0.237,803.38,94.61,33.2334,-99.762,Standard Class,Consumer
DC-101039,1716,2015-12-03,Western Europe,France,Ile-de-France,Technology,LED Monitor,2,608.69,0.047,1160.16,233.79,48.6639,2.9967,Standard Class,Corporate
DC-101040,1674,2015-01-06,Canada,Canada,Ontario,Sports & Outdoors,Camping Tent,3,429.58,0.285,921.45,227.73,43.8761,-77.6256,Second Class,Consumer
DC-101041,7565,2017-08-20,Oceania,Australia,New South Wales,Furniture,Conference Table,5,302.57,0.154,1279.87,159.5,-36.0855,152.9245,Standard Class,Consumer
DC-101042,1852,2015-11-07,Western Europe,France,Ile-de-France,Office Supplies,Notebook,3,676.47,0.173,1678.32,459.11,50.0964,0.6677,Second Class,Home Office
DC-101043,5428,2015-02-12,East,United States,New York,Office Supplies,Pen Set,4,789.38,0.281,2270.26,515.86,44.3273,-75.9511,First Class,Corporate
DC-101044,1851,2015-08-01,Southeast Asia,Singapore,Singapore,Technology,Wireless Keyboard,3,15.65,0.118,41.41,0.45,2.794,103.2447,Standard Class,Consumer
DC-101045,7946,2015-12-27,Southeast Asia,Singapore,Singapore,Sports & Outdoors,Fitness Equipment,2,330.3,0.267,484.22,19.89,0.6289,106.0171,Standard Class,Consumer
DC-101046,1353,2017-01-18,Western Europe,France,Ile-de-France,Technology,Wireless Keyboard,5,474.45,0.124,2078.09,-42.39,49.7529,4.1866,Standard Class,Corporate
DC-101047,3262,2017-11-17,Western Europe,France,Ile-de-France,Office Supplies,Stapler,3,232.33,0.241,529.02,96.34,48.3654,1.5843,First Class,Consumer
DC-101048,5724,2016-01-18,Western Europe,France,Ile-de-France,Office Supplies,Stapler,1,620.76,0.025,605.24,58.19,51.0196,4.329,First Class,Consumer
DC-101049,1557,2015-09-24,East,United States,New York,Technology,Wireless Keyboard,1,506.14,0.018,497.03,50.17,43.8411,-73.5007,Second Class,Corporate
DC-101050,1550,2015-02-25,East,United States,New York,Sports & Outdoors,Camping Tent,5,585.62,0.148,2494.74,184.71,42.6235,-75.1156,Standard Class,Consumer
DC-101051,7047,2017-06-07,South,United States,Florida,Technology,Apple Smart Device,4,96.17,0.197,308.9,56.33,26.8364,-83.242,Standard Class,Consumer
DC-101052,3900,2015-05-17,Oceania,Australia,New South Wales,Furniture,Storage Cabinet,2,200.68,0.29,284.97,59.28,-35.3522,150.8117,Standard Class,Corporate
DC-101053,5209,2016-10-14,West,United States,California,Furniture,Conference Table,2,779.67,0.275,1130.52,214.43,37.3524,-120.1592,Standard Class,Consumer
DC-101054,6037,2017-06-14,South Asia,India,Maharashtra,Technology,Laptop Computer,2,824.45,0.22,1286.14,-0.81,19.9739,77.9887,Second Class,Home Office
DC-101055,1093,2016-03-31,East,United States,New York,Sports & Outdoors,Running Shoes,5,132.93,0.191,537.7,52.07,42.475,-75.6482,Second Class,Corporate
DC-101056,1931,2015-12-05,Northern Europe,United Kingdom,England,Furniture,Storage Cabinet,4,266.33,0.16,894.87,134.22,52.3829,0.2264,Second Class,Corporate
DC-101057,1666,2016-06-15,Canada,Canada,Ontario,Sports & Outdoors,Running Shoes,4,437.25,0.162,1465.66,-79.18,45.2275,-78.8169,Second Class,Consumer
DC-101058,3601,2017-07-19,Western Europe,France,Ile-de-France,Sports & Outdoors,Mountain Bike,5,399.25,0.037,1922.39,193.79,48.9058,5.3725,Standard Class,Corporate
DC-101059,7927,2016-11-07,Southeast Asia,Singapore,Singapore,Furniture,Conference Table,5,667.83,0.147,2848.29,-88.83,0.8795,101.5483,Second Class,Consumer
DC-101060,4615,2015-11-15,Western Europe,France,Ile-de-France,Office Supplies,File Folder,4,424.25,0.218,1327.05,-25.02,46.954,2.4398,First Class,Consumer
DC-101061,4616,2017-08-11,East,United States,New York,Office Supplies,Notebook,2,69.41,0.115,122.86,26.66,43.5281,-73.2856,Standard Class,Consumer
DC-101062,4558,2017-02-03,Central,United States,Texas,Sports & Outdoors,Fitness Equipment,5,531.77,0.079,2448.8,242.99,32.2778,-99.6521,Standard Class,Consumer
DC-101063,5391,2017-11-13,West,United States,California,Office Supplies,Notebook,4,48.47,0.016,190.78,-13.85,37.7966,-119.6591,Second Class,Consumer
DC-101064,2214,2016-11-04,West,United States,California,Office Supplies,Notebook,2,833.29,0.017,1638.25,225.63,37.1092,-121.0269,Second Class,Home Office
DC-101065,6998,2016-09-09,Central,United States,Texas,Office Supplies,Pen Set,5,282.31,0.131,1226.64,-44.23,31.5923,-99.8417,Standard Class,Corporate
DC-101066,4693,2015-08-10,Northern Europe,United Kingdom,England,Sports & Outdoors,Camping Tent,2,602.37,0.0,1204.74,-52.23,52.0794,-1.411,Standard Class,Consumer
DC-101067,7696,2016-11-29,South Asia,India,Maharashtra,Sports & Outdoors,Camping Tent,3,669.8,0.186,1635.65,53.27,22.7169,73.7343,Standard Class,Consumer
DC-101068,6301,2017-12-03,East,United States,New York,Furniture,Conference Table,3,312.97,0.059,883.51,-52.43,42.8206,-72.4247,Standard Class,Consumer
DC-101069,7525,2016-07-22,South Asia,India,Maharashtra,Technology,Bluetooth Headset,2,776.5,0.065,1452.06,163.84,20.3931,75.1264,Second Class,Corporate
DC-101070,2770,2015-07-05,South,United States,Florida,Technology,Laptop Computer,3,487.84,0.28,1053.73,0.38,28.7295,-79.9436,Second Class,Consumer
DC-101071,5149,2016-10-07,Northern Europe,United Kingdom,England,Technology,LED Monitor,5,600.9,0.129,2616.92,422.29,51.8237,2.2994,Standard Class,Home Office
DC-101072,1438,2017-09-19,South,United States,Florida,Office Supplies,File Folder,2,326.88,0.115,578.58,136.14,26.24,-79.3793,Standard Class,Consumer
DC-101073,3966,2015-12-19,Oceania,Australia,New South Wales,Sports & Outdoors,Sports Bag,3,512.79,0.137,1327.61,339.43,-34.4568,152.5705,Standard Class,Consumer
DC-101074,1533,2016-02-09,Southeast Asia,Singapore,Singapore,Furniture,Conference Table,1,577.28,0.185,470.48,106.37,2.1085,101.859,Standard Class,Corporate
DC-101075,7483,2017-03-04,South,United States,Florida,Furniture,Wooden Desk,4,273.59,0.279,789.03,-82.39,27.7392,-82.7023,Standard Class,Home Office
DC-101076,5485,2015-10-09,Northern Europe,United Kingdom,England,Sports & Outdoors,Camping Tent,2,214.43,0.164,358.53,83.54,52.2648,-1.3624,Standard Class,Home Office
DC-101077,1969,2018-01-17,Southeast Asia,Singapore,Singapore,Furniture,Office Chair,5,456.54,0.095,2065.84,-210.05,1.6257,103.3767,First Class,Consumer
DC-101078,6343,2016-04-06,Central,United States,Texas,Office Supplies,Pen Set,4,410.95,0.143,1408.74,98.88,34.2419,-100.3696,Standard Class,Consumer
DC-101079,6218,2017-01-09,South Asia,India,Maharashtra,Furniture,Wooden Desk,5,877.52,0.087,4005.88,-63.27,20.3027,73.7571,Standard Class,Home Office
DC-101080,2835,2016-09-13,East,United States,New York,Technology,LED Monitor,4,438.78,0.015,1728.79,-5.29,43.8385,-76.0207,Standard Class,Consumer
DC-101081,3721,2016-06-27,Northern Europe,United Kingdom,England,Office Supplies,File Folder,4,526.5,0.09,1916.46,-215.97,53.6138,-1.8707,Second Class,Home Office
DC-101082,7017,2017-04-16,East,United States,New York,Office Supplies,Notebook,1,276.31,0.091,251.17,12.51,41.3701,-72.938,Standard Class,Corporate
DC-101083,6257,2017-09-09,South,United States,Florida,Technology,Wireless Keyboard,2,234.89,0.078,433.14,-29.08,27.0577,-81.5709,Standard Class,Consumer
DC-101084,3468,2017-05-30,South Asia,India,Maharashtra,Furniture,Bookshelf,3,390.25,0.205,930.75,163.09,18.2375,75.4644,Standard Class,Consumer
DC-101085,7853,2017-05-23,West,United States,California,Office Supplies,Printer Paper,4,444.97,0.256,1324.23,-57.63,35.8194,-117.256,Standard Class,Consumer
DC-101086,3539,2016-05-02,West,United States,California,Technology,LED Monitor,3,184.34,0.164,462.32,111.2,34.7298,-121.2979,Same Day,Consumer
DC-101087,6611,2016-11-14,Central,United States,Texas,Furniture,Bookshelf,5,239.98,0.046,1144.7,278.52,28.4552,-99.1941,Standard Class,Consumer
DC-101088,2325,2015-08-31,Southeast Asia,Singapore,Singapore,Sports & Outdoors,Running Shoes,2,497.48,0.151,844.72,185.72,0.0454,104.304,Standard Class,Corporate
DC-101089,5626,2017-06-18,Northern Europe,United Kingdom,England,Technology,LED Monitor,2,825.27,0.085,1510.24,108.52,53.0676,-1.2709,Standard Class,Consumer
DC-101090,7630,2016-03-04,Oceania,Australia,New South Wales,Sports & Outdoors,Mountain Bike,3,818.98,0.171,2036.8,224.76,-34.9496,151.4393,Standard Class,Corporate
DC-101091,7485,2015-12-16,Northern Europe,United Kingdom,England,Office Supplies,Printer Paper,4,696.59,0.147,2376.77,663.0,55.2832,-3.5012,Second Class,Corporate
DC-101092,6495,2016-06-01,Northern Europe,United Kingdom,England,Furniture,Office Chair,2,296.18,0.118,522.46,90.92,52.1055,1.1709,First Class,Corporate
DC-101093,5557,2016-03-02,West,United States,California,Office Supplies,Pen Set,1,687.9,0.196,553.07,79.06,38.5524,-117.3351,Second Class,Corporate
DC-101094,6555,2016-05-16,East,United States,New York,Office Supplies,Stapler,5,476.06,0.026,2318.41,449.0,41.8797,-74.7924,Standard Class,Consumer
DC-101095,3979,2016-11-21,Canada,Canada,Ontario,Sports & Outdoors,Mountain Bike,1,569.8,0.155,481.48,31.46,43.9489,-77.4659,Second Class,Corporate
DC-101096,1980,2016-08-06,South Asia,India,Maharashtra,Technology,Laptop Computer,5,775.3,0.006,3853.24,85.93,19.863,75.6528,First Class,Consumer
DC-101097,3217,2016-09-19,Southeast Asia,Singapore,Singapore,Technology,LED Monitor,4,712.24,0.266,2091.14,-48.07,3.6577,105.0859,Standard Class,Consumer
DC-101098,6826,2015-08-26,South,United States,Florida,Office Supplies,File Folder,5,652.32,0.221,2540.79,246.98,27.4872,-84.1872,Standard Class,Corporate
DC-101099,4873,2015-11-11,Northern Europe,United Kingdom,England,Technology,Laptop Computer,2,54.8,0.038,105.44,24.89,51.6505,-0.7063,Second Class,Consumer
DC-101100,6023,2017-12-12,South Asia,India,Maharashtra,Furniture,Bookshelf,3,175.1,0.098,473.82,62.67,21.0581,74.9415,Standard Class,Consumer
DC-101101,4113,2017-11-22,East,United States,New York,Technology,Apple Smart Device,5,183.85,0.199,736.32,64.08,40.6388,-74.3475,Standard Class,Consumer
DC-101102,2453,2016-03-01,Northern Europe,United Kingdom,England,Office Supplies,File Folder,3,86.31,0.289,184.1,38.45,51.9228,-1.1542,Standard Class,Home Office
DC-101103,5424,2016-11-20,Central,United States,Texas,Office Supplies,Stapler,5,871.27,0.29,3093.01,644.2,31.6162,-99.7517,First Class,Consumer
DC-101104,4739,2016-10-19,Oceania,Australia,New South Wales,Technology,Apple Smart Device,2,463.08,0.202,739.08,-34.1,-34.3953,152.8003,Standard Class,Corporate
DC-101105,3594,2017-04-04,South Asia,India,Maharashtra,Sports & Outdoors,Camping Tent,3,820.48,0.226,1905.15,-202.58,18.0558,75.763,Standard Class,Consumer
DC-101106,4808,2017-02-17,South,United States,Florida,Technology,LED Monitor,2,717.92,0.247,1081.19,253.29,29.2517,-82.3147,Standard Class,Consumer
DC-101107,6201,2015-01-15,South Asia,India,Maharashtra,Furniture,Conference Table,2,150.37,0.063,281.79,-16.79,19.891,75.3392,Standard Class,Consumer
DC-101108,5174,2016-10-23,Northern Europe,United Kingdom,England,Furniture,Wooden Desk,3,317.38,0.196,765.52,157.94,54.7275,-0.1061,Second Class,Consumer
DC-101109,3040,2015-07-26,Central,United States,Texas,Sports & Outdoors,Mountain Bike,2,372.05,0.085,680.85,159.33,31.2455,-96.7952,Second Class,Consumer
DC-101110,1793,2016-11-13,South Asia,India,Maharashtra,Sports & Outdoors,Mountain Bike,1,143.05,0.088,130.46,-1.0,19.3679,74.0043,Standard Class,Consumer
DC-101111,7344,2016-12-14,West,United States,California,Technology,Bluetooth Headset,1,508.13,0.254,379.06,41.46,37.0681,-122.4499,Same Day,Corporate
DC-101112,6571,2016-10-30,Western Europe,France,Ile-de-France,Office Supplies,Printer Paper,2,264.22,0.011,522.63,97.53,47.6515,1.2003,Standard Class,Consumer
DC-101113,2993,2017-07-01,East,United States,New York,Sports & Outdoors,Fitness Equipment,1,607.55,0.143,520.67,83.68,44.3626,-74.9859,Standard Class,Corporate
DC-101114,5167,2017-06-12,Canada,Canada,Ontario,Office Supplies,Pen Set,5,891.02,0.26,3296.77,761.71,44.0741,-79.5009,Standard Class,Consumer
DC-101115,5851,2017-09-05,South,United States,Florida,Sports & Outdoors,Fitness Equipment,1,785.67,0.25,589.25,-25.48,26.9571,-81.8045,Standard Class,Consumer
DC-101116,2240,2016-01-13,South Asia,India,Maharashtra,Furniture,Wooden Desk,5,351.0,0.29,1246.05,93.88,20.5958,76.2818,Second Class,Home Office
DC-101117,3721,2015-04-06,Western Europe,France,Ile-de-France,Office Supplies,Printer Paper,1,659.45,0.223,512.39,115.4,51.0484,1.8006,Standard Class,Consumer
DC-101118,7967,2017-11-10,South Asia,India,Maharashtra,Technology,LED Monitor,2,761.49,0.178,1251.89,58.33,19.7205,77.2937,Standard Class,Corporate
DC-101119,6017,2015-01-05,Central,United States,Texas,Technology,Wireless Keyboard,2,792.68,0.042,1518.77,338.74,29.2874,-102.0717,Second Class,Consumer
DC-101120,1682,2016-05-11,Northern Europe,United Kingdom,England,Office Supplies,File Folder,4,876.88,0.174,2897.21,780.33,51.4176,-2.0674,Standard Class,Consumer
DC-101121,5478,2017-03-05,East,United States,New York,Furniture,Bookshelf,4,522.02,0.185,1701.79,129.73,43.6426,-74.3986,Second Class,Home Office
DC-101122,3878,2015-10-22,Central,United States,Texas,Technology,Apple Smart Device,1,645.73,0.272,470.09,37.14,32.8488,-100.0989,Second Class,Home Office
DC-101123,7166,2015-08-27,West,United States,California,Furniture,Conference Table,4,712.14,0.095,2577.95,468.11,35.6201,-118.3862,First Class,Corporate
DC-101124,3582,2016-12-17,West,United States,California,Office Supplies,Pen Set,2,274.35,0.136,474.08,130.6,37.3642,-118.0735,Standard Class,Corporate
DC-101125,4001,2016-07-30,Central,United States,Texas,Sports & Outdoors,Sports Bag,2,245.92,0.064,460.36,70.06,31.782,-100.7494,Standard Class,Home Office
DC-101126,2742,2017-11-17,West,United States,California,Office Supplies,Pen Set,2,447.53,0.217,700.83,-5.76,33.9952,-117.8167,Second Class,Consumer
DC-101127,4038,2017-03-18,Oceania,Australia,New South Wales,Furniture,Storage Cabinet,2,201.05,0.263,296.35,-16.54,-33.606,152.7883,Standard Class,Consumer
DC-101128,5436,2016-10-04,South Asia,India,Maharashtra,Technology,Laptop Computer,4,577.19,0.029,2241.81,248.74,22.9763,77.3998,Second Class,Home Office
DC-101129,3101,2016-01-04,Canada,Canada,Ontario,Sports & Outdoors,Running Shoes,1,503.31,0.138,433.85,79.49,44.8888,-78.0895,Standard Class,Home Office
DC-101130,2252,2015-08-12,Oceania,Australia,New South Wales,Furniture,Conference Table,4,491.01,0.06,1846.2,350.24,-31.6911,151.4569,Standard Class,Consumer
DC-101131,1065,2017-06-08,Western Europe,France,Ile-de-France,Furniture,Conference Table,5,686.03,0.029,3330.68,473.82,48.2823,3.8521,Standard Class,Home Office
DC-101132,2238,2015-10-31,West,United States,California,Furniture,Conference Table,3,359.34,0.144,922.79,-101.54,39.2658,-121.7503,Same Day,Consumer
DC-101133,3053,2016-01-26,Western Europe,France,Ile-de-France,Technology,Bluetooth Headset,2,356.99,0.227,551.91,45.75,48.9954,0.4196,Standard Class,Consumer
DC-101134,3184,2015-11-07,South,United States,Florida,Sports & Outdoors,Running Shoes,1,155.17,0.039,149.12,3.67,25.9328,-83.7244,Second Class,Corporate
DC-101135,6252,2015-07-07,Oceania,Australia,New South Wales,Office Supplies,Printer Paper,1,225.05,0.038,216.5,29.8,-34.7177,153.6642,Standard Class,Consumer
DC-101136,6367,2016-11-24,Canada,Canada,Ontario,Technology,Wireless Keyboard,4,774.74,0.242,2349.01,113.39,44.8105,-80.6798,Standard Class,Corporate
DC-101137,5957,2016-02-04,Central,United States,Texas,Office Supplies,Printer Paper,3,670.56,0.232,1544.97,-176.03,31.921,-99.9402,Standard Class,Corporate
DC-101138,1439,2017-02-16,Northern Europe,United Kingdom,England,Technology,Apple Smart Device,4,287.0,0.054,1086.01,10.09,50.8422,-2.6615,Standard Class,Consumer
DC-101139,2591,2015-01-31,Northern Europe,United Kingdom,England,Sports & Outdoors,Running Shoes,2,608.57,0.14,1046.74,-64.17,52.0646,-3.5582,First Class,Consumer
DC-101140,6162,2016-06-14,East,United States,New York,Technology,Wireless Keyboard,2,124.01,0.229,191.22,30.27,43.2233,-75.589,Second Class,Consumer
DC-101141,2547,2015-05-13,Southeast Asia,Singapore,Singapore,Furniture,Conference Table,5,592.45,0.111,2633.44,37.06,1.1591,105.3563,Standard Class,Consumer
DC-101142,3288,2015-03-07,Oceania,Australia,New South Wales,Technology,Bluetooth Headset,2,320.97,0.089,584.81,113.57,-34.8671,154.8754,First Class,Corporate
DC-101143,7866,2017-08-09,Canada,Canada,Ontario,Office Supplies,Printer Paper,2,874.63,0.282,1255.97,145.44,43.0991,-79.5346,Standard Class,Home Office
DC-101144,7921,2017-04-30,Central,United States,Texas,Office Supplies,Pen Set,1,144.53,0.149,123.0,9.98,31.5053,-100.5013,Standard Class,Consumer
DC-101145,4822,2015-09-12,South Asia,India,Maharashtra,Sports & Outdoors,Mountain Bike,3,261.31,0.238,597.35,4.49,20.7254,79.6353,Second Class,Consumer
DC-101146,1078,2017-02-24,East,United States,New York,Furniture,Bookshelf,5,824.4,0.143,3532.55,560.45,44.0235,-77.3149,Standard Class,Home Office
DC-101147,5774,2017-12-11,Oceania,Australia,New South Wales,Office Supplies,File Folder,1,212.43,0.14,182.69,25.57,-33.5284,147.108,Standard Class,Consumer
DC-101148,4197,2016-02-12,East,United States,New York,Furniture,Bookshelf,1,172.54,0.135,149.25,9.98,43.1955,-77.0652,Standard Class,Consumer
DC-101149,2684,2016-10-03,West,United States,California,Technology,Wireless Keyboard,2,743.31,0.258,1103.07,206.81,35.8964,-119.2903,Standard Class,Consumer
DC-101150,3529,2016-04-20,Western Europe,France,Ile-de-France,Technology,Laptop Computer,3,144.64,0.294,306.35,27.15,48.2587,-0.2634,Same Day,Corporate
DC-101151,4804,2016-02-25,West,United States,California,Sports & Outdoors,Fitness Equipment,5,850.07,0.059,3999.58,530.53,35.8733,-120.7598,Standard Class,Home Office
DC-101152,1319,2017-07-08,East,United States,New York,Office Supplies,Printer Paper,1,407.29,0.054,385.3,-27.5,40.7907,-74.4885,Second Class,Consumer
DC-101153,2377,2017-12-29,South Asia,India,Maharashtra,Sports & Outdoors,Mountain Bike,2,848.17,0.002,1692.95,348.42,18.2929,74.3171,Standard Class,Consumer
DC-101154,1777,2015-12-31,South Asia,India,Maharashtra,Technology,Bluetooth Headset,5,12.26,0.2,49.04,-4.91,16.707,74.154,First Class,Corporate
DC-101155,4843,2015-12-17,South Asia,India,Maharashtra,Sports & Outdoors,Mountain Bike,5,368.31,0.213,1449.3,-8.4,19.0542,73.9205,Standard Class,Consumer
DC-101156,6053,2017-09-05,Canada,Canada,Ontario,Office Supplies,Pen Set,4,445.76,0.298,1251.69,70.54,43.7802,-79.7886,Standard Class,Consumer
DC-101157,7561,2015-11-09,Oceania,Australia,New South Wales,Technology,Wireless Keyboard,2,366.46,0.015,721.93,-76.62,-32.2473,149.5604,Standard Class,Corporate
DC-101158,6727,2015-01-01,Western Europe,France,Ile-de-France,Office Supplies,File Folder,2,535.66,0.271,780.99,-87.55,49.5492,-0.0161,Second Class,Home Office
DC-101159,4527,2016-11-15,Northern Europe,United Kingdom,England,Sports & Outdoors,Mountain Bike,2,776.27,0.009,1538.57,60.58,53.1734,-2.6384,Standard Class,Consumer
DC-101160,1535,2016-06-22,East,United States,New York,Technology,LED Monitor,3,198.72,0.203,475.14,76.56,42.0978,-74.3737,Standard Class,Consumer
DC-101161,2916,2015-06-22,Oceania,Australia,New South Wales,Office Supplies,Printer Paper,3,829.54,0.277,1799.27,125.12,-34.0929,149.9558,Standard Class,Consumer
DC-101162,2639,2016-04-13,Western Europe,France,Ile-de-France,Furniture,Wooden Desk,4,198.48,0.061,745.49,9.75,49.3332,2.4252,Second Class,Home Office
DC-101163,6463,2017-03-12,West,United States,California,Office Supplies,Pen Set,4,41.61,0.135,143.97,12.85,34.3652,-119.6542,Standard Class,Consumer
DC-101164,7866,2016-06-07,West,United States,California,Technology,LED Monitor,3,753.52,0.2,1808.45,50.16,36.4696,-121.5725,First Class,Consumer
DC-101165,3047,2015-07-13,Southeast Asia,Singapore,Singapore,Office Supplies,Stapler,1,174.24,0.266,127.89,14.01,0.1891,102.2946,Second Class,Consumer
DC-101166,7930,2015-10-18,Oceania,Australia,New South Wales,Technology,Laptop Computer,4,317.16,0.177,1044.09,-57.97,-35.8902,150.2362,Standard Class,Consumer
DC-101167,1025,2016-11-12,Western Europe,France,Ile-de-France,Office Supplies,Stapler,4,107.68,0.095,389.8,53.95,49.4877,4.0263,Second Class,Corporate
DC-101168,2331,2017-01-19,Western Europe,France,Ile-de-France,Furniture,Wooden Desk,4,847.91,0.177,2791.32,371.21,46.898,1.9102,First Class,Consumer
DC-101169,4112,2016-08-31,West,United States,California,Office Supplies,Printer Paper,1,769.26,0.272,560.02,58.06,36.2215,-121.3145,Same Day,Corporate
DC-101170,5671,2015-09-25,South,United States,Florida,Office Supplies,Stapler,1,278.1,0.254,207.46,52.24,28.6568,-81.7877,Second Class,Corporate
DC-101171,5435,2016-10-18,Southeast Asia,Singapore,Singapore,Technology,Apple Smart Device,1,281.69,0.119,248.17,61.23,-0.0725,104.1223,Second Class,Consumer
DC-101172,2013,2017-08-29,Southeast Asia,Singapore,Singapore,Office Supplies,Printer Paper,1,669.84,0.147,571.37,-29.15,1.5352,102.6415,Standard Class,Consumer
DC-101173,4069,2016-09-16,Central,United States,Texas,Sports & Outdoors,Mountain Bike,5,437.37,0.075,2022.84,5.24,31.1677,-96.2107,Second Class,Consumer
DC-101174,7680,2015-09-29,Northern Europe,United Kingdom,England,Sports & Outdoors,Camping Tent,1,802.11,0.115,709.87,-48.48,52.1269,-1.0203,Second Class,Consumer
DC-101175,6039,2017-06-05,South Asia,India,Maharashtra,Technology,Laptop Computer,2,91.12,0.066,170.21,8.1,19.139,77.0198,Standard Class,Consumer
DC-101176,1739,2017-12-10,Northern Europe,United Kingdom,England,Office Supplies,Pen Set,1,732.1,0.28,527.11,-51.44,50.4498,-4.694,Same Day,Consumer
DC-101177,2172,2018-01-13,Northern Europe,United Kingdom,England,Furniture,Conference Table,5,518.57,0.286,1851.29,242.52,54.0964,-0.2602,Same Day,Consumer
DC-101178,6849,2016-08-12,East,United States,New York,Furniture,Bookshelf,4,444.13,0.144,1520.7,237.71,43.0613,-77.7404,Standard Class,Corporate
DC-101179,3357,2015-11-13,Northern Europe,United Kingdom,England,Furniture,Wooden Desk,2,510.73,0.026,994.9,91.54,53.3345,0.037,Standard Class,Consumer
DC-101180,5822,2016-04-07,Southeast Asia,Singapore,Singapore,Office Supplies,Printer Paper,5,448.1,0.235,1713.98,60.57,1.7613,102.9544,Standard Class,Consumer
DC-101181,7698,2016-04-13,Western Europe,France,Ile-de-France,Furniture,Office Chair,3,767.12,0.061,2160.98,-145.87,49.3663,1.7749,Standard Class,Home Office
DC-101182,1067,2016-02-23,Oceania,Australia,New South Wales,Technology,Bluetooth Headset,3,426.52,0.069,1191.27,48.58,-31.3989,154.3964,Standard Class,Corporate
DC-101183,6560,2016-09-04,South Asia,India,Maharashtra,Technology,Laptop Computer,3,232.13,0.231,535.52,-34.11,20.9493,77.5014,Second Class,Corporate
DC-101184,3480,2015-03-09,Canada,Canada,Ontario,Furniture,Office Chair,4,47.9,0.184,156.35,11.25,45.23,-77.5726,Standard Class,Consumer
DC-101185,6458,2015-08-18,South Asia,India,Maharashtra,Technology,Wireless Keyboard,4,103.25,0.08,379.96,17.52,21.1951,75.9731,Same Day,Consumer
DC-101186,7438,2018-01-05,Southeast Asia,Singapore,Singapore,Furniture,Storage Cabinet,4,733.2,0.224,2275.85,-105.88,0.0136,105.9059,Same Day,Consumer
DC-101187,3329,2016-05-31,South Asia,India,Maharashtra,Technology,LED Monitor,4,129.06,0.061,484.75,29.55,20.9127,74.6536,First Class,Consumer
DC-101188,2423,2015-04-07,West,United States,California,Furniture,Wooden Desk,3,822.51,0.194,1988.83,-21.4,36.7308,-120.1449,Second Class,Corporate
DC-101189,1995,2017-05-19,Oceania,Australia,New South Wales,Office Supplies,Notebook,2,63.79,0.216,100.02,14.49,-32.8407,151.533,Second Class,Consumer
DC-101190,4215,2017-05-04,Northern Europe,United Kingdom,England,Sports & Outdoors,Fitness Equipment,4,605.44,0.045,2312.78,-164.75,52.1764,-0.4302,Standard Class,Consumer
DC-101191,5591,2015-05-13,Oceania,Australia,New South Wales,Furniture,Office Chair,4,464.97,0.125,1627.39,-84.07,-32.5103,151.4951,Second Class,Consumer
DC-101192,1018,2015-05-08,Southeast Asia,Singapore,Singapore,Technology,Laptop Computer,5,160.61,0.066,750.05,-24.79,1.4237,102.5923,Second Class,Consumer
DC-101193,5606,2015-09-17,West,United States,California,Sports & Outdoors,Running Shoes,2,868.1,0.217,1359.44,61.78,35.7862,-119.987,Second Class,Corporate
DC-101194,1959,2017-11-25,Western Europe,France,Ile-de-France,Furniture,Office Chair,4,362.35,0.133,1256.63,99.14,50.2326,0.6395,Standard Class,Consumer
DC-101195,2649,2017-05-09,Western Europe,France,Ile-de-France,Sports & Outdoors,Mountain Bike,4,714.82,0.045,2730.61,-270.81,50.6088,0.0564,Standard Class,Consumer
DC-101196,7631,2016-03-31,Western Europe,France,Ile-de-France,Furniture,Bookshelf,2,712.09,0.186,1159.28,12.1,49.2398,2.1877,Standard Class,Corporate
DC-101197,1451,2017-05-19,West,United States,California,Technology,Laptop Computer,1,137.79,0.111,122.5,-6.34,33.8224,-120.6097,Second Class,Home Office
DC-101198,5088,2017-01-28,East,United States,New York,Furniture,Conference Table,4,546.66,0.148,1863.02,-107.94,42.8557,-77.3416,Same Day,Consumer
DC-101199,4835,2016-11-23,South,United States,Florida,Furniture,Bookshelf,5,311.06,0.117,1373.33,197.61,28.3945,-82.4171,Second Class,Home Office
DC-101200,3536,2015-08-21,South Asia,India,Maharashtra,Technology,Bluetooth Headset,4,578.04,0.214,1817.36,0.17,21.152,73.6652,First Class,Consumer
DC-101201,3679,2016-09-24,West,United States,California,Technology,Laptop Computer,4,119.96,0.063,449.61,-52.31,36.3697,-117.8746,Second Class,Consumer
DC-101202,7971,2015-09-28,South Asia,India,Maharashtra,Office Supplies,Printer Paper,1,617.32,0.183,504.35,-7.36,18.8551,75.2483,Standard Class,Consumer
DC-101203,7347,2015-04-13,Canada,Canada,Ontario,Sports & Outdoors,Mountain Bike,2,371.96,0.3,520.74,-26.72,41.3622,-78.7199,Standard Class,Consumer
DC-101204,2240,2015-03-21,South,United States,Florida,Furniture,Wooden Desk,3,169.78,0.156,429.88,14.93,26.3223,-79.025,Second Class,Home Office
DC-101205,2663,2016-09-26,South Asia,India,Maharashtra,Office Supplies,Printer Paper,2,379.36,0.082,696.5,85.64,21.5335,76.8013,Standard Class,Consumer
DC-101206,7348,2016-09-28,East,United States,New York,Technology,Wireless Keyboard,3,311.14,0.277,674.86,60.42,43.8673,-73.1459,Standard Class,Consumer
DC-101207,5262,2017-08-22,South,United States,Florida,Technology,Bluetooth Headset,1,43.59,0.193,35.18,9.49,26.1595,-79.7514,Standard Class,Consumer
DC-101208,2284,2016-08-13,East,United States,New York,Office Supplies,Printer Paper,5,206.75,0.104,926.24,205.68,42.456,-71.946,Standard Class,Consumer
DC-101209,6058,2017-02-06,East,United States,New York,Furniture,Wooden Desk,4,69.28,0.02,271.58,59.32,43.1346,-72.8546,Standard Class,Consumer
DC-101210,3507,2017-12-03,South,United States,Florida,Technology,Laptop Computer,2,273.3,0.099,492.49,60.05,27.3812,-81.9795,Second Class,Consumer
DC-101211,2375,2017-02-24,Southeast Asia,Singapore,Singapore,Office Supplies,File Folder,5,872.8,0.233,3347.19,261.17,1.7695,104.1541,Second Class,Consumer
DC-101212,1446,2015-05-27,South,United States,Florida,Sports & Outdoors,Fitness Equipment,1,351.25,0.057,331.23,91.41,27.29,-81.4764,Standard Class,Consumer
DC-101213,7835,2017-01-13,South Asia,India,Maharashtra,Technology,LED Monitor,4,804.57,0.038,3095.99,-150.16,18.2051,76.5373,Second Class,Corporate
DC-101214,5686,2018-01-24,Southeast Asia,Singapore,Singapore,Sports & Outdoors,Running Shoes,3,814.15,0.005,2430.24,436.08,2.9241,104.4065,Standard Class,Corporate
DC-101215,2801,2017-09-09,Central,United States,Texas,Technology,Apple Smart Device,2,495.35,0.155,837.14,14.82,29.4522,-103.6398,Standard Class,Consumer
DC-101216,3031,2015-02-15,Western Europe,France,Ile-de-France,Technology,Bluetooth Headset,5,49.54,0.108,220.95,-23.96,50.7459,-0.8763,Standard Class,Consumer
DC-101217,2137,2018-01-07,Northern Europe,United Kingdom,England,Furniture,Conference Table,4,57.19,0.173,189.18,-2.43,52.5031,-1.2836,Second Class,Corporate
DC-101218,7202,2016-11-03,South Asia,India,Maharashtra,Technology,Wireless Keyboard,2,94.73,0.125,165.78,45.66,18.8295,76.2608,Same Day,Home Office
DC-101219,7661,2016-08-11,East,United States,New York,Office Supplies,Pen Set,2,454.5,0.127,793.56,148.6,43.9827,-75.9804,Same Day,Consumer
DC-101220,5001,2015-06-22,Central,United States,Texas,Sports & Outdoors,Sports Bag,5,84.95,0.263,313.04,33.63,31.5865,-100.0643,Standard Class,Consumer
DC-101221,7261,2017-03-18,West,United States,California,Office Supplies,Printer Paper,4,697.14,0.278,2013.34,466.41,36.6746,-119.5568,Standard Class,Consumer
DC-101222,4622,2016-07-04,Oceania,Australia,New South Wales,Technology,LED Monitor,1,537.31,0.209,425.01,-47.83,-36.9836,150.154,Second Class,Corporate
DC-101223,6377,2016-09-25,Southeast Asia,Singapore,Singapore,Office Supplies,Stapler,4,226.5,0.212,713.93,171.04,1.578,104.032,Standard Class,Consumer
DC-101224,3715,2016-06-10,East,United States,New York,Sports & Outdoors,Sports Bag,2,399.93,0.027,778.26,128.87,40.3826,-73.4305,Standard Class,Consumer
DC-101225,2202,2015-06-29,Oceania,Australia,New South Wales,Furniture,Storage Cabinet,4,609.02,0.116,2153.49,474.35,-34.5283,146.559,Second Class,Home Office
DC-101226,1939,2016-08-03,South,United States,Florida,Furniture,Office Chair,1,725.08,0.172,600.37,-54.76,28.5532,-82.2872,Standard Class,Consumer
DC-101227,4514,2017-04-19,Central,United States,Texas,Office Supplies,File Folder,2,107.98,0.037,207.97,20.25,33.9278,-99.604,First Class,Home Office
DC-101228,2938,2017-04-18,Northern Europe,United Kingdom,England,Technology,Laptop Computer,5,193.11,0.152,818.79,96.85,51.8355,0.0186,Standard Class,Home Office
DC-101229,6145,2015-09-19,South,United States,Florida,Sports & Outdoors,Camping Tent,1,75.82,0.153,64.22,16.33,25.9449,-83.698,Standard Class,Consumer
DC-101230,3975,2015-01-11,Western Europe,France,Ile-de-France,Office Supplies,File Folder,4,368.1,0.298,1033.62,244.87,51.7382,4.8524,Standard Class,Consumer
DC-101231,1930,2016-10-26,Oceania,Australia,New South Wales,Furniture,Wooden Desk,1,499.96,0.261,369.47,-38.25,-35.2226,148.8814,Standard Class,Consumer
DC-101232,4820,2015-05-01,Southeast Asia,Singapore,Singapore,Sports & Outdoors,Mountain Bike,4,739.67,0.272,2153.92,-87.02,1.8812,104.7593,Standard Class,Consumer
DC-101233,5095,2017-06-30,Western Europe,France,Ile-de-France,Sports & Outdoors,Sports Bag,5,726.32,0.049,3453.65,-131.29,47.8342,0.6115,Second Class,Consumer
DC-101234,2748,2016-07-01,East,United States,New York,Furniture,Office Chair,1,815.35,0.215,640.05,-71.04,43.6643,-75.3933,Standard Class,Consumer
DC-101235,7655,2017-09-15,Canada,Canada,Ontario,Furniture,Wooden Desk,2,771.78,0.227,1193.17,68.89,43.0085,-78.2626,Standard Class,Consumer
DC-101236,5613,2017-05-30,South Asia,India,Maharashtra,Technology,Bluetooth Headset,2,315.97,0.184,515.66,-12.2,21.1142,75.4934,Same Day,Consumer
DC-101237,4412,2017-02-06,South,United States,Florida,Furniture,Conference Table,1,426.91,0.073,395.75,37.28,27.2647,-81.4814,Standard Class,Corporate
DC-101238,1037,2015-12-18,Central,United States,Texas,Sports & Outdoors,Sports Bag,2,691.99,0.011,1368.76,71.37,31.2789,-99.7926,First Class,Consumer
DC-101239,2053,2017-08-14,East,United States,New York,Sports & Outdoors,Mountain Bike,3,864.64,0.048,2469.41,-263.24,42.6029,-78.4954,Standard Class,Consumer
DC-101240,5065,2015-07-28,Canada,Canada,Ontario,Furniture,Bookshelf,3,281.13,0.073,781.82,183.73,44.4577,-80.0813,Standard Class,Corporate
DC-101241,5590,2017-02-20,Central,United States,Texas,Office Supplies,File Folder,3,565.6,0.178,1394.77,85.78,33.0679,-98.9479,First Class,Consumer
DC-101242,2452,2016-05-10,Oceania,Australia,New South Wales,Sports & Outdoors,Running Shoes,3,493.76,0.157,1248.72,296.01,-33.6918,152.347,Standard Class,Consumer
DC-101243,3365,2016-08-29,Western Europe,France,Ile-de-France,Sports & Outdoors,Sports Bag,4,891.81,0.149,3035.72,183.15,49.7219,3.0221,Second Class,Consumer
DC-101244,3765,2016-08-23,Central,United States,Texas,Technology,Laptop Computer,4,227.14,0.157,765.92,80.78,31.0126,-98.4477,Standard Class,Consumer
DC-101245,4729,2017-02-20,South,United States,Florida,Technology,LED Monitor,3,92.24,0.245,208.92,-12.64,28.7915,-79.5224,Standard Class,Consumer
DC-101246,6011,2017-12-27,Northern Europe,United Kingdom,England,Furniture,Wooden Desk,4,520.14,0.087,1899.55,388.12,52.98,-1.0645,Standard Class,Consumer
DC-101247,1558,2018-01-05,South,United States,Florida,Sports & Outdoors,Fitness Equipment,1,710.85,0.081,653.27,159.87,30.8723,-79.1593,Standard Class,Corporate
DC-101248,6293,2017-12-07,Western Europe,France,Ile-de-France,Sports & Outdoors,Fitness Equipment,2,755.64,0.19,1224.14,51.99,47.8148,3.3844,Second Class,Consumer
DC-101249,3975,2017-11-06,Oceania,Australia,New South Wales,Technology,Bluetooth Headset,4,76.36,0.246,230.3,52.69,-34.5765,151.6679,Standard Class,Consumer
DC-101250,7091,2017-10-14,Southeast Asia,Singapore,Singapore,Sports & Outdoors,Sports Bag,1,750.44,0.178,616.86,74.29,1.4084,101.4938,Standard Class,Corporate
DC-101251,3555,2015-08-08,Northern Europe,United Kingdom,England,Office Supplies,Pen Set,4,601.59,0.252,1799.96,202.35,50.8974,0.5508,First Class,Consumer
DC-101252,2191,2017-03-24,Canada,Canada,Ontario,Technology,LED Monitor,2,188.31,0.038,362.31,-19.47,44.4151,-76.6866,Second Class,Consumer
DC-101253,5173,2017-12-21,Canada,Canada,Ontario,Sports & Outdoors,Running Shoes,3,259.25,0.145,664.98,21.67,46.4577,-78.7802,Standard Class,Corporate
DC-101254,6812,2016-10-18,Northern Europe,United Kingdom,England,Technology,Bluetooth Headset,2,737.28,0.068,1374.29,147.3,54.7183,-2.8339,Second Class,Consumer
DC-101255,4274,2016-04-29,South Asia,India,Maharashtra,Sports & Outdoors,Camping Tent,1,733.17,0.161,615.13,21.06,19.9963,77.0941,Standard Class,Consumer
DC-101256,6105,2016-10-01,South,United States,Florida,Technology,Laptop Computer,5,528.86,0.192,2136.59,-116.92,26.868,-80.0432,Standard Class,Consumer
DC-101257,3871,2017-10-12,Central,United States,Texas,Technology,Apple Smart Device,1,201.42,0.246,151.87,19.94,30.2426,-101.6652,First Class,Consumer
DC-101258,4643,2017-05-17,Central,United States,Texas,Office Supplies,Stapler,2,196.31,0.101,352.97,67.44,32.9058,-98.6378,Standard Class,Consumer
DC-101259,5181,2015-07-23,East,United States,New York,Furniture,Bookshelf,2,435.62,0.224,676.08,158.32,43.1935,-76.549,Second Class,Consumer
DC-101260,2441,2017-07-18,South Asia,India,Maharashtra,Office Supplies,Stapler,3,232.08,0.067,649.59,16.42,19.5034,77.651,Standard Class,Consumer
DC-101261,6702,2015-06-05,South Asia,India,Maharashtra,Technology,Apple Smart Device,3,440.48,0.26,977.87,-41.14,19.6141,73.8072,Standard Class,Home Office
DC-101262,6089,2015-10-08,Central,United States,Texas,Sports & Outdoors,Sports Bag,4,610.74,0.101,2196.22,283.3,32.7713,-100.8399,Second Class,Consumer
DC-101263,7878,2016-09-23,South Asia,India,Maharashtra,Technology,Apple Smart Device,4,580.98,0.182,1900.97,167.39,19.2392,75.2244,First Class,Consumer
DC-101264,6357,2017-02-10,South Asia,India,Maharashtra,Office Supplies,File Folder,4,715.23,0.154,2420.34,433.42,20.5432,76.579,First Class,Home Office
DC-101265,4989,2015-04-30,Western Europe,France,Ile-de-France,Technology,Laptop Computer,1,50.63,0.092,45.97,8.12,49.4701,2.7783,Standard Class,Corporate
DC-101266,1870,2017-11-16,South Asia,India,Maharashtra,Sports & Outdoors,Running Shoes,5,186.04,0.121,817.65,37.45,18.03,76.7069,Second Class,Corporate
DC-101267,5335,2015-04-19,Canada,Canada,Ontario,Technology,LED Monitor,4,14.7,0.258,43.63,0.4,44.5178,-82.3554,Standard Class,Consumer
DC-101268,6149,2016-01-14,South,United States,Florida,Furniture,Office Chair,5,339.23,0.249,1273.81,-121.45,28.556,-83.5267,Standard Class,Consumer
DC-101269,4714,2017-04-14,Northern Europe,United Kingdom,England,Technology,Laptop Computer,2,869.75,0.037,1675.14,-166.02,52.0447,-0.6544,First Class,Home Office
DC-101270,3054,2017-07-30,Oceania,Australia,New South Wales,Technology,Bluetooth Headset,1,688.6,0.203,548.81,-41.18,-34.5791,151.4307,First Class,Consumer
DC-101271,3973,2017-03-24,South Asia,India,Maharashtra,Office Supplies,Stapler,3,447.41,0.281,965.06,126.58,20.0426,75.623,Standard Class,Corporate
DC-101272,6346,2017-02-04,East,United States,New York,Furniture,Bookshelf,4,128.87,0.094,467.02,35.96,43.722,-75.137,Standard Class,Home Office
DC-101273,3121,2017-07-02,Southeast Asia,Singapore,Singapore,Office Supplies,Notebook,5,778.25,0.162,3260.87,510.47,-0.3947,102.5661,Standard Class,Corporate
DC-101274,1590,2015-01-27,Western Europe,France,Ile-de-France,Office Supplies,Pen Set,1,186.56,0.236,142.53,30.8,46.9881,4.3125,First Class,Consumer
DC-101275,5391,2016-08-05,Canada,Canada,Ontario,Office Supplies,Pen Set,2,154.18,0.161,258.71,-5.15,41.9379,-78.6993,Standard Class,Corporate
DC-101276,7737,2015-01-12,Central,United States,Texas,Technology,Laptop Computer,5,687.56,0.267,2519.91,42.3,30.9858,-101.6316,Second Class,Corporate
DC-101277,5201,2017-08-05,Oceania,Australia,New South Wales,Technology,Bluetooth Headset,5,418.56,0.196,1682.61,-195.75,-35.3038,150.4122,Standard Class,Corporate
DC-101278,1574,2015-07-18,Southeast Asia,Singapore,Singapore,Technology,Bluetooth Headset,4,42.42,0.225,131.5,-7.81,2.673,104.6215,Standard Class,Consumer
DC-101279,2915,2017-12-16,South Asia,India,Maharashtra,Technology,Bluetooth Headset,2,288.38,0.122,506.4,33.42,17.9205,76.2198,Second Class,Corporate
DC-101280,1354,2016-07-16,Canada,Canada,Ontario,Office Supplies,Printer Paper,5,697.6,0.29,2476.48,567.26,43.3965,-75.8107,Second Class,Consumer
DC-101281,2099,2015-10-02,East,United States,New York,Office Supplies,Pen Set,4,184.35,0.069,686.52,10.63,45.7494,-75.4523,Standard Class,Corporate
DC-101282,3744,2016-01-06,Central,United States,Texas,Sports & Outdoors,Running Shoes,1,295.52,0.176,243.51,62.28,32.2014,-98.8898,Standard Class,Consumer
DC-101283,1464,2017-04-30,Canada,Canada,Ontario,Sports & Outdoors,Fitness Equipment,1,682.05,0.296,480.16,36.39,45.1067,-77.0196,Standard Class,Corporate
DC-101284,2815,2015-07-11,South Asia,India,Maharashtra,Sports & Outdoors,Sports Bag,3,486.25,0.079,1343.51,-115.08,19.6812,74.7715,Standard Class,Consumer
DC-101285,7211,2015-06-21,East,United States,New York,Technology,Apple Smart Device,4,32.12,0.03,124.63,2.37,42.574,-75.4703,First Class,Consumer
DC-101286,4234,2015-10-10,Southeast Asia,Singapore,Singapore,Sports & Outdoors,Running Shoes,2,308.99,0.164,516.63,44.56,0.6385,103.8796,Standard Class,Corporate
DC-101287,5571,2017-01-18,Canada,Canada,Ontario,Office Supplies,File Folder,1,789.22,0.227,610.07,60.68,44.9343,-81.0863,Standard Class,Consumer
DC-101288,2512,2015-07-22,East,United States,New York,Technology,Wireless Keyboard,2,570.55,0.265,838.71,-96.22,44.2492,-72.9513,Second Class,Consumer
DC-101289,3387,2015-11-22,East,United States,New York,Sports & Outdoors,Fitness Equipment,5,479.36,0.282,1720.9,369.16,42.1076,-71.8089,First Class,Consumer
DC-101290,4695,2017-08-07,Canada,Canada,Ontario,Furniture,Bookshelf,5,432.4,0.29,1535.02,-158.77,44.5096,-77.9083,Standard Class,Consumer
DC-101291,1172,2017-09-18,Northern Europe,United Kingdom,England,Furniture,Storage Cabinet,2,401.41,0.011,793.99,46.89,54.21,-2.0582,Standard Class,Consumer
DC-101292,3908,2015-06-18,Western Europe,France,Ile-de-France,Technology,Apple Smart Device,5,71.9,0.132,312.05,-8.84,47.1602,1.4534,First Class,Consumer
DC-101293,2835,2016-09-10,Oceania,Australia,New South Wales,Technology,Apple Smart Device,2,517.99,0.19,839.14,-36.11,-32.2906,152.0992,Second Class,Consumer
DC-101294,2647,2015-12-10,Southeast Asia,Singapore,Singapore,Furniture,Storage Cabinet,5,777.54,0.109,3463.94,807.1,1.652,104.3713,First Class,Consumer
DC-101295,3049,2015-11-27,South Asia,India,Maharashtra,Technology,LED Monitor,5,390.87,0.213,1538.07,-166.36,18.1981,74.9859,First Class,Corporate
DC-101296,5250,2017-09-22,Northern Europe,United Kingdom,England,Office Supplies,Printer Paper,1,385.4,0.124,337.61,5.37,52.2487,1.5908,Standard Class,Corporate
DC-101297,6321,2017-01-05,Western Europe,France,Ile-de-France,Office Supplies,Pen Set,1,242.65,0.188,197.03,43.83,48.605,2.7219,Second Class,Consumer
DC-101298,5425,2016-02-18,Central,United States,Texas,Technology,Wireless Keyboard,2,655.16,0.295,923.78,-83.88,30.6564,-100.3117,Standard Class,Consumer
DC-101299,5979,2016-08-26,Oceania,Australia,New South Wales,Furniture,Wooden Desk,3,161.75,0.27,354.23,24.8,-32.3981,152.773,Standard Class,Home Office
DC-101300,5433,2015-12-16,East,United States,New York,Office Supplies,File Folder,3,392.24,0.054,1113.18,-35.89,41.9306,-74.1084,Second Class,Consumer
DC-101301,1748,2016-08-23,South,United States,Florida,Sports & Outdoors,Mountain Bike,5,227.25,0.259,841.96,-99.11,28.1049,-84.6628,Standard Class,Corporate
DC-101302,2826,2016-04-10,Northern Europe,United Kingdom,England,Furniture,Bookshelf,4,276.4,0.24,840.26,28.09,53.2271,2.0495,Standard Class,Consumer
DC-101303,6876,2015-08-01,Central,United States,Texas,Office Supplies,Notebook,3,856.16,0.059,2416.94,502.95,29.1848,-101.935,Second Class,Consumer
DC-101304,4973,2016-12-30,South Asia,India,Maharashtra,Furniture,Conference Table,1,276.96,0.238,211.04,20.59,17.1116,75.9215,Standard Class,Corporate
DC-101305,6028,2015-09-30,Oceania,Australia,New South Wales,Furniture,Conference Table,2,281.09,0.257,417.7,30.51,-33.1188,150.9374,Standard Class,Corporate
DC-101306,3597,2017-01-25,Southeast Asia,Singapore,Singapore,Office Supplies,Notebook,2,192.43,0.095,348.3,-3.48,2.9968,101.1318,First Class,Consumer
DC-101307,2455,2016-11-02,Central,United States,Texas,Technology,Wireless Keyboard,2,344.09,0.039,661.34,179.7,31.8597,-98.6412,Same Day,Home Office
DC-101308,7185,2017-08-13,Oceania,Australia,New South Wales,Furniture,Wooden Desk,5,96.47,0.129,420.13,111.85,-33.52,151.5849,Second Class,Corporate
DC-101309,3981,2016-06-06,Northern Europe,United Kingdom,England,Technology,Bluetooth Headset,4,440.43,0.194,1419.95,307.44,52.2697,-2.3357,Standard Class,Home Office
DC-101310,1790,2016-10-18,Southeast Asia,Singapore,Singapore,Sports & Outdoors,Sports Bag,4,50.8,0.058,191.41,-22.56,2.1827,103.8868,Standard Class,Consumer
DC-101311,1551,2015-03-29,East,United States,New York,Office Supplies,Stapler,2,171.68,0.093,311.43,-9.9,43.62,-74.062,Second Class,Corporate
DC-101312,2513,2015-05-08,Western Europe,France,Ile-de-France,Technology,Apple Smart Device,3,237.21,0.017,699.53,-47.92,49.4861,-0.2433,Second Class,Home Office
DC-101313,4896,2016-09-30,Central,United States,Texas,Sports & Outdoors,Fitness Equipment,3,729.46,0.013,2159.93,-135.68,31.6985,-100.1731,Second Class,Corporate
DC-101314,3773,2017-10-23,South,United States,Florida,Furniture,Bookshelf,2,220.51,0.08,405.74,92.89,28.9805,-80.2057,Standard Class,Corporate
DC-101315,3345,2016-07-08,East,United States,New York,Technology,Wireless Keyboard,3,136.85,0.176,338.29,20.02,42.9855,-76.0056,Second Class,Consumer
DC-101316,1292,2015-09-29,South Asia,India,Maharashtra,Furniture,Wooden Desk,2,688.32,0.049,1309.18,178.82,20.884,76.196,Second Class,Corporate
DC-101317,5677,2015-11-15,Southeast Asia,Singapore,Singapore,Furniture,Bookshelf,4,862.95,0.187,2806.31,-219.88,2.3826,103.9768,Standard Class,Consumer
DC-101318,2574,2017-01-31,South,United States,Florida,Sports & Outdoors,Running Shoes,2,102.34,0.157,172.55,25.16,28.2083,-80.9446,Second Class,Consumer
DC-101319,1073,2015-04-06,Canada,Canada,Ontario,Sports & Outdoors,Fitness Equipment,4,858.22,0.108,3062.13,552.65,44.46,-79.4441,Standard Class,Consumer
DC-101320,5347,2016-08-02,Northern Europe,United Kingdom,England,Furniture,Conference Table,1,408.68,0.045,390.29,35.32,52.7581,1.4624,Second Class,Consumer
DC-101321,1714,2017-02-28,Central,United States,Texas,Technology,Laptop Computer,3,15.98,0.192,38.74,5.24,30.1921,-98.6637,Standard Class,Corporate
DC-101322,4526,2015-04-19,Central,United States,Texas,Office Supplies,Pen Set,5,818.04,0.268,2994.03,-48.31,29.4589,-101.2125,Second Class,Consumer
DC-101323,4302,2017-09-12,Canada,Canada,Ontario,Furniture,Wooden Desk,1,589.0,0.003,587.23,-47.69,43.2731,-80.9796,Same Day,Consumer
DC-101324,2585,2015-10-27,Northern Europe,United Kingdom,England,Sports & Outdoors,Sports Bag,4,376.12,0.107,1343.5,320.92,53.7335,-2.0448,First Class,Consumer
DC-101325,4964,2016-05-03,Southeast Asia,Singapore,Singapore,Sports & Outdoors,Mountain Bike,4,147.73,0.183,482.78,25.41,1.512,105.0496,Standard Class,Corporate
DC-101326,2230,2016-05-01,South,United States,Florida,Technology,Apple Smart Device,3,630.67,0.185,1541.99,114.62,25.197,-81.9316,Standard Class,Consumer
DC-101327,5956,2015-12-17,South Asia,India,Maharashtra,Sports & Outdoors,Running Shoes,1,700.06,0.21,553.05,150.64,21.6981,76.9289,Standard Class,Corporate
DC-101328,6423,2015-06-12,West,United States,California,Furniture,Conference Table,5,699.42,0.173,2892.1,-81.64,36.9478,-118.2959,Standard Class,Corporate
DC-101329,2885,2016-10-08,Canada,Canada,Ontario,Furniture,Conference Table,2,420.28,0.073,779.2,-47.33,43.0545,-81.0657,Standard Class,Corporate
DC-101330,6537,2017-10-04,Canada,Canada,Ontario,Furniture,Bookshelf,2,358.09,0.218,560.05,-52.81,42.8466,-78.6609,Standard Class,Corporate
DC-101331,1889,2015-05-13,West,United States,California,Technology,Apple Smart Device,4,43.82,0.143,150.21,41.53,34.1293,-117.092,Second Class,Consumer
DC-101332,1250,2015-09-22,Central,United States,Texas,Sports & Outdoors,Fitness Equipment,2,453.8,0.099,817.75,178.75,32.0221,-101.3823,Standard Class,Consumer
DC-101333,3901,2017-06-26,Northern Europe,United Kingdom,England,Technology,Apple Smart Device,5,186.82,0.006,928.5,-97.42,51.3923,0.8177,Second Class,Consumer
DC-101334,2273,2016-12-16,Oceania,Australia,New South Wales,Office Supplies,File Folder,3,577.49,0.205,1377.31,186.79,-33.8873,149.4242,Standard Class,Corporate
DC-101335,5288,2017-03-04,Southeast Asia,Singapore,Singapore,Sports & Outdoors,Fitness Equipment,3,631.72,0.222,1474.43,-40.21,2.322,107.2897,First Class,Consumer
DC-101336,2714,2016-12-15,Northern Europe,United Kingdom,England,Office Supplies,File Folder,1,229.31,0.209,181.38,36.2,52.1526,-3.8355,Second Class,Corporate
DC-101337,4140,2016-07-29,South,United States,Florida,Technology,Wireless Keyboard,3,226.03,0.163,567.56,-60.68,26.2406,-81.3752,Second Class,Corporate
DC-101338,2528,2017-06-17,South,United States,Florida,Furniture,Storage Cabinet,5,425.55,0.223,1653.26,-33.11,27.3767,-81.8234,First Class,Consumer
DC-101339,1396,2016-09-17,East,United States,New York,Technology,Wireless Keyboard,3,702.53,0.042,2019.07,246.9,42.8921,-73.1089,Second Class,Corporate
DC-101340,1692,2016-07-04,South Asia,India,Maharashtra,Technology,Apple Smart Device,2,297.94,0.048,567.28,-20.48,19.2663,75.4951,Same Day,Home Office
DC-101341,1755,2015-02-22,West,United States,California,Furniture,Conference Table,5,365.85,0.119,1611.57,292.88,37.1866,-121.6799,Standard Class,Consumer
DC-101342,6942,2017-12-22,Northern Europe,United Kingdom,England,Office Supplies,File Folder,3,381.02,0.184,932.74,120.21,53.5698,-2.6801,Same Day,Consumer
DC-101343,1602,2017-09-16,Western Europe,France,Ile-de-France,Office Supplies,Pen Set,5,781.3,0.125,3418.19,444.72,46.2974,1.6385,Standard Class,Consumer
DC-101344,2457,2015-04-29,Oceania,Australia,New South Wales,Office Supplies,Notebook,2,128.33,0.171,212.77,13.89,-33.4523,151.3208,Second Class,Corporate
DC-101345,2518,2015-08-20,Southeast Asia,Singapore,Singapore,Sports & Outdoors,Fitness Equipment,3,128.92,0.123,339.19,39.7,3.1509,104.9568,Standard Class,Consumer
DC-101346,1707,2016-03-11,East,United States,New York,Office Supplies,File Folder,3,752.09,0.193,1820.81,256.45,44.1257,-74.4194,Standard Class,Home Office
DC-101347,2602,2017-09-03,East,United States,New York,Technology,Bluetooth Headset,2,290.81,0.049,553.12,146.89,44.5159,-74.4682,Second Class,Home Office
DC-101348,2914,2016-04-24,South,United States,Florida,Technology,Bluetooth Headset,5,703.84,0.256,2618.28,-178.39,27.1094,-82.4867,First Class,Home Office
DC-101349,7287,2015-01-07,Canada,Canada,Ontario,Furniture,Office Chair,1,886.16,0.138,763.87,111.12,43.6232,-76.4167,Standard Class,Consumer
DC-101350,6629,2016-12-15,Northern Europe,United Kingdom,England,Furniture,Office Chair,1,216.84,0.171,179.76,17.16,52.3891,-0.5801,Standard Class,Consumer
DC-101351,6510,2017-02-11,East,United States,New York,Technology,Laptop Computer,4,623.35,0.096,2254.03,153.44,41.6824,-76.587,Standard Class,Consumer
DC-101352,4253,2015-02-03,South Asia,India,Maharashtra,Sports & Outdoors,Camping Tent,4,253.61,0.18,831.84,-47.65,18.1916,76.9607,Standard Class,Consumer
DC-101353,5344,2016-03-04,Southeast Asia,Singapore,Singapore,Furniture,Storage Cabinet,4,118.73,0.179,389.91,73.31,0.9106,103.1336,Second Class,Home Office
DC-101354,6039,2017-11-02,Northern Europe,United Kingdom,England,Furniture,Office Chair,5,585.06,0.274,2123.77,393.2,51.9629,-2.2384,First Class,Consumer
DC-101355,3906,2015-11-03,East,United States,New York,Office Supplies,Stapler,3,285.87,0.231,659.5,125.28,42.5457,-75.12,Standard Class,Consumer
DC-101356,7576,2017-08-13,Western Europe,France,Ile-de-France,Office Supplies,Pen Set,4,877.71,0.204,2794.63,408.11,49.663,1.3902,Second Class,Consumer
DC-101357,7123,2016-06-01,Central,United States,Texas,Office Supplies,Notebook,3,593.1,0.039,1709.91,437.19,29.1994,-102.921,Standard Class,Consumer
DC-101358,7515,2016-07-23,South Asia,India,Maharashtra,Furniture,Wooden Desk,5,372.32,0.24,1414.82,247.09,20.7603,76.6127,First Class,Consumer
DC-101359,3545,2016-10-25,West,United States,California,Sports & Outdoors,Camping Tent,1,525.05,0.207,416.36,11.04,37.43,-119.7302,First Class,Home Office
DC-101360,4564,2016-10-12,Southeast Asia,Singapore,Singapore,Sports & Outdoors,Mountain Bike,5,766.88,0.264,2822.12,577.13,0.8537,105.3009,Standard Class,Home Office
DC-101361,5152,2017-06-22,Western Europe,France,Ile-de-France,Office Supplies,Printer Paper,4,237.71,0.227,735.0,158.25,48.2269,2.1126,Same Day,Corporate
DC-101362,6351,2016-02-25,Southeast Asia,Singapore,Singapore,Technology,Wireless Keyboard,2,836.92,0.039,1608.56,396.74,0.3564,103.462,First Class,Consumer
DC-101363,4111,2017-11-11,Oceania,Australia,New South Wales,Sports & Outdoors,Camping Tent,5,457.29,0.164,1911.47,196.6,-34.582,148.9587,Standard Class,Corporate
DC-101364,7144,2017-05-20,West,United States,California,Office Supplies,File Folder,3,848.3,0.279,1834.87,-187.09,37.557,-119.0231,Standard Class,Corporate
DC-101365,1879,2018-01-30,Western Europe,France,Ile-de-France,Furniture,Wooden Desk,4,614.08,0.264,1807.85,263.12,50.5652,1.5416,Standard Class,Corporate
DC-101366,1077,2016-12-15,Oceania,Australia,New South Wales,Furniture,Bookshelf,5,298.79,0.174,1234.0,163.17,-33.0555,148.9612,First Class,Consumer
DC-101367,7772,2015-04-29,Oceania,Australia,New South Wales,Technology,Laptop Computer,1,437.52,0.136,378.02,53.59,-32.9079,149.5717,Standard Class,Consumer
DC-101368,4367,2015-01-14,Canada,Canada,Ontario,Technology,Wireless Keyboard,3,721.78,0.086,1979.12,-61.47,44.3068,-76.5535,Standard Class,Consumer
DC-101369,7033,2016-12-14,East,United States,New York,Office Supplies,Printer Paper,5,506.2,0.085,2315.87,46.42,44.0876,-78.7398,First Class,Consumer
DC-101370,7145,2017-12-14,East,United States,New York,Sports & Outdoors,Fitness Equipment,4,55.71,0.209,176.27,39.55,42.1792,-75.5637,Standard Class,Corporate
DC-101371,6887,2015-12-20,South Asia,India,Maharashtra,Sports & Outdoors,Fitness Equipment,1,419.6,0.041,402.4,95.68,19.023,72.6835,Standard Class,Corporate
DC-101372,3505,2016-02-18,Western Europe,France,Ile-de-France,Sports & Outdoors,Sports Bag,4,741.6,0.071,2755.79,287.92,47.9246,2.1066,Standard Class,Consumer
DC-101373,1900,2017-05-07,East,United States,New York,Sports & Outdoors,Sports Bag,2,826.25,0.252,1236.07,-97.68,41.8596,-75.2928,Second Class,Corporate
DC-101374,5278,2017-09-01,West,United States,California,Office Supplies,File Folder,5,584.56,0.123,2563.3,285.72,36.2831,-121.3031,Standard Class,Corporate
DC-101375,3433,2015-01-18,South Asia,India,Maharashtra,Technology,Apple Smart Device,1,619.28,0.162,518.96,83.74,19.1205,74.5702,Standard Class,Consumer
DC-101376,7839,2017-04-17,Central,United States,Texas,Office Supplies,Notebook,2,303.03,0.097,547.27,60.14,32.6331,-100.5003,Second Class,Consumer
DC-101377,3730,2016-11-17,Southeast Asia,Singapore,Singapore,Sports & Outdoors,Sports Bag,1,228.33,0.135,197.51,15.65,2.0597,105.5927,Second Class,Corporate
DC-101378,5418,2016-11-15,Southeast Asia,Singapore,Singapore,Furniture,Conference Table,5,289.84,0.173,1198.49,-124.29,3.9316,106.4787,Standard Class,Consumer
DC-101379,3009,2016-09-02,West,United States,California,Furniture,Bookshelf,4,747.64,0.097,2700.48,630.66,36.9504,-120.29,Standard Class,Consumer
DC-101380,7370,2016-03-24,Central,United States,Texas,Office Supplies,Stapler,1,727.05,0.067,678.34,-3.04,31.7557,-97.7829,Standard Class,Consumer
DC-101381,4981,2018-01-12,Canada,Canada,Ontario,Technology,LED Monitor,4,403.08,0.119,1420.45,36.29,45.4231,-79.9895,Standard Class,Home Office
DC-101382,6805,2017-02-01,Central,United States,Texas,Office Supplies,File Folder,5,330.13,0.177,1358.48,94.83,31.8359,-98.1736,Standard Class,Consumer
DC-101383,5064,2015-11-29,Western Europe,France,Ile-de-France,Furniture,Wooden Desk,3,728.65,0.041,2096.33,-84.31,51.1912,2.1877,First Class,Consumer
DC-101384,5572,2016-04-02,Western Europe,France,Ile-de-France,Sports & Outdoors,Mountain Bike,5,366.12,0.051,1737.24,252.05,48.2926,3.127,Standard Class,Consumer
DC-101385,7177,2015-11-14,East,United States,New York,Furniture,Storage Cabinet,4,138.02,0.114,489.14,108.01,43.3581,-77.7003,Same Day,Home Office
DC-101386,2528,2016-09-25,Canada,Canada,Ontario,Office Supplies,Printer Paper,5,775.58,0.164,3241.92,-352.94,46.4183,-78.4757,First Class,Consumer
DC-101387,4661,2017-12-17,Northern Europe,United Kingdom,England,Furniture,Wooden Desk,5,840.09,0.019,4120.64,-143.17,52.248,-1.6513,First Class,Consumer
DC-101388,1970,2015-01-27,Central,United States,Texas,Furniture,Office Chair,2,71.02,0.051,134.8,25.15,29.2875,-102.5518,Standard Class,Home Office
DC-101389,5008,2017-06-21,South Asia,India,Maharashtra,Furniture,Bookshelf,5,41.3,0.275,149.71,0.07,20.3439,75.7398,Standard Class,Home Office
DC-101390,7771,2018-01-14,Oceania,Australia,New South Wales,Furniture,Storage Cabinet,4,344.3,0.022,1346.9,-11.57,-34.4183,153.3178,Standard Class,Consumer
DC-101391,4597,2017-08-24,Northern Europe,United Kingdom,England,Technology,Bluetooth Headset,1,427.3,0.191,345.69,47.49,52.0752,0.691,Second Class,Consumer
DC-101392,4554,2016-06-12,Western Europe,France,Ile-de-France,Office Supplies,Printer Paper,4,111.9,0.038,430.59,41.43,47.6522,1.1927,Standard Class,Consumer
DC-101393,1816,2015-01-18,Canada,Canada,Ontario,Office Supplies,Pen Set,2,179.02,0.137,308.99,22.89,43.3517,-79.647,Second Class,Consumer
DC-101394,4456,2016-03-26,Canada,Canada,Ontario,Sports & Outdoors,Fitness Equipment,4,224.37,0.152,761.06,118.35,43.8299,-76.2977,Second Class,Home Office
DC-101395,6736,2015-11-30,Canada,Canada,Ontario,Office Supplies,Stapler,1,729.72,0.063,683.75,110.49,42.386,-78.8486,Standard Class,Corporate
DC-101396,4070,2015-07-20,Western Europe,France,Ile-de-France,Office Supplies,File Folder,3,317.42,0.04,914.17,-25.31,49.0619,3.5642,Standard Class,Consumer
DC-101397,7308,2016-11-21,Northern Europe,United Kingdom,England,Sports & Outdoors,Sports Bag,2,337.53,0.147,575.83,72.58,52.6929,-2.8794,Second Class,Consumer
DC-101398,5165,2016-10-15,Western Europe,France,Ile-de-France,Office Supplies,Printer Paper,3,488.53,0.224,1137.3,221.78,48.4186,4.9939,Second Class,Home Office
DC-101399,5895,2016-09-01,Oceania,Australia,New South Wales,Sports & Outdoors,Running Shoes,4,527.3,0.133,1828.68,35.01,-34.0146,151.8228,First Class,Consumer
DC-101400,2066,2015-02-07,Canada,Canada,Ontario,Office Supplies,Stapler,3,281.73,0.157,712.5,191.34,42.4258,-80.9133,Standard Class,Consumer
DC-101401,7320,2016-03-28,Canada,Canada,Ontario,Sports & Outdoors,Fitness Equipment,5,318.84,0.165,1331.16,-126.56,44.2597,-79.8778,Standard Class,Consumer
DC-101402,1985,2017-08-16,Oceania,Australia,New South Wales,Technology,LED Monitor,5,134.41,0.221,523.53,126.53,-31.7774,154.3083,Standard Class,Home Office
DC-101403,5711,2017-03-11,East,United States,New York,Technology,Laptop Computer,3,441.79,0.153,1122.59,-116.3,44.7255,-76.6892,Standard Class,Corporate
DC-101404,6263,2016-08-19,West,United States,California,Technology,Wireless Keyboard,5,744.54,0.107,3324.37,618.51,36.5075,-119.1505,Standard Class,Home Office
DC-101405,4870,2016-06-20,Western Europe,France,Ile-de-France,Sports & Outdoors,Camping Tent,1,475.31,0.006,472.46,-21.57,48.5067,3.5307,First Class,Consumer
DC-101406,1297,2017-10-19,Central,United States,Texas,Furniture,Conference Table,5,275.58,0.045,1315.89,-28.42,33.702,-96.2769,Second Class,Consumer
DC-101407,2148,2015-01-01,Canada,Canada,Ontario,Office Supplies,File Folder,2,232.78,0.118,410.62,-23.22,44.0752,-80.4448,Standard Class,Consumer
DC-101408,7126,2015-11-25,East,United States,New York,Office Supplies,Printer Paper,3,456.67,0.15,1164.51,-32.87,43.4296,-76.8338,Second Class,Consumer
DC-101409,7166,2016-04-26,South Asia,India,Maharashtra,Technology,Laptop Computer,3,602.76,0.109,1611.18,194.71,20.6053,74.2781,Second Class,Consumer
DC-101410,1746,2015-05-11,Western Europe,France,Ile-de-France,Office Supplies,Printer Paper,3,142.26,0.2,341.42,-17.0,49.7444,2.0149,Second Class,Consumer
DC-101411,1450,2017-03-17,Oceania,Australia,New South Wales,Office Supplies,Stapler,5,850.44,0.141,3652.64,-248.0,-33.8182,148.4843,First Class,Corporate
DC-101412,1283,2016-03-06,West,United States,California,Sports & Outdoors,Camping Tent,2,771.13,0.194,1243.06,-148.65,36.5879,-118.6191,First Class,Corporate
DC-101413,3003,2015-08-29,South,United States,Florida,Furniture,Bookshelf,4,509.29,0.088,1857.89,3.24,28.3228,-81.4514,Standard Class,Corporate
DC-101414,7631,2015-02-25,Central,United States,Texas,Office Supplies,Notebook,4,831.8,0.121,2924.61,142.37,32.8595,-101.3817,Second Class,Consumer
DC-101415,5254,2017-05-17,Central,United States,Texas,Technology,Wireless Keyboard,4,885.82,0.288,2522.82,-142.91,30.9071,-97.7111,Standard Class,Corporate
DC-101416,7227,2016-11-10,South,United States,Florida,Technology,Bluetooth Headset,4,48.21,0.297,135.57,18.49,27.9346,-81.1558,Standard Class,Consumer
DC-101417,5768,2016-07-18,Northern Europe,United Kingdom,England,Sports & Outdoors,Sports Bag,2,589.95,0.261,871.95,52.58,53.1988,0.1194,First Class,Consumer
DC-101418,2161,2018-01-19,East,United States,New York,Technology,Bluetooth Headset,2,225.96,0.248,339.84,-38.28,43.4726,-74.2583,Second Class,Home Office
DC-101419,5555,2015-10-02,East,United States,New York,Technology,Apple Smart Device,5,202.46,0.075,936.38,152.18,43.535,-78.339,Standard Class,Consumer
DC-101420,6420,2015-10-27,South,United States,Florida,Technology,LED Monitor,1,836.08,0.048,795.95,112.79,26.9163,-80.2859,Second Class,Corporate
DC-101421,1751,2017-09-23,South,United States,Florida,Technology,LED Monitor,5,613.08,0.021,3001.03,730.58,25.9955,-82.3952,First Class,Home Office
DC-101422,1045,2017-09-12,South,United States,Florida,Sports & Outdoors,Fitness Equipment,2,398.12,0.218,622.66,-23.71,29.4126,-81.3505,Standard Class,Consumer
DC-101423,4351,2017-01-05,Central,United States,Texas,Office Supplies,Pen Set,4,406.86,0.096,1471.21,274.61,30.6608,-100.6612,Standard Class,Corporate
DC-101424,5187,2015-06-04,Canada,Canada,Ontario,Technology,Bluetooth Headset,2,808.47,0.116,1429.37,306.37,46.0167,-82.5743,Standard Class,Corporate
DC-101425,2402,2017-10-22,South,United States,Florida,Sports & Outdoors,Fitness Equipment,4,619.58,0.044,2369.27,245.27,27.5807,-83.1307,Standard Class,Home Office
DC-101426,4402,2016-06-04,West,United States,California,Technology,Apple Smart Device,3,649.31,0.226,1507.7,-143.87,34.4089,-120.5044,Standard Class,Corporate
DC-101427,7013,2015-05-09,Canada,Canada,Ontario,Technology,Laptop Computer,4,882.48,0.271,2573.31,-302.14,42.6306,-78.9775,First Class,Corporate
DC-101428,4322,2016-11-06,Southeast Asia,Singapore,Singapore,Office Supplies,File Folder,3,54.57,0.004,163.06,-4.06,1.5882,100.8284,First Class,Consumer
DC-101429,2104,2015-11-15,South Asia,India,Maharashtra,Furniture,Storage Cabinet,3,887.82,0.259,1973.62,490.31,20.265,76.9835,Standard Class,Consumer
DC-101430,4317,2015-02-01,Western Europe,France,Ile-de-France,Technology,Bluetooth Headset,4,499.81,0.035,1929.27,-59.87,49.2942,2.1522,Same Day,Consumer
DC-101431,2112,2017-10-24,West,United States,California,Office Supplies,Printer Paper,3,227.55,0.151,579.57,-54.26,36.2911,-118.9079,First Class,Consumer
DC-101432,6431,2017-10-25,Southeast Asia,Singapore,Singapore,Technology,Bluetooth Headset,4,783.71,0.063,2937.35,686.66,1.2886,103.1309,Same Day,Consumer
DC-101433,7615,2017-01-28,Northern Europe,United Kingdom,England,Technology,LED Monitor,3,439.25,0.006,1309.84,-68.41,54.2261,-2.641,Standard Class,Consumer
DC-101434,1736,2015-02-27,South,United States,Florida,Furniture,Bookshelf,4,100.56,0.164,336.27,45.8,28.7328,-79.6941,Second Class,Consumer
DC-101435,4836,2016-10-18,Oceania,Australia,New South Wales,Office Supplies,Stapler,1,786.19,0.15,668.26,9.07,-37.6316,152.392,Standard Class,Consumer
DC-101436,5839,2015-03-27,West,United States,California,Furniture,Storage Cabinet,4,545.84,0.149,1858.04,243.66,37.6015,-119.0491,Standard Class,Corporate
DC-101437,5594,2017-08-25,Southeast Asia,Singapore,Singapore,Furniture,Conference Table,2,755.19,0.181,1237.0,265.3,-0.2945,103.684,Second Class,Consumer
DC-101438,2591,2018-01-08,Central,United States,Texas,Office Supplies,Notebook,5,601.67,0.109,2680.44,49.92,31.0991,-101.3042,Standard Class,Corporate
DC-101439,5474,2016-12-28,Oceania,Australia,New South Wales,Furniture,Office Chair,3,175.91,0.252,394.74,-44.43,-33.214,150.4465,First Class,Consumer
DC-101440,5960,2017-06-26,Canada,Canada,Ontario,Sports & Outdoors,Mountain Bike,5,253.33,0.281,910.72,144.46,45.656,-78.9081,First Class,Home Office
DC-101441,4350,2016-01-06,Northern Europe,United Kingdom,England,Technology,Wireless Keyboard,2,762.09,0.08,1402.25,316.72,52.188,-1.0704,Second Class,Consumer
DC-101442,5970,2017-08-15,Northern Europe,United Kingdom,England,Office Supplies,Stapler,1,650.7,0.172,538.78,7.89,52.2825,0.4051,Standard Class,Corporate
DC-101443,6196,2017-05-25,Oceania,Australia,New South Wales,Office Supplies,File Folder,5,394.65,0.115,1746.33,348.64,-33.8492,150.2927,Second Class,Corporate
DC-101444,7645,2017-01-06,East,United States,New York,Furniture,Office Chair,4,132.09,0.022,516.74,-41.61,43.8193,-71.518,Standard Class,Corporate
DC-101445,3264,2017-11-12,Western Europe,France,Ile-de-France,Technology,Bluetooth Headset,3,317.8,0.265,700.75,-19.45,47.4323,3.1057,Standard Class,Consumer
DC-101446,4325,2017-01-09,East,United States,New York,Technology,Wireless Keyboard,5,227.49,0.008,1128.35,124.74,41.0517,-74.027,Standard Class,Home Office
DC-101447,5849,2015-06-20,West,United States,California,Office Supplies,Pen Set,1,427.37,0.002,426.52,73.46,37.022,-116.3205,Standard Class,Consumer
DC-101448,2425,2015-08-23,Northern Europe,United Kingdom,England,Sports & Outdoors,Mountain Bike,4,750.19,0.015,2955.75,595.1,50.8721,-0.4626,Standard Class,Consumer
DC-101449,2157,2017-11-17,Canada,Canada,Ontario,Office Supplies,Pen Set,5,599.42,0.275,2172.9,503.42,43.2041,-82.0452,Second Class,Consumer
DC-101450,6870,2016-08-13,South,United States,Florida,Technology,Wireless Keyboard,1,237.55,0.258,176.26,18.49,28.2294,-81.6125,Standard Class,Consumer
DC-101451,1928,2015-05-28,West,United States,California,Technology,LED Monitor,3,529.83,0.164,1328.81,-105.4,37.8354,-122.1267,Standard Class,Consumer
DC-101452,6333,2017-07-20,South Asia,India,Maharashtra,Sports & Outdoors,Camping Tent,1,246.75,0.094,223.56,29.03,21.1749,75.979,Standard Class,Home Office
DC-101453,2012,2017-07-03,Northern Europe,United Kingdom,England,Technology,Wireless Keyboard,1,251.87,0.202,200.99,-17.07,51.7347,-0.1173,Second Class,Corporate
DC-101454,3176,2016-07-26,South,United States,Florida,Technology,Wireless Keyboard,1,228.42,0.163,191.19,36.02,26.406,-84.4811,Standard Class,Corporate
DC-101455,3373,2017-04-08,East,United States,New York,Technology,Laptop Computer,2,177.88,0.225,275.71,48.76,40.4412,-73.1878,First Class,Corporate
DC-101456,3785,2015-02-12,Central,United States,Texas,Sports & Outdoors,Fitness Equipment,2,21.31,0.136,36.82,9.12,30.6513,-100.8238,Standard Class,Home Office
DC-101457,4667,2016-01-29,Southeast Asia,Singapore,Singapore,Furniture,Office Chair,4,30.37,0.225,94.15,-0.75,2.4273,104.2384,First Class,Consumer
DC-101458,1016,2015-09-11,South Asia,India,Maharashtra,Technology,Laptop Computer,3,474.18,0.221,1108.16,96.44,20.9909,75.5624,Standard Class,Corporate
DC-101459,4062,2017-12-05,Central,United States,Texas,Technology,Bluetooth Headset,2,163.58,0.175,269.91,71.77,32.3645,-101.4054,Standard Class,Consumer
DC-101460,6087,2015-02-12,Western Europe,France,Ile-de-France,Technology,Apple Smart Device,1,24.52,0.102,22.02,-1.71,48.9984,0.6715,Standard Class,Home Office
DC-101461,2957,2015-04-21,South,United States,Florida,Sports & Outdoors,Sports Bag,1,508.24,0.106,454.37,32.24,27.9887,-82.5924,First Class,Corporate
DC-101462,3194,2016-11-25,Western Europe,France,Ile-de-France,Office Supplies,Stapler,5,105.16,0.128,458.5,95.19,50.4336,2.1872,Second Class,Corporate
DC-101463,4370,2016-09-13,Central,United States,Texas,Technology,Laptop Computer,5,695.2,0.0,3476.0,119.46,31.5551,-102.9822,Standard Class,Consumer
DC-101464,5322,2016-10-28,Northern Europe,United Kingdom,England,Technology,LED Monitor,4,723.09,0.12,2545.28,-134.84,53.7919,-3.032,First Class,Consumer
DC-101465,6312,2016-07-23,South Asia,India,Maharashtra,Technology,Wireless Keyboard,2,657.8,0.072,1220.88,-83.6,17.824,78.5795,Standard Class,Home Office
DC-101466,6792,2017-06-18,East,United States,New York,Furniture,Conference Table,4,23.85,0.253,71.26,-7.47,44.2128,-76.2228,First Class,Corporate
DC-101467,2957,2016-08-23,South,United States,Florida,Technology,LED Monitor,3,839.38,0.033,2435.04,325.0,27.452,-81.8943,First Class,Corporate
DC-101468,4480,2017-02-13,Central,United States,Texas,Technology,Bluetooth Headset,2,898.34,0.091,1633.18,90.3,32.0844,-98.8105,Standard Class,Corporate
DC-101469,1305,2015-10-04,Southeast Asia,Singapore,Singapore,Office Supplies,File Folder,1,552.8,0.037,532.35,95.51,0.1259,105.2655,Second Class,Consumer
DC-101470,2884,2016-05-11,South Asia,India,Maharashtra,Technology,Wireless Keyboard,5,634.11,0.183,2590.34,-111.27,22.7701,77.4048,Same Day,Corporate
DC-101471,3758,2017-11-13,West,United States,California,Furniture,Office Chair,2,227.58,0.132,395.08,102.14,36.1581,-116.9828,Standard Class,Corporate
DC-101472,5267,2016-04-03,South,United States,Florida,Sports & Outdoors,Fitness Equipment,1,279.87,0.125,244.89,-20.37,29.8991,-80.0696,Second Class,Consumer
DC-101473,2079,2017-06-03,Southeast Asia,Singapore,Singapore,Technology,Wireless Keyboard,5,685.54,0.113,3040.37,-24.22,2.0447,105.9438,Standard Class,Consumer
DC-101474,4216,2017-04-12,South Asia,India,Maharashtra,Furniture,Storage Cabinet,5,728.5,0.2,2914.0,703.01,19.2328,75.3261,Second Class,Consumer
DC-101475,5320,2016-06-24,South,United States,Florida,Furniture,Conference Table,3,726.67,0.001,2177.83,514.96,29.3441,-81.4239,Second Class,Consumer
DC-101476,1272,2017-08-21,Canada,Canada,Ontario,Sports & Outdoors,Camping Tent,2,786.4,0.03,1525.62,-98.91,42.9223,-81.3485,Standard Class,Consumer
DC-101477,7898,2015-09-30,East,United States,New York,Furniture,Conference Table,5,131.94,0.141,566.68,-6.55,43.3359,-77.7767,First Class,Consumer
DC-101478,3508,2016-11-12,Northern Europe,United Kingdom,England,Office Supplies,File Folder,2,879.74,0.237,1342.48,-25.67,52.7783,-1.1578,Standard Class,Consumer
DC-101479,1125,2016-07-19,East,United States,New York,Furniture,Storage Cabinet,4,750.43,0.086,2743.57,617.2,42.6678,-74.058,Standard Class,Corporate
DC-101480,3583,2016-11-11,Central,United States,Texas,Furniture,Wooden Desk,1,710.88,0.109,633.39,-58.87,29.2724,-98.7404,Standard Class,Consumer
DC-101481,5488,2016-07-24,Northern Europe,United Kingdom,England,Office Supplies,Notebook,5,722.41,0.087,3297.8,257.47,54.8963,-0.8931,First Class,Corporate
DC-101482,7398,2017-04-11,East,United States,New York,Furniture,Storage Cabinet,4,636.88,0.171,2111.89,1.33,42.7055,-75.15,Standard Class,Corporate
DC-101483,7839,2015-08-09,South Asia,India,Maharashtra,Office Supplies,Stapler,5,393.98,0.292,1394.69,-141.37,19.3957,74.8001,First Class,Consumer
DC-101484,4738,2017-09-09,Western Europe,France,Ile-de-France,Technology,Bluetooth Headset,2,863.11,0.252,1291.21,-28.63,50.6372,3.0751,Standard Class,Consumer
DC-101485,5245,2017-03-19,South Asia,India,Maharashtra,Furniture,Wooden Desk,1,895.4,0.264,659.01,182.09,17.0566,74.4458,Standard Class,Corporate
DC-101486,3578,2015-03-08,Northern Europe,United Kingdom,England,Furniture,Conference Table,3,452.54,0.26,1004.64,59.17,50.3096,0.0245,Standard Class,Home Office
DC-101487,2218,2016-05-29,Central,United States,Texas,Technology,LED Monitor,4,841.7,0.145,2878.61,462.78,30.8808,-98.9955,Standard Class,Home Office
DC-101488,3548,2017-09-25,Oceania,Australia,New South Wales,Sports & Outdoors,Fitness Equipment,5,378.52,0.27,1381.6,-20.66,-32.458,152.3832,Standard Class,Home Office
DC-101489,4513,2017-06-05,Canada,Canada,Ontario,Office Supplies,Notebook,1,371.79,0.021,363.98,0.9,42.9583,-82.4853,Standard Class,Consumer
DC-101490,6674,2015-10-27,Central,United States,Texas,Technology,Wireless Keyboard,2,757.72,0.01,1500.29,32.27,30.997,-100.3193,Standard Class,Corporate
DC-101491,5953,2016-01-28,Northern Europe,United Kingdom,England,Furniture,Wooden Desk,2,693.24,0.208,1098.09,-125.34,50.7497,0.7569,First Class,Corporate
DC-101492,6385,2017-05-21,East,United States,New York,Furniture,Storage Cabinet,1,416.2,0.115,368.34,-34.66,42.2968,-74.4138,Second Class,Corporate
DC-101493,5326,2018-01-26,Western Europe,France,Ile-de-France,Sports & Outdoors,Fitness Equipment,5,373.84,0.154,1581.34,132.39,50.0932,4.0881,Second Class,Consumer
DC-101494,3335,2017-02-26,West,United States,California,Sports & Outdoors,Fitness Equipment,1,92.4,0.02,90.55,9.24,36.0282,-119.6441,Second Class,Corporate
DC-101495,2239,2017-07-07,Central,United States,Texas,Technology,Laptop Computer,2,557.55,0.168,927.76,-78.43,33.0161,-99.1873,Second Class,Corporate
DC-101496,3671,2017-03-04,East,United States,New York,Office Supplies,Pen Set,1,819.63,0.268,599.97,-59.1,39.2535,-72.6399,Standard Class,Corporate
DC-101497,1729,2015-07-29,Northern Europe,United Kingdom,England,Sports & Outdoors,Mountain Bike,1,462.27,0.042,442.85,62.79,53.7309,-1.876,Second Class,Consumer
DC-101498,6372,2015-09-02,South Asia,India,Maharashtra,Furniture,Bookshelf,4,66.97,0.21,211.63,7.74,17.5359,75.3877,Second Class,Corporate
DC-101499,4037,2018-01-17,Oceania,Australia,New South Wales,Office Supplies,Notebook,4,65.04,0.083,238.57,-19.98,-35.3487,153.4417,Second Class,Consumer
DC-101500,7010,2016-05-08,East,United States,New York,Technology,Laptop Computer,4,743.7,0.125,2602.95,-91.7,44.4526,-74.1385,Standard Class,Consumer
DC-101501,4238,2015-11-11,Central,United States,Texas,Furniture,Conference Table,4,865.83,0.004,3449.47,809.82,31.6184,-99.8676,Standard Class,Consumer
DC-101502,2542,2016-12-08,Northern Europe,United Kingdom,England,Furniture,Office Chair,5,764.17,0.186,3110.17,489.47,52.8125,1.1313,Second Class,Consumer
DC-101503,4065,2016-01-18,West,United States,California,Technology,Laptop Computer,1,612.12,0.226,473.78,112.37,37.8604,-117.9394,Standard Class,Corporate
DC-101504,7342,2017-10-29,Western Europe,France,Ile-de-France,Sports & Outdoors,Fitness Equipment,1,655.01,0.218,512.22,121.09,47.2643,4.5406,Standard Class,Home Office
DC-101505,4891,2015-07-13,Northern Europe,United Kingdom,England,Office Supplies,Notebook,2,706.83,0.195,1138.0,318.55,51.0536,-1.5875,Standard Class,Home Office
DC-101506,6113,2016-01-29,Western Europe,France,Ile-de-France,Office Supplies,Printer Paper,2,61.67,0.294,87.08,6.52,47.348,1.223,Standard Class,Consumer
DC-101507,2241,2016-08-24,South,United States,Florida,Sports & Outdoors,Camping Tent,1,775.25,0.1,697.73,-65.69,29.7344,-84.4993,Standard Class,Consumer
DC-101508,7451,2017-08-08,Southeast Asia,Singapore,Singapore,Technology,Wireless Keyboard,1,251.87,0.211,198.73,-18.49,3.0507,105.1311,Standard Class,Consumer
DC-101509,4480,2017-12-07,Oceania,Australia,New South Wales,Furniture,Bookshelf,4,86.7,0.295,244.49,50.58,-34.6036,152.516,First Class,Consumer
DC-101510,3153,2017-06-15,Canada,Canada,Ontario,Furniture,Office Chair,2,155.91,0.151,264.74,36.13,42.8264,-79.408,Standard Class,Home Office
DC-101511,3819,2017-11-07,Northern Europe,United Kingdom,England,Office Supplies,Pen Set,5,316.54,0.073,1467.16,-0.03,50.1397,-2.2968,Standard Class,Corporate
DC-101512,3187,2017-09-02,Oceania,Australia,New South Wales,Sports & Outdoors,Mountain Bike,2,41.16,0.018,80.84,14.69,-33.3692,149.0013,Standard Class,Consumer
DC-101513,2076,2017-12-05,South,United States,Florida,Office Supplies,Stapler,5,585.06,0.179,2401.67,434.72,28.3897,-81.9687,First Class,Home Office
DC-101514,2492,2017-11-09,Northern Europe,United Kingdom,England,Furniture,Wooden Desk,3,594.86,0.073,1654.31,352.66,51.1348,-2.9968,Standard Class,Home Office
DC-101515,3020,2017-10-05,Canada,Canada,Ontario,Sports & Outdoors,Mountain Bike,5,707.81,0.154,2994.04,625.33,46.1042,-79.1128,Standard Class,Corporate
DC-101516,7080,2015-06-16,West,United States,California,Furniture,Office Chair,4,399.29,0.279,1151.55,-119.45,34.4087,-118.832,Standard Class,Consumer
DC-101517,3404,2016-12-06,Southeast Asia,Singapore,Singapore,Furniture,Conference Table,5,500.05,0.083,2292.73,507.08,2.9647,102.7035,Second Class,Consumer
DC-101518,1318,2016-05-14,Southeast Asia,Singapore,Singapore,Sports & Outdoors,Camping Tent,3,123.58,0.051,351.83,20.86,1.5559,102.7149,Standard Class,Consumer
DC-101519,2688,2015-03-18,West,United States,California,Technology,Bluetooth Headset,4,563.62,0.19,1826.13,482.65,36.2519,-119.9099,Second Class,Consumer
DC-101520,5312,2017-01-06,East,United States,New York,Furniture,Storage Cabinet,2,521.71,0.166,870.21,156.68,42.1722,-73.3606,Standard Class,Consumer
DC-101521,3536,2015-02-18,Central,United States,Texas,Office Supplies,Stapler,2,174.16,0.265,256.02,38.14,30.1726,-97.0192,Second Class,Corporate
DC-101522,7218,2016-09-14,South,United States,Florida,Office Supplies,Notebook,5,55.51,0.247,209.0,15.22,27.9764,-81.988,Standard Class,Home Office
DC-101523,4777,2015-12-25,Oceania,Australia,New South Wales,Furniture,Conference Table,3,767.29,0.132,1998.02,-205.53,-33.6249,150.452,Standard Class,Consumer
DC-101524,6284,2015-04-21,Oceania,Australia,New South Wales,Sports & Outdoors,Running Shoes,1,636.84,0.006,633.02,-23.26,-33.9665,150.1336,Standard Class,Corporate
DC-101525,2401,2016-08-16,South Asia,India,Maharashtra,Furniture,Wooden Desk,3,804.51,0.1,2172.18,-234.53,17.8899,72.6768,First Class,Corporate
DC-101526,4052,2017-01-18,West,United States,California,Furniture,Bookshelf,1,455.59,0.166,379.96,-28.93,36.3049,-120.0969,Second Class,Corporate
DC-101527,1276,2016-02-16,Northern Europe,United Kingdom,England,Technology,Bluetooth Headset,1,259.97,0.051,246.71,11.49,52.6238,-0.7845,Second Class,Corporate
DC-101528,5663,2016-09-03,Northern Europe,United Kingdom,England,Furniture,Office Chair,3,224.8,0.023,658.89,145.42,53.8652,0.7819,Standard Class,Consumer
DC-101529,5640,2016-10-25,South Asia,India,Maharashtra,Technology,Bluetooth Headset,3,150.91,0.103,406.1,77.21,19.1012,75.183,Second Class,Home Office
DC-101530,5626,2016-06-28,Western Europe,France,Ile-de-France,Sports & Outdoors,Fitness Equipment,2,690.8,0.118,1218.57,191.77,47.1946,0.0434,Standard Class,Home Office
DC-101531,1833,2016-06-09,South Asia,India,Maharashtra,Sports & Outdoors,Mountain Bike,1,746.54,0.171,618.88,163.27,19.2684,76.0466,Standard Class,Home Office
DC-101532,3503,2017-11-14,West,United States,California,Technology,Laptop Computer,5,865.75,0.037,4168.59,119.06,36.5715,-119.1425,Second Class,Corporate
DC-101533,6939,2016-09-24,Oceania,Australia,New South Wales,Technology,Laptop Computer,3,831.41,0.014,2459.31,392.34,-34.5198,152.5501,Second Class,Consumer
DC-101534,6320,2017-12-28,West,United States,California,Sports & Outdoors,Fitness Equipment,4,471.15,0.112,1673.52,-101.25,39.1129,-119.3357,Standard Class,Consumer
DC-101535,3859,2017-08-29,Canada,Canada,Ontario,Sports & Outdoors,Sports Bag,1,69.5,0.104,62.27,-7.15,42.7623,-80.8763,Standard Class,Corporate
DC-101536,2831,2017-01-17,East,United States,New York,Technology,Wireless Keyboard,3,754.12,0.281,1626.64,35.5,43.886,-74.947,Standard Class,Consumer
DC-101537,7955,2016-08-01,Northern Europe,United Kingdom,England,Furniture,Office Chair,1,636.07,0.088,580.1,11.53,52.2124,-1.0291,First Class,Corporate
DC-101538,6819,2015-07-22,South Asia,India,Maharashtra,Sports & Outdoors,Camping Tent,2,817.93,0.28,1177.82,154.23,21.8425,77.6869,Standard Class,Home Office
DC-101539,3558,2015-05-05,East,United States,New York,Technology,Apple Smart Device,1,168.5,0.21,133.12,34.16,43.1073,-74.8776,Standard Class,Home Office
DC-101540,1174,2017-12-29,Central,United States,Texas,Technology,LED Monitor,5,858.36,0.115,3798.24,-435.18,30.4683,-99.5636,Standard Class,Corporate
DC-101541,6372,2017-10-03,Northern Europe,United Kingdom,England,Furniture,Bookshelf,5,635.13,0.193,2562.75,200.33,53.4068,1.8395,Second Class,Consumer
DC-101542,2789,2016-05-17,Northern Europe,United Kingdom,England,Furniture,Office Chair,3,759.37,0.145,1947.78,146.17,50.5062,0.365,Standard Class,Home Office
DC-101543,6903,2016-10-25,Central,United States,Texas,Office Supplies,Notebook,2,801.28,0.274,1163.46,-63.87,31.0659,-100.1546,Standard Class,Home Office
DC-101544,1815,2016-01-18,Western Europe,France,Ile-de-France,Sports & Outdoors,Running Shoes,1,383.9,0.078,353.96,65.51,49.1214,3.3583,Second Class,Corporate
DC-101545,1758,2017-05-31,Canada,Canada,Ontario,Sports & Outdoors,Camping Tent,4,886.86,0.086,3242.36,424.69,41.8339,-78.0534,First Class,Consumer
DC-101546,1664,2016-07-13,West,United States,California,Sports & Outdoors,Running Shoes,3,751.14,0.041,2161.03,-91.8,37.2695,-117.2087,Second Class,Home Office
DC-101547,1553,2015-06-08,South Asia,India,Maharashtra,Sports & Outdoors,Mountain Bike,1,728.15,0.165,608.01,67.55,19.4827,74.2818,Standard Class,Corporate
DC-101548,6589,2015-04-03,Oceania,Australia,New South Wales,Technology,Laptop Computer,3,421.89,0.11,1126.45,119.9,-32.5229,151.8456,Second Class,Consumer
DC-101549,2503,2017-09-05,Southeast Asia,Singapore,Singapore,Furniture,Office Chair,2,545.55,0.13,949.26,-67.68,-0.24,104.8176,Standard Class,Consumer
DC-101550,2580,2015-08-12,Central,United States,Texas,Office Supplies,File Folder,3,206.84,0.183,506.96,50.91,31.1257,-99.8264,Standard Class,Consumer
DC-101551,7671,2017-09-15,Northern Europe,United Kingdom,England,Sports & Outdoors,Mountain Bike,4,212.8,0.184,694.58,126.45,53.5711,-0.7151,First Class,Consumer
DC-101552,1265,2015-07-18,South,United States,Florida,Technology,Laptop Computer,3,534.61,0.08,1475.52,383.94,26.6447,-83.1044,Standard Class,Corporate
DC-101553,3215,2016-11-05,Northern Europe,United Kingdom,England,Technology,Laptop Computer,1,642.23,0.125,561.95,73.26,50.7425,-1.4883,Standard Class,Home Office
DC-101554,7460,2017-10-27,Canada,Canada,Ontario,Furniture,Conference Table,4,642.31,0.221,2001.44,4.26,42.8764,-81.5333,Second Class,Consumer
DC-101555,7286,2015-02-18,West,United States,California,Furniture,Office Chair,1,708.08,0.149,602.58,22.6,37.2875,-116.6304,First Class,Consumer
DC-101556,6536,2017-04-06,West,United States,California,Sports & Outdoors,Fitness Equipment,2,518.95,0.22,809.56,-29.92,37.0498,-122.3898,Standard Class,Corporate
DC-101557,1444,2015-10-27,South,United States,Florida,Office Supplies,File Folder,3,378.64,0.242,861.03,-59.78,24.8508,-81.748,Standard Class,Consumer
DC-101558,5246,2017-01-27,Western Europe,France,Ile-de-France,Technology,Bluetooth Headset,2,330.26,0.144,565.41,-29.98,49.2537,2.6626,Second Class,Consumer
DC-101559,1617,2016-02-06,South,United States,Florida,Technology,Bluetooth Headset,1,230.54,0.186,187.66,38.06,26.988,-83.6817,Standard Class,Consumer
DC-101560,7005,2015-11-09,Central,United States,Texas,Technology,Wireless Keyboard,5,455.87,0.125,1994.43,89.93,30.745,-100.164,Standard Class,Consumer
DC-101561,3834,2017-02-19,Western Europe,France,Ile-de-France,Sports & Outdoors,Sports Bag,5,270.95,0.06,1273.46,253.32,49.0334,2.3826,Standard Class,Home Office
DC-101562,6515,2015-04-15,Canada,Canada,Ontario,Furniture,Conference Table,4,76.65,0.247,230.87,14.97,45.0291,-76.7601,Standard Class,Corporate
DC-101563,6613,2017-01-26,Southeast Asia,Singapore,Singapore,Technology,LED Monitor,3,706.33,0.103,1900.73,-219.44,1.2168,103.3973,Second Class,Consumer
DC-101564,7935,2017-12-16,Canada,Canada,Ontario,Furniture,Office Chair,3,395.86,0.185,967.88,69.69,43.4332,-79.788,Second Class,Consumer
DC-101565,4529,2016-03-25,Central,United States,Texas,Office Supplies,Notebook,2,847.31,0.181,1387.89,34.1,31.4227,-98.5253,First Class,Corporate
DC-101566,2678,2017-10-31,Canada,Canada,Ontario,Furniture,Storage Cabinet,3,400.29,0.094,1087.99,-79.56,44.8585,-78.7058,Standard Class,Consumer
DC-101567,3304,2015-04-19,Canada,Canada,Ontario,Furniture,Wooden Desk,4,227.59,0.114,806.58,104.3,41.3231,-79.8964,Second Class,Consumer
DC-101568,4120,2016-07-23,Southeast Asia,Singapore,Singapore,Office Supplies,Notebook,4,854.78,0.132,2967.8,591.25,3.47,105.056,Second Class,Consumer
DC-101569,3967,2015-07-22,Canada,Canada,Ontario,Furniture,Conference Table,1,46.89,0.14,40.33,-1.9,42.3145,-78.9147,Second Class,Consumer
DC-101570,2376,2017-03-19,South,United States,Florida,Furniture,Bookshelf,1,608.5,0.009,603.02,57.52,26.1915,-81.1083,Standard Class,Home Office
DC-101571,4566,2016-05-04,East,United States,New York,Office Supplies,Printer Paper,1,687.05,0.262,507.04,108.32,42.2816,-74.0688,Standard Class,Consumer
DC-101572,6309,2016-07-13,South,United States,Florida,Furniture,Office Chair,2,723.2,0.164,1209.19,207.33,28.0627,-80.3621,Standard Class,Consumer
DC-101573,5940,2015-07-14,East,United States,New York,Office Supplies,Notebook,5,629.51,0.212,2480.27,-107.28,44.0294,-73.9993,Second Class,Consumer
DC-101574,2083,2016-06-13,South Asia,India,Maharashtra,Technology,Wireless Keyboard,3,169.62,0.172,421.34,80.92,18.6997,75.0051,Second Class,Corporate
DC-101575,5136,2016-11-26,Central,United States,Texas,Technology,Laptop Computer,5,73.87,0.267,270.73,-9.93,33.15,-100.5228,First Class,Consumer
DC-101576,1374,2017-10-23,Northern Europe,United Kingdom,England,Technology,Bluetooth Headset,5,506.3,0.074,2344.17,502.63,50.949,-0.8013,Standard Class,Consumer
DC-101577,3580,2018-01-01,Oceania,Australia,New South Wales,Office Supplies,Pen Set,2,281.14,0.073,521.23,57.11,-32.5372,151.0034,Second Class,Consumer
DC-101578,3246,2015-04-12,Southeast Asia,Singapore,Singapore,Office Supplies,Printer Paper,1,801.41,0.132,695.62,118.36,1.54,103.1996,Second Class,Consumer
DC-101579,3517,2016-05-09,South,United States,Florida,Office Supplies,Stapler,5,284.21,0.247,1070.05,210.88,27.7545,-80.6037,Second Class,Corporate
DC-101580,3097,2016-07-02,South,United States,Florida,Technology,Wireless Keyboard,2,873.1,0.125,1527.92,218.29,25.0846,-82.011,Second Class,Consumer
DC-101581,7591,2015-09-06,Canada,Canada,Ontario,Office Supplies,Notebook,2,864.85,0.23,1331.87,6.0,40.8606,-81.6473,Standard Class,Home Office
DC-101582,2395,2016-06-26,Southeast Asia,Singapore,Singapore,Office Supplies,File Folder,4,303.08,0.274,880.14,124.94,0.3615,104.7242,Second Class,Consumer
DC-101583,5931,2015-05-13,Oceania,Australia,New South Wales,Office Supplies,Notebook,3,644.81,0.232,1485.64,310.53,-32.9383,151.9441,Standard Class,Consumer
DC-101584,6185,2016-11-19,South Asia,India,Maharashtra,Office Supplies,Stapler,1,296.66,0.095,268.48,26.77,19.7647,77.0264,Same Day,Corporate
DC-101585,3986,2016-12-18,Southeast Asia,Singapore,Singapore,Office Supplies,Stapler,1,137.22,0.159,115.4,23.15,1.3871,103.7096,Second Class,Consumer
DC-101586,5365,2017-04-23,Central,United States,Texas,Technology,Wireless Keyboard,4,615.65,0.012,2433.05,31.06,30.8471,-99.1702,Second Class,Home Office
DC-101587,7757,2015-09-07,Canada,Canada,Ontario,Office Supplies,File Folder,5,280.84,0.211,1107.91,27.06,44.3074,-79.5983,First Class,Consumer
DC-101588,7589,2015-01-22,West,United States,California,Technology,Wireless Keyboard,1,136.33,0.284,97.61,24.83,36.646,-118.8518,First Class,Corporate
DC-101589,3023,2015-07-27,Oceania,Australia,New South Wales,Sports & Outdoors,Camping Tent,5,669.99,0.023,3272.9,167.37,-33.7098,151.8239,Same Day,Consumer
DC-101590,2697,2015-12-12,Oceania,Australia,New South Wales,Technology,LED Monitor,5,216.82,0.073,1004.96,22.15,-33.3969,151.9566,Standard Class,Home Office
DC-101591,4093,2017-07-11,East,United States,New York,Technology,LED Monitor,4,792.19,0.009,3140.24,462.54,42.3219,-73.5796,First Class,Corporate
DC-101592,7283,2016-10-10,South Asia,India,Maharashtra,Sports & Outdoors,Mountain Bike,5,576.32,0.215,2262.06,-243.5,22.0967,76.7415,First Class,Corporate
DC-101593,3349,2015-10-17,Central,United States,Texas,Office Supplies,Stapler,5,602.39,0.003,3002.91,-178.21,30.1181,-98.2084,Standard Class,Home Office
DC-101594,1131,2015-10-10,Western Europe,France,Ile-de-France,Sports & Outdoors,Fitness Equipment,5,551.41,0.284,1974.05,386.22,50.0319,1.2765,Standard Class,Home Office
DC-101595,7034,2015-08-30,Central,United States,Texas,Technology,Wireless Keyboard,3,697.42,0.1,1883.03,481.76,31.4236,-102.8493,Standard Class,Consumer
DC-101596,3444,2015-06-20,South,United States,Florida,Sports & Outdoors,Running Shoes,3,126.65,0.075,351.45,11.94,25.7961,-82.646,Standard Class,Consumer
DC-101597,1745,2015-01-06,Central,United States,Texas,Furniture,Wooden Desk,3,329.15,0.163,826.5,224.25,31.0408,-101.2901,Second Class,Consumer
DC-101598,1651,2017-07-06,East,United States,New York,Sports & Outdoors,Running Shoes,3,653.91,0.16,1647.85,165.78,40.6725,-74.597,Standard Class,Consumer
DC-101599,7765,2017-03-27,East,United States,New York,Office Supplies,File Folder,3,531.23,0.013,1572.97,147.43,42.1452,-75.628,Second Class,Corporate
DC-101600,3216,2016-03-29,East,United States,New York,Sports & Outdoors,Camping Tent,3,709.13,0.276,1540.23,77.67,42.0933,-75.8335,Standard Class,Consumer
DC-101601,5576,2016-05-16,Northern Europe,United Kingdom,England,Furniture,Wooden Desk,2,389.72,0.04,748.26,150.64,51.745,0.1063,Second Class,Corporate
DC-101602,3455,2015-06-30,Central,United States,Texas,Sports & Outdoors,Mountain Bike,5,826.34,0.026,4024.28,-421.36,29.9641,-100.5292,Standard Class,Home Office
DC-101603,4126,2016-03-04,Central,United States,Texas,Office Supplies,File Folder,3,778.23,0.282,1676.31,157.1,32.3771,-99.3324,Standard Class,Consumer
DC-101604,2044,2015-09-18,Canada,Canada,Ontario,Technology,Wireless Keyboard,4,321.39,0.299,901.18,44.03,43.4582,-81.2189,First Class,Corporate
DC-101605,1375,2015-07-25,South Asia,India,Maharashtra,Technology,Bluetooth Headset,2,22.31,0.245,33.69,4.76,20.1853,77.6642,Second Class,Consumer
DC-101606,6630,2015-05-25,West,United States,California,Furniture,Conference Table,3,602.02,0.007,1793.42,78.86,36.4098,-118.0726,Second Class,Home Office
DC-101607,4796,2017-07-26,Northern Europe,United Kingdom,England,Furniture,Office Chair,4,38.15,0.036,147.11,37.03,50.0087,-1.3041,Standard Class,Consumer
DC-101608,1371,2015-10-18,Canada,Canada,Ontario,Furniture,Wooden Desk,1,899.67,0.009,891.57,247.47,43.281,-79.2648,Standard Class,Corporate
DC-101609,7344,2016-04-20,Western Europe,France,Ile-de-France,Office Supplies,Stapler,5,271.84,0.135,1175.71,-99.5,48.569,-0.2992,Standard Class,Consumer
DC-101610,6464,2017-02-22,Northern Europe,United Kingdom,England,Technology,Laptop Computer,5,674.19,0.252,2521.47,-53.08,51.9827,-2.6134,Standard Class,Corporate
DC-101611,5005,2017-06-30,Oceania,Australia,New South Wales,Sports & Outdoors,Mountain Bike,4,77.07,0.283,221.04,22.13,-33.1474,152.8452,Standard Class,Corporate
DC-101612,2455,2015-08-19,Oceania,Australia,New South Wales,Technology,Laptop Computer,1,465.19,0.283,333.54,79.93,-33.9455,151.7907,First Class,Consumer
DC-101613,2323,2016-06-06,Northern Europe,United Kingdom,England,Office Supplies,Stapler,1,81.52,0.276,59.02,15.46,53.2695,-1.6536,Standard Class,Home Office
DC-101614,2183,2017-10-03,Central,United States,Texas,Office Supplies,Pen Set,3,435.03,0.218,1020.58,138.72,31.6407,-98.3148,Standard Class,Consumer
DC-101615,2816,2016-01-02,South,United States,Florida,Furniture,Bookshelf,2,166.94,0.125,292.14,34.82,25.071,-81.4543,First Class,Home Office
DC-101616,3014,2015-01-30,South,United States,Florida,Furniture,Conference Table,5,127.52,0.292,451.42,23.48,28.258,-84.0896,Standard Class,Consumer
DC-101617,1838,2017-05-08,Western Europe,France,Ile-de-France,Technology,LED Monitor,1,118.17,0.103,106.0,-8.89,50.6758,1.9183,Same Day,Consumer
DC-101618,7603,2016-05-29,Canada,Canada,Ontario,Technology,Laptop Computer,5,609.68,0.231,2344.22,-257.62,42.934,-80.2261,Standard Class,Corporate
DC-101619,7213,2016-01-22,West,United States,California,Technology,LED Monitor,5,581.86,0.236,2222.71,-100.91,37.794,-120.4074,Standard Class,Consumer
DC-101620,1187,2015-05-25,Oceania,Australia,New South Wales,Sports & Outdoors,Camping Tent,3,479.24,0.09,1308.33,267.75,-33.6752,151.8517,Standard Class,Consumer
DC-101621,7457,2016-10-02,Canada,Canada,Ontario,Office Supplies,Printer Paper,4,339.1,0.238,1033.58,-70.5,44.9165,-77.3001,Standard Class,Consumer
DC-101622,3664,2015-01-18,Canada,Canada,Ontario,Furniture,Storage Cabinet,3,776.18,0.038,2240.06,583.42,44.9004,-79.9322,Standard Class,Corporate
DC-101623,6476,2016-03-11,Northern Europe,United Kingdom,England,Technology,Bluetooth Headset,3,559.17,0.284,1201.1,322.29,52.2185,-2.0546,First Class,Corporate
DC-101624,1468,2015-04-12,Central,United States,Texas,Technology,LED Monitor,4,49.91,0.124,174.88,6.95,31.8684,-98.297,Standard Class,Consumer
DC-101625,1309,2017-08-06,South Asia,India,Maharashtra,Furniture,Bookshelf,3,419.46,0.297,884.64,161.78,19.7449,75.5149,Standard Class,Consumer
DC-101626,6605,2016-12-01,Central,United States,Texas,Technology,Laptop Computer,2,793.56,0.294,1120.51,-126.99,30.5679,-96.8226,Standard Class,Corporate
DC-101627,5103,2015-09-04,Western Europe,France,Ile-de-France,Sports & Outdoors,Sports Bag,1,415.23,0.226,321.39,23.01,50.5287,0.7116,Second Class,Corporate
DC-101628,2765,2017-10-22,Northern Europe,United Kingdom,England,Sports & Outdoors,Camping Tent,1,316.08,0.205,251.28,40.54,52.0192,-1.2557,Standard Class,Consumer
DC-101629,4333,2015-12-31,Northern Europe,United Kingdom,England,Technology,Bluetooth Headset,3,782.57,0.119,2068.33,391.91,50.9301,-2.0744,Standard Class,Corporate
DC-101630,4312,2017-02-18,Oceania,Australia,New South Wales,Office Supplies,Pen Set,4,785.97,0.112,2791.77,-115.51,-31.8643,151.781,First Class,Corporate
DC-101631,4317,2015-04-06,Canada,Canada,Ontario,Office Supplies,Stapler,5,344.76,0.205,1370.42,127.92,44.8405,-79.8837,Standard Class,Corporate
DC-101632,6696,2015-11-24,East,United States,New York,Furniture,Wooden Desk,4,315.01,0.137,1087.41,195.43,43.8516,-74.7769,Same Day,Consumer
DC-101633,5193,2016-04-17,West,United States,California,Office Supplies,File Folder,2,836.44,0.209,1323.25,-110.29,36.0281,-119.243,Standard Class,Corporate
DC-101634,1639,2016-01-21,East,United States,New York,Furniture,Wooden Desk,4,376.86,0.043,1442.62,372.37,41.1229,-73.9895,First Class,Consumer
DC-101635,7044,2017-02-25,South,United States,Florida,Sports & Outdoors,Mountain Bike,5,139.49,0.29,495.19,86.49,28.3161,-80.0479,First Class,Consumer
DC-101636,4972,2017-08-16,South Asia,India,Maharashtra,Technology,Apple Smart Device,3,472.37,0.263,1044.41,150.7,19.0226,73.6168,Second Class,Consumer
DC-101637,4387,2015-11-20,Southeast Asia,Singapore,Singapore,Technology,Bluetooth Headset,2,57.77,0.115,102.25,24.25,1.1197,103.8507,Second Class,Consumer
DC-101638,1675,2016-02-05,Central,United States,Texas,Furniture,Conference Table,2,617.94,0.201,987.47,271.94,30.3009,-99.9228,Standard Class,Corporate
DC-101639,7250,2015-12-27,Southeast Asia,Singapore,Singapore,Sports & Outdoors,Running Shoes,5,772.22,0.052,3660.32,-249.52,-1.3355,105.073,Second Class,Consumer
DC-101640,1017,2016-01-08,South Asia,India,Maharashtra,Technology,Laptop Computer,4,169.84,0.008,673.93,136.49,19.3564,75.4137,Standard Class,Home Office
DC-101641,6034,2015-03-25,South,United States,Florida,Furniture,Office Chair,3,741.39,0.204,1770.44,238.08,26.9739,-82.8551,Standard Class,Corporate
DC-101642,3551,2017-06-29,Western Europe,France,Ile-de-France,Furniture,Wooden Desk,3,666.51,0.279,1441.66,-154.61,49.0742,4.8357,Standard Class,Consumer
DC-101643,3958,2016-02-05,Northern Europe,United Kingdom,England,Furniture,Storage Cabinet,1,141.94,0.104,127.18,1.86,52.3346,0.8539,Second Class,Consumer
DC-101644,1204,2015-04-27,Western Europe,France,Ile-de-France,Sports & Outdoors,Camping Tent,5,892.88,0.031,4326.0,1154.38,48.5793,2.0619,Second Class,Corporate
DC-101645,7628,2017-03-04,East,United States,New York,Sports & Outdoors,Sports Bag,1,764.04,0.153,647.14,19.08,43.4089,-76.2575,Same Day,Home Office
DC-101646,3428,2016-07-17,Oceania,Australia,New South Wales,Furniture,Wooden Desk,3,544.99,0.022,1599.0,-144.88,-33.5969,153.2876,First Class,Consumer
DC-101647,7646,2016-06-30,Oceania,Australia,New South Wales,Sports & Outdoors,Fitness Equipment,2,163.98,0.132,284.67,18.38,-36.792,151.3559,Standard Class,Consumer
DC-101648,3278,2017-03-15,West,United States,California,Furniture,Conference Table,2,547.88,0.042,1049.74,73.55,37.6059,-120.5763,Standard Class,Consumer
DC-101649,4351,2016-11-07,Northern Europe,United Kingdom,England,Technology,LED Monitor,4,137.65,0.1,495.54,-30.61,52.6572,0.043,Second Class,Corporate
DC-101650,4297,2016-02-29,Western Europe,France,Ile-de-France,Sports & Outdoors,Mountain Bike,4,420.81,0.173,1392.04,78.84,47.5672,0.9366,Standard Class,Home Office
DC-101651,4019,2016-09-30,East,United States,New York,Technology,Apple Smart Device,1,424.06,0.161,355.79,60.22,44.728,-76.9938,Standard Class,Consumer
DC-101652,3513,2017-09-27,Western Europe,France,Ile-de-France,Office Supplies,File Folder,5,160.53,0.163,671.82,-65.52,48.0592,3.7436,Second Class,Corporate
DC-101653,4216,2016-09-11,South Asia,India,Maharashtra,Furniture,Office Chair,5,794.35,0.158,3344.21,704.57,20.1625,74.0462,First Class,Consumer
DC-101654,4934,2017-04-07,Western Europe,France,Ile-de-France,Technology,Laptop Computer,2,893.43,0.095,1617.11,101.35,48.8619,1.0312,Standard Class,Consumer
DC-101655,3878,2015-09-12,East,United States,New York,Technology,LED Monitor,5,14.67,0.278,52.96,-3.45,43.3299,-73.2659,First Class,Consumer
DC-101656,5306,2015-09-05,East,United States,New York,Office Supplies,Pen Set,2,221.81,0.163,371.31,70.91,43.402,-72.5045,Same Day,Consumer
DC-101657,4133,2015-10-13,Oceania,Australia,New South Wales,Office Supplies,Pen Set,5,36.21,0.155,152.99,19.58,-35.1531,151.3268,Same Day,Consumer
DC-101658,2727,2016-08-16,Canada,Canada,Ontario,Technology,Apple Smart Device,2,54.11,0.286,77.27,3.38,41.9405,-78.3533,Second Class,Consumer
DC-101659,6437,2017-01-01,Oceania,Australia,New South Wales,Furniture,Office Chair,5,722.15,0.182,2953.59,535.33,-33.0041,151.4915,First Class,Consumer
DC-101660,7578,2015-01-30,Central,United States,Texas,Office Supplies,Stapler,5,466.61,0.104,2090.41,22.18,31.6206,-99.0217,First Class,Home Office
DC-101661,6780,2015-06-07,Canada,Canada,Ontario,Sports & Outdoors,Mountain Bike,1,452.36,0.187,367.77,4.06,43.3192,-78.4315,Standard Class,Consumer
DC-101662,5750,2017-06-19,Northern Europe,United Kingdom,England,Sports & Outdoors,Fitness Equipment,5,843.08,0.061,3958.26,261.52,52.4891,-1.9412,Standard Class,Home Office
DC-101663,3386,2015-04-13,Southeast Asia,Singapore,Singapore,Office Supplies,Pen Set,2,882.24,0.08,1623.32,252.96,0.7276,103.4314,Second Class,Corporate
DC-101664,3924,2017-10-19,East,United States,New York,Furniture,Storage Cabinet,4,42.36,0.066,158.26,-11.53,43.4321,-76.895,Second Class,Consumer
DC-101665,5964,2015-11-19,East,United States,New York,Technology,Laptop Computer,1,292.93,0.164,244.89,43.28,41.2965,-75.6511,First Class,Consumer
DC-101666,3752,2017-06-13,East,United States,New York,Furniture,Wooden Desk,2,290.94,0.266,427.1,81.92,42.8069,-73.8947,Standard Class,Consumer
DC-101667,3534,2017-01-09,Southeast Asia,Singapore,Singapore,Technology,Laptop Computer,4,162.85,0.292,461.19,62.6,1.068,102.2344,Standard Class,Home Office
DC-101668,7978,2017-12-07,Southeast Asia,Singapore,Singapore,Sports & Outdoors,Fitness Equipment,3,35.06,0.122,92.35,-10.4,2.5477,101.6033,Second Class,Corporate
DC-101669,4177,2016-10-11,West,United States,California,Furniture,Conference Table,3,635.89,0.102,1713.09,83.06,35.3547,-120.201,Second Class,Home Office
DC-101670,7209,2017-01-04,Canada,Canada,Ontario,Technology,Wireless Keyboard,1,743.56,0.057,701.18,42.19,44.9587,-79.1229,Second Class,Consumer
DC-101671,6156,2017-08-25,East,United States,New York,Technology,Apple Smart Device,4,635.25,0.102,2281.82,330.19,41.4053,-73.7801,Second Class,Home Office
DC-101672,3689,2015-09-15,Western Europe,France,Ile-de-France,Technology,LED Monitor,4,808.48,0.287,2305.78,3.01,49.1506,-0.3407,Standard Class,Corporate
DC-101673,6126,2015-05-14,Central,United States,Texas,Sports & Outdoors,Running Shoes,2,702.81,0.064,1315.66,-9.28,30.4393,-99.4212,First Class,Corporate
DC-101674,4560,2015-11-15,Western Europe,France,Ile-de-France,Technology,Bluetooth Headset,4,789.68,0.091,2871.28,211.45,49.2359,4.3519,First Class,Consumer
DC-101675,3274,2018-01-14,South Asia,India,Maharashtra,Office Supplies,Stapler,1,247.33,0.175,204.05,3.41,20.1961,72.9655,Standard Class,Consumer
DC-101676,3716,2016-04-11,West,United States,California,Sports & Outdoors,Running Shoes,4,435.75,0.047,1661.08,-185.82,36.5112,-118.9344,Standard Class,Consumer
DC-101677,4001,2018-01-11,Western Europe,France,Ile-de-France,Office Supplies,File Folder,1,30.63,0.299,21.47,1.73,50.808,3.018,Second Class,Home Office
DC-101678,1667,2015-02-25,Southeast Asia,Singapore,Singapore,Sports & Outdoors,Mountain Bike,2,54.56,0.086,99.74,-7.6,0.0504,107.4915,Same Day,Corporate
DC-101679,4987,2016-12-21,Northern Europe,United Kingdom,England,Technology,Wireless Keyboard,3,401.65,0.1,1084.45,129.76,52.1276,-0.9665,First Class,Corporate
DC-101680,3512,2015-04-14,South,United States,Florida,Technology,Apple Smart Device,3,820.3,0.061,2310.79,350.0,27.5531,-81.0287,Second Class,Corporate
DC-101681,5711,2016-01-08,West,United States,California,Technology,Wireless Keyboard,4,490.98,0.159,1651.66,107.83,38.9007,-119.1911,First Class,Consumer
DC-101682,7641,2015-05-10,South,United States,Florida,Furniture,Office Chair,5,379.15,0.211,1495.75,167.09,29.5329,-80.9918,Standard Class,Consumer
DC-101683,4449,2015-10-12,West,United States,California,Technology,Wireless Keyboard,2,205.98,0.08,379.0,-31.03,39.0418,-120.5063,Standard Class,Corporate
DC-101684,3270,2015-11-13,Southeast Asia,Singapore,Singapore,Furniture,Bookshelf,3,431.08,0.288,920.79,219.72,0.6742,104.9854,Standard Class,Consumer
DC-101685,1224,2016-11-26,Oceania,Australia,New South Wales,Office Supplies,File Folder,1,296.68,0.281,213.31,-18.49,-35.0986,149.1253,Standard Class,Home Office
DC-101686,3181,2015-05-18,South,United States,Florida,Sports & Outdoors,Running Shoes,3,97.64,0.264,215.59,34.22,25.7464,-80.2923,First Class,Consumer
DC-101687,1730,2016-08-26,Northern Europe,United Kingdom,England,Sports & Outdoors,Camping Tent,3,211.34,0.082,582.03,29.34,48.4017,-1.7821,Second Class,Home Office
DC-101688,4350,2016-06-14,South Asia,India,Maharashtra,Technology,Wireless Keyboard,4,448.38,0.049,1705.64,278.01,20.3553,74.9303,Standard Class,Corporate
DC-101689,6163,2017-11-28,West,United States,California,Technology,Bluetooth Headset,5,472.66,0.03,2292.4,455.65,37.0154,-121.3126,Standard Class,Consumer
DC-101690,4397,2017-02-15,Canada,Canada,Ontario,Sports & Outdoors,Fitness Equipment,1,715.82,0.251,536.15,-63.59,44.6261,-79.3547,Standard Class,Consumer
DC-101691,6037,2017-12-23,West,United States,California,Technology,Apple Smart Device,3,80.06,0.092,218.08,-8.58,36.8669,-119.5954,Standard Class,Consumer
DC-101692,4212,2015-10-02,South Asia,India,Maharashtra,Technology,Laptop Computer,4,331.79,0.27,968.83,157.24,19.0851,75.7993,Standard Class,Consumer
DC-101693,6497,2016-04-01,Canada,Canada,Ontario,Office Supplies,Notebook,2,95.5,0.228,147.45,6.28,42.9488,-79.6414,Standard Class,Corporate
DC-101694,6077,2015-02-22,South Asia,India,Maharashtra,Furniture,Office Chair,1,566.97,0.132,492.13,53.69,19.5057,71.7608,First Class,Corporate
DC-101695,1084,2016-02-03,South,United States,Florida,Technology,LED Monitor,2,694.37,0.161,1165.15,29.9,29.8122,-82.1149,Standard Class,Corporate
DC-101696,4107,2017-04-07,Western Europe,France,Ile-de-France,Office Supplies,Notebook,5,95.38,0.019,467.84,13.46,48.6929,1.119,Second Class,Consumer
DC-101697,7816,2015-06-11,Southeast Asia,Singapore,Singapore,Technology,Laptop Computer,1,473.87,0.26,350.66,52.15,1.5216,105.9936,Same Day,Corporate
DC-101698,7218,2016-06-11,Northern Europe,United Kingdom,England,Technology,Wireless Keyboard,1,198.61,0.042,190.27,19.85,54.1009,-3.2015,Second Class,Corporate
DC-101699,7315,2016-12-03,Southeast Asia,Singapore,Singapore,Technology,Wireless Keyboard,1,889.35,0.013,877.79,-55.82,-2.7326,102.0057,First Class,Consumer
DC-101700,7490,2015-03-25,East,United States,New York,Technology,Wireless Keyboard,1,742.67,0.188,603.05,153.73,42.5962,-74.1572,First Class,Consumer
DC-101701,4181,2015-11-07,Western Europe,France,Ile-de-France,Furniture,Conference Table,2,757.08,0.222,1178.02,-106.54,48.4914,1.7352,Second Class,Corporate
DC-101702,7565,2016-12-03,South,United States,Florida,Technology,Apple Smart Device,2,612.33,0.119,1078.93,174.41,25.5446,-80.7984,First Class,Corporate
DC-101703,1075,2015-11-05,Western Europe,France,Ile-de-France,Sports & Outdoors,Sports Bag,1,523.86,0.212,412.8,-26.74,49.3415,3.0036,Second Class,Consumer
DC-101704,3825,2017-12-10,Southeast Asia,Singapore,Singapore,Sports & Outdoors,Fitness Equipment,2,858.63,0.002,1713.83,-195.1,3.069,105.7098,Second Class,Corporate
DC-101705,7519,2016-11-18,Northern Europe,United Kingdom,England,Sports & Outdoors,Fitness Equipment,5,172.69,0.17,716.66,199.64,49.8159,-0.8428,First Class,Corporate
DC-101706,3849,2016-07-27,East,United States,New York,Office Supplies,Notebook,5,858.18,0.133,3720.21,656.2,46.3912,-73.4745,Standard Class,Consumer
DC-101707,3931,2016-02-05,Central,United States,Texas,Office Supplies,Notebook,5,604.51,0.154,2557.08,263.51,31.3092,-99.4831,Standard Class,Consumer
DC-101708,6978,2016-08-01,Canada,Canada,Ontario,Furniture,Bookshelf,1,249.64,0.185,203.46,-17.31,44.725,-79.544,Standard Class,Consumer
DC-101709,5191,2015-11-26,Oceania,Australia,New South Wales,Sports & Outdoors,Running Shoes,2,46.86,0.008,92.97,13.09,-32.6799,150.2668,Second Class,Consumer
DC-101710,5545,2016-02-04,Western Europe,France,Ile-de-France,Furniture,Conference Table,4,772.33,0.18,2533.24,-157.04,49.4857,2.4941,Same Day,Home Office
DC-101711,6108,2017-05-05,Central,United States,Texas,Sports & Outdoors,Camping Tent,3,191.91,0.225,446.19,117.22,32.1989,-100.7702,Standard Class,Consumer
DC-101712,6955,2016-01-19,Southeast Asia,Singapore,Singapore,Office Supplies,Notebook,3,325.21,0.179,800.99,-88.59,1.7976,105.0463,Second Class,Consumer
DC-101713,7602,2015-10-13,Central,United States,Texas,Sports & Outdoors,Fitness Equipment,2,809.72,0.205,1287.45,311.83,29.6739,-102.0285,First Class,Corporate
DC-101714,3761,2016-07-04,Canada,Canada,Ontario,Technology,Apple Smart Device,1,849.09,0.2,679.27,-48.28,44.7934,-80.207,Standard Class,Corporate
DC-101715,4692,2016-07-06,Oceania,Australia,New South Wales,Office Supplies,Stapler,1,537.08,0.283,385.09,-17.51,-34.0057,152.8309,First Class,Corporate
DC-101716,4832,2015-01-03,Central,United States,Texas,Office Supplies,Printer Paper,1,491.68,0.213,386.95,59.03,29.6351,-97.0208,Standard Class,Corporate
DC-101717,4105,2017-09-16,Central,United States,Texas,Sports & Outdoors,Running Shoes,4,303.13,0.116,1071.87,181.87,30.2557,-98.6437,Standard Class,Corporate
DC-101718,6544,2016-02-18,South,United States,Florida,Technology,Bluetooth Headset,4,737.4,0.272,2147.31,202.86,27.9162,-79.6327,Same Day,Consumer
DC-101719,5823,2017-06-04,Southeast Asia,Singapore,Singapore,Office Supplies,Pen Set,3,571.53,0.01,1697.44,273.63,0.5684,101.3937,Second Class,Corporate
DC-101720,4006,2017-06-09,East,United States,New York,Office Supplies,Pen Set,5,578.26,0.115,2558.8,424.27,43.9839,-77.2727,Standard Class,Corporate
DC-101721,3926,2017-08-02,South,United States,Florida,Office Supplies,File Folder,3,255.16,0.194,616.98,127.91,28.5796,-83.348,Second Class,Consumer
DC-101722,3302,2017-01-14,Southeast Asia,Singapore,Singapore,Technology,Apple Smart Device,2,202.52,0.184,330.51,71.93,3.0557,102.7986,Second Class,Consumer
DC-101723,5375,2016-11-22,South Asia,India,Maharashtra,Furniture,Bookshelf,5,626.59,0.153,2653.61,636.91,18.2545,77.7689,Second Class,Corporate
DC-101724,5872,2015-10-26,Oceania,Australia,New South Wales,Sports & Outdoors,Mountain Bike,2,709.41,0.035,1369.16,85.72,-34.5668,153.2668,Standard Class,Consumer
DC-101725,7582,2016-12-17,Central,United States,Texas,Office Supplies,Printer Paper,4,342.11,0.105,1224.75,102.94,29.9826,-100.3257,Second Class,Consumer
DC-101726,6564,2015-02-11,Central,United States,Texas,Sports & Outdoors,Running Shoes,3,349.63,0.15,891.56,234.89,31.005,-100.7486,Standard Class,Corporate
DC-101727,1419,2015-02-09,Southeast Asia,Singapore,Singapore,Office Supplies,Notebook,4,831.28,0.12,2926.11,627.2,3.3411,104.4581,Standard Class,Corporate
DC-101728,2507,2017-09-14,West,United States,California,Technology,Laptop Computer,1,536.91,0.134,464.96,85.47,34.7577,-119.7181,Second Class,Corporate
DC-101729,7193,2016-03-14,Northern Europe,United Kingdom,England,Technology,Bluetooth Headset,2,184.18,0.001,367.99,21.65,51.8752,0.2245,First Class,Consumer
DC-101730,7116,2016-12-25,Oceania,Australia,New South Wales,Technology,Bluetooth Headset,5,459.53,0.159,1932.32,223.11,-32.6924,150.6478,First Class,Consumer
DC-101731,3031,2017-09-07,Central,United States,Texas,Sports & Outdoors,Camping Tent,2,657.82,0.049,1251.17,281.54,29.6368,-98.7254,Standard Class,Corporate
DC-101732,1046,2015-09-30,South,United States,Florida,Office Supplies,Pen Set,2,363.59,0.074,673.37,-55.58,27.6784,-78.0933,First Class,Corporate
DC-101733,2176,2017-05-27,South,United States,Florida,Furniture,Storage Cabinet,1,615.3,0.109,548.23,6.19,28.1449,-81.3639,Second Class,Consumer
DC-101734,7873,2017-05-05,South Asia,India,Maharashtra,Furniture,Conference Table,5,601.69,0.019,2951.29,8.34,17.0115,77.7411,Standard Class,Consumer
DC-101735,6869,2015-09-25,South,United States,Florida,Sports & Outdoors,Camping Tent,2,398.65,0.223,619.5,150.55,27.5056,-79.1929,Standard Class,Corporate
DC-101736,6061,2016-08-21,Central,United States,Texas,Office Supplies,Stapler,5,156.98,0.071,729.17,41.05,31.0331,-96.8143,Second Class,Consumer
DC-101737,4742,2016-06-04,South Asia,India,Maharashtra,Sports & Outdoors,Camping Tent,5,810.7,0.286,2894.2,-231.34,20.7725,71.9555,Standard Class,Corporate
DC-101738,4099,2016-12-11,West,United States,California,Sports & Outdoors,Running Shoes,5,602.46,0.144,2578.53,-25.58,38.6476,-119.4518,Standard Class,Consumer
DC-101739,4703,2016-03-28,South Asia,India,Maharashtra,Office Supplies,File Folder,4,264.96,0.245,800.18,61.2,20.4278,75.9921,Same Day,Consumer
DC-101740,1598,2017-01-26,South,United States,Florida,Sports & Outdoors,Sports Bag,1,16.4,0.265,12.05,3.05,26.0959,-82.958,Second Class,Corporate
DC-101741,3392,2015-02-22,South Asia,India,Maharashtra,Furniture,Storage Cabinet,1,780.34,0.153,660.95,167.43,19.208,73.168,Standard Class,Consumer
DC-101742,4495,2015-09-18,East,United States,New York,Furniture,Conference Table,4,138.04,0.186,449.46,77.01,42.5088,-74.7367,Standard Class,Corporate
DC-101743,7677,2016-07-28,West,United States,California,Technology,Wireless Keyboard,5,366.06,0.278,1321.48,344.15,36.8754,-119.1047,Same Day,Consumer
DC-101744,3032,2017-01-07,Northern Europe,United Kingdom,England,Technology,Laptop Computer,1,783.12,0.268,573.24,156.21,53.3343,-2.9496,Second Class,Corporate
DC-101745,6447,2016-07-23,South,United States,Florida,Technology,Bluetooth Headset,3,820.42,0.071,2286.51,550.59,28.1436,-82.8968,Standard Class,Home Office
DC-101746,7805,2015-04-01,South,United States,Florida,Technology,Wireless Keyboard,2,380.06,0.19,615.7,82.73,29.4859,-82.6748,Standard Class,Corporate
DC-101747,3275,2017-07-11,Northern Europe,United Kingdom,England,Technology,Laptop Computer,5,828.57,0.087,3782.42,545.07,53.0948,-0.7223,Standard Class,Consumer
DC-101748,1264,2015-10-25,Western Europe,France,Ile-de-France,Technology,Wireless Keyboard,1,580.93,0.243,439.76,51.98,48.8826,0.2836,Standard Class,Consumer
DC-101749,2797,2017-10-22,East,United States,New York,Sports & Outdoors,Camping Tent,4,67.17,0.078,247.72,64.5,41.6434,-74.2744,Second Class,Consumer
DC-101750,4676,2015-05-23,Central,United States,Texas,Office Supplies,Pen Set,3,780.75,0.193,1890.2,-115.99,29.4434,-99.1203,Standard Class,Home Office
DC-101751,6172,2015-12-26,East,United States,New York,Technology,Bluetooth Headset,2,517.0,0.134,895.44,-102.8,45.3582,-76.2245,Standard Class,Corporate
DC-101752,5627,2016-04-25,Southeast Asia,Singapore,Singapore,Furniture,Conference Table,3,758.35,0.129,1981.57,400.09,-0.8301,102.5791,Second Class,Consumer
DC-101753,7344,2015-09-09,Southeast Asia,Singapore,Singapore,Furniture,Wooden Desk,4,68.49,0.167,228.21,51.44,1.35,102.3375,Standard Class,Consumer
DC-101754,3256,2017-02-24,Central,United States,Texas,Furniture,Storage Cabinet,5,80.53,0.266,295.55,56.66,31.0059,-98.6187,Second Class,Corporate
DC-101755,6145,2015-05-14,South Asia,India,Maharashtra,Technology,LED Monitor,5,836.87,0.281,3008.55,-308.9,21.1432,76.3582,Standard Class,Corporate
DC-101756,4440,2016-07-03,Central,United States,Texas,Sports & Outdoors,Fitness Equipment,1,821.76,0.284,588.38,-60.19,29.9603,-98.1375,Second Class,Corporate
DC-101757,5724,2016-06-20,Canada,Canada,Ontario,Sports & Outdoors,Running Shoes,3,120.94,0.117,320.37,28.95,41.6202,-79.2535,Second Class,Consumer
DC-101758,5136,2016-10-02,Southeast Asia,Singapore,Singapore,Technology,Wireless Keyboard,4,356.29,0.297,1001.89,268.91,1.0663,103.8821,First Class,Consumer
DC-101759,2669,2015-08-27,East,United States,New York,Office Supplies,Printer Paper,3,326.75,0.265,720.48,135.81,41.9957,-74.0083,Standard Class,Corporate
DC-101760,1056,2016-06-08,Oceania,Australia,New South Wales,Furniture,Wooden Desk,1,81.38,0.015,80.16,3.06,-32.5181,151.7189,First Class,Consumer
DC-101761,2873,2016-09-01,Canada,Canada,Ontario,Furniture,Wooden Desk,4,97.14,0.078,358.25,95.26,43.7959,-78.4296,First Class,Consumer
DC-101762,2513,2015-05-16,Central,United States,Texas,Furniture,Conference Table,5,343.13,0.023,1676.19,290.63,30.4084,-99.7311,Standard Class,Corporate
DC-101763,5528,2016-06-20,Northern Europe,United Kingdom,England,Technology,LED Monitor,4,749.51,0.089,2731.21,512.27,52.8233,-3.4959,Standard Class,Consumer
DC-101764,7378,2016-12-28,South,United States,Florida,Technology,Laptop Computer,2,224.36,0.272,326.67,-22.98,25.6771,-81.3294,Second Class,Consumer
DC-101765,1007,2016-02-19,Central,United States,Texas,Office Supplies,File Folder,4,804.71,0.191,2604.04,412.89,31.8085,-98.7895,Standard Class,Home Office
DC-101766,4197,2015-09-27,South,United States,Florida,Office Supplies,Printer Paper,5,608.36,0.034,2938.38,385.22,26.1524,-80.8879,Second Class,Consumer
DC-101767,3621,2017-06-10,South Asia,India,Maharashtra,Office Supplies,Pen Set,3,205.97,0.185,503.6,67.77,17.4281,76.3251,Second Class,Home Office
DC-101768,2654,2016-02-18,South Asia,India,Maharashtra,Office Supplies,Printer Paper,1,20.62,0.152,17.49,0.48,17.8706,77.5548,Standard Class,Corporate
DC-101769,6382,2018-01-14,Central,United States,Texas,Sports & Outdoors,Sports Bag,3,143.34,0.177,353.91,-21.94,28.8822,-101.9823,Standard Class,Consumer
DC-101770,4860,2017-10-23,West,United States,California,Furniture,Bookshelf,5,734.59,0.251,2751.04,668.77,35.5432,-121.54,Standard Class,Consumer
DC-101771,4149,2016-03-20,Southeast Asia,Singapore,Singapore,Furniture,Storage Cabinet,3,27.94,0.212,66.05,-3.48,3.601,104.0755,Standard Class,Consumer
DC-101772,1601,2015-09-15,Southeast Asia,Singapore,Singapore,Sports & Outdoors,Fitness Equipment,1,42.02,0.295,29.62,4.48,-0.4568,102.2514,Standard Class,Consumer
DC-101773,5478,2016-02-08,Northern Europe,United Kingdom,England,Office Supplies,Notebook,4,657.88,0.188,2136.79,465.38,52.9741,-2.2249,Second Class,Home Office
DC-101774,7298,2015-05-18,South,United States,Florida,Furniture,Conference Table,5,19.51,0.052,92.48,17.27,27.4537,-80.6336,Standard Class,Consumer
DC-101775,7419,2016-12-13,West,United States,California,Office Supplies,Notebook,2,329.79,0.124,577.79,109.36,37.0486,-119.6058,Standard Class,Consumer
DC-101776,2363,2017-09-04,Southeast Asia,Singapore,Singapore,Office Supplies,File Folder,3,232.66,0.147,595.38,141.44,1.8953,104.645,Standard Class,Consumer
DC-101777,2949,2015-12-02,South Asia,India,Maharashtra,Furniture,Bookshelf,2,128.18,0.146,218.93,-1.28,16.9347,77.757,Standard Class,Consumer
DC-101778,1324,2017-01-27,Central,United States,Texas,Office Supplies,Pen Set,3,123.88,0.201,296.94,-17.34,32.1435,-101.5273,Second Class,Consumer
DC-101779,4687,2017-09-30,Oceania,Australia,New South Wales,Furniture,Wooden Desk,3,66.77,0.136,173.07,46.72,-35.4853,152.7327,Second Class,Consumer
DC-101780,2102,2015-06-27,South,United States,Florida,Technology,Wireless Keyboard,5,779.15,0.114,3451.63,199.83,28.2778,-82.82,Standard Class,Corporate
DC-101781,1621,2017-03-16,Canada,Canada,Ontario,Furniture,Office Chair,5,860.7,0.069,4006.56,231.66,43.2974,-79.074,First Class,Corporate
DC-101782,4445,2016-01-12,Southeast Asia,Singapore,Singapore,Technology,Wireless Keyboard,3,770.59,0.03,2242.42,180.96,1.1256,104.7992,Standard Class,Consumer
DC-101783,2672,2017-01-22,South Asia,India,Maharashtra,Technology,Apple Smart Device,1,448.47,0.173,370.88,-11.87,19.5567,75.8402,Same Day,Corporate
DC-101784,4423,2017-12-26,South,United States,Florida,Furniture,Storage Cabinet,2,279.49,0.289,397.43,52.15,26.1109,-80.9597,Standard Class,Home Office
DC-101785,5542,2017-11-28,Canada,Canada,Ontario,Furniture,Wooden Desk,2,25.62,0.235,39.2,6.29,44.6751,-78.7364,Standard Class,Consumer
DC-101786,7980,2015-09-04,Southeast Asia,Singapore,Singapore,Sports & Outdoors,Sports Bag,4,436.67,0.057,1647.12,276.07,1.9563,101.3773,Standard Class,Consumer
DC-101787,2961,2016-03-08,Northern Europe,United Kingdom,England,Technology,LED Monitor,5,335.14,0.259,1241.69,108.94,52.3214,-0.79,Second Class,Consumer
DC-101788,7093,2016-06-03,Canada,Canada,Ontario,Office Supplies,Printer Paper,3,590.7,0.291,1256.42,274.66,45.3966,-78.2935,Standard Class,Consumer
DC-101789,6057,2016-10-03,East,United States,New York,Office Supplies,File Folder,3,738.62,0.237,1690.7,-38.86,44.6483,-75.7118,Standard Class,Consumer
DC-101790,1921,2017-06-23,Canada,Canada,Ontario,Office Supplies,Stapler,3,836.16,0.018,2463.33,-125.37,43.3408,-77.5986,Standard Class,Corporate
DC-101791,7350,2015-07-29,Canada,Canada,Ontario,Furniture,Office Chair,5,231.19,0.146,987.18,-111.63,44.7673,-79.5686,Standard Class,Consumer
DC-101792,6935,2015-09-21,East,United States,New York,Technology,LED Monitor,2,536.5,0.058,1010.77,252.92,43.9173,-74.1501,Second Class,Home Office
DC-101793,4382,2017-03-20,East,United States,New York,Office Supplies,Stapler,2,618.15,0.076,1142.34,-67.03,42.0984,-74.026,First Class,Home Office
DC-101794,1941,2017-07-20,East,United States,New York,Office Supplies,Pen Set,2,399.04,0.051,757.38,102.27,43.0201,-77.1417,First Class,Consumer
DC-101795,2642,2015-12-10,East,United States,New York,Furniture,Conference Table,2,792.87,0.075,1466.81,-138.42,43.2715,-74.2365,Standard Class,Consumer
DC-101796,2253,2017-03-14,Oceania,Australia,New South Wales,Office Supplies,Pen Set,1,828.04,0.215,650.01,-22.7,-34.4387,154.3128,Second Class,Consumer
DC-101797,7385,2015-10-04,Southeast Asia,Singapore,Singapore,Technology,LED Monitor,5,551.0,0.073,2553.89,465.72,2.0065,104.0728,Standard Class,Consumer
DC-101798,1364,2015-04-20,Western Europe,France,Ile-de-France,Furniture,Office Chair,3,560.97,0.268,1231.89,235.04,47.7796,5.285,Second Class,Consumer
DC-101799,3354,2015-02-05,Oceania,Australia,New South Wales,Sports & Outdoors,Running Shoes,3,496.13,0.156,1256.2,61.41,-34.674,151.709,Same Day,Consumer
DC-101800,7987,2017-09-02,South Asia,India,Maharashtra,Technology,LED Monitor,4,522.76,0.224,1622.65,-79.96,21.3188,76.3494,Standard Class,Consumer
DC-101801,6417,2017-09-01,South,United States,Florida,Furniture,Storage Cabinet,5,126.22,0.189,511.82,122.53,28.491,-81.0306,First Class,Corporate
DC-101802,2343,2017-03-31,Oceania,Australia,New South Wales,Technology,Wireless Keyboard,2,351.07,0.263,517.48,106.19,-33.218,151.4145,Second Class,Consumer
DC-101803,3331,2017-11-02,Southeast Asia,Singapore,Singapore,Furniture,Conference Table,5,156.91,0.008,778.27,-58.73,0.6273,104.8488,Second Class,Corporate
DC-101804,3576,2015-06-16,East,United States,New York,Furniture,Storage Cabinet,3,642.74,0.11,1716.12,472.97,42.5133,-77.4944,Standard Class,Consumer
DC-101805,7234,2015-04-22,Northern Europe,United Kingdom,England,Furniture,Office Chair,5,35.77,0.015,176.17,-7.18,52.2231,0.3427,Second Class,Home Office
DC-101806,5719,2016-08-10,South,United States,Florida,Office Supplies,Notebook,4,881.87,0.082,3238.23,666.37,29.0651,-80.6512,Standard Class,Corporate
DC-101807,1958,2017-11-27,West,United States,California,Technology,Apple Smart Device,4,518.46,0.142,1779.35,252.77,35.2617,-116.8539,First Class,Corporate
DC-101808,7118,2017-04-27,South Asia,India,Maharashtra,Technology,Wireless Keyboard,5,57.49,0.196,231.11,59.81,22.5564,74.6711,Second Class,Corporate
DC-101809,2791,2015-08-05,Canada,Canada,Ontario,Office Supplies,Notebook,5,261.87,0.158,1102.47,-10.85,43.312,-78.2252,Second Class,Home Office
DC-101810,1077,2017-02-25,Southeast Asia,Singapore,Singapore,Sports & Outdoors,Running Shoes,3,588.47,0.219,1378.79,300.7,3.3727,104.5448,First Class,Consumer
DC-101811,4637,2015-06-06,East,United States,New York,Office Supplies,Printer Paper,1,84.96,0.021,83.18,10.83,41.1579,-76.7472,Standard Class,Consumer
DC-101812,2831,2015-03-10,Northern Europe,United Kingdom,England,Office Supplies,Printer Paper,5,355.17,0.101,1596.49,341.05,51.4991,-1.0283,Standard Class,Corporate
DC-101813,5682,2017-09-29,Oceania,Australia,New South Wales,Office Supplies,Notebook,3,583.01,0.012,1728.04,379.48,-31.698,152.6163,Standard Class,Consumer
DC-101814,4228,2015-02-09,Oceania,Australia,New South Wales,Sports & Outdoors,Camping Tent,4,428.39,0.093,1554.2,142.27,-32.3311,153.8097,Standard Class,Home Office
DC-101815,3773,2017-05-04,Canada,Canada,Ontario,Office Supplies,File Folder,3,653.96,0.171,1626.4,109.26,44.4522,-77.5479,Standard Class,Consumer
DC-101816,7972,2016-09-08,Northern Europe,United Kingdom,England,Technology,Laptop Computer,5,72.51,0.227,280.25,-30.5,51.377,-1.2726,Standard Class,Consumer
DC-101817,3056,2017-04-15,South,United States,Florida,Sports & Outdoors,Fitness Equipment,3,555.47,0.287,1188.15,-74.42,27.4847,-82.8765,Second Class,Consumer
DC-101818,5845,2017-09-12,Western Europe,France,Ile-de-France,Office Supplies,Printer Paper,5,257.49,0.152,1091.76,60.62,47.3325,3.4943,Standard Class,Home Office
DC-101819,1827,2015-05-30,Central,United States,Texas,Sports & Outdoors,Camping Tent,2,141.39,0.036,272.6,67.66,32.7748,-100.3852,Second Class,Corporate
DC-101820,6612,2017-01-08,West,United States,California,Office Supplies,Notebook,3,231.48,0.193,560.41,120.62,35.3215,-120.1488,Standard Class,Consumer
DC-101821,3671,2016-10-24,Northern Europe,United Kingdom,England,Office Supplies,Stapler,4,230.12,0.141,790.69,-25.32,50.3583,-1.3825,Standard Class,Corporate
DC-101822,6959,2016-11-17,Northern Europe,United Kingdom,England,Furniture,Conference Table,5,71.71,0.039,344.57,-38.84,51.471,1.6434,Second Class,Consumer
DC-101823,5128,2015-10-15,East,United States,New York,Technology,Apple Smart Device,3,169.02,0.193,409.2,57.08,41.392,-74.5018,Standard Class,Corporate
DC-101824,4016,2016-12-05,Oceania,Australia,New South Wales,Office Supplies,Pen Set,4,26.2,0.064,98.09,8.21,-33.3489,149.6276,Standard Class,Consumer
DC-101825,5946,2017-09-27,Western Europe,France,Ile-de-France,Technology,Laptop Computer,2,586.13,0.08,1078.48,110.98,49.2401,1.7418,Standard Class,Consumer
DC-101826,3631,2016-06-13,South,United States,Florida,Office Supplies,File Folder,3,431.82,0.122,1137.41,3.25,28.7818,-79.458,Standard Class,Corporate
DC-101827,2585,2015-02-14,Northern Europe,United Kingdom,England,Furniture,Conference Table,5,99.82,0.177,410.76,-39.0,53.1731,-1.5357,Second Class,Consumer
DC-101828,2651,2015-01-02,Central,United States,Texas,Office Supplies,Pen Set,4,664.67,0.012,2626.78,3.81,29.3632,-99.6877,Second Class,Consumer
DC-101829,6982,2015-06-25,Western Europe,France,Ile-de-France,Office Supplies,File Folder,4,253.77,0.191,821.2,-73.16,47.8159,2.0332,Standard Class,Corporate
DC-101830,5249,2017-09-20,Central,United States,Texas,Furniture,Storage Cabinet,3,724.58,0.294,1534.66,-27.88,30.9553,-97.8362,Standard Class,Consumer
DC-101831,3073,2015-01-14,Southeast Asia,Singapore,Singapore,Sports & Outdoors,Fitness Equipment,4,487.18,0.155,1646.67,437.28,1.1399,104.1856,Standard Class,Corporate
DC-101832,4420,2017-05-30,Southeast Asia,Singapore,Singapore,Technology,LED Monitor,4,805.1,0.107,2875.82,-113.19,3.8398,102.9981,Second Class,Home Office
DC-101833,3298,2015-12-17,West,United States,California,Technology,Apple Smart Device,5,275.21,0.106,1230.19,6.3,37.6788,-121.4192,Second Class,Corporate
DC-101834,3418,2015-03-19,South,United States,Florida,Sports & Outdoors,Fitness Equipment,5,718.25,0.152,3045.38,447.77,28.0135,-82.0657,Second Class,Consumer
DC-101835,1322,2015-07-01,Western Europe,France,Ile-de-France,Office Supplies,File Folder,1,436.55,0.257,324.36,-35.55,48.4635,2.4132,Standard Class,Corporate
DC-101836,5002,2016-10-16,Western Europe,France,Ile-de-France,Office Supplies,Stapler,5,410.32,0.057,1934.66,351.26,50.1829,2.0346,First Class,Consumer
DC-101837,3449,2015-10-24,Southeast Asia,Singapore,Singapore,Technology,LED Monitor,4,38.03,0.261,112.42,18.74,1.0343,104.0476,Standard Class,Consumer
DC-101838,2375,2017-05-23,Northern Europe,United Kingdom,England,Office Supplies,Pen Set,2,611.42,0.214,961.15,112.68,52.1919,-0.2308,Standard Class,Corporate
DC-101839,2233,2016-04-14,Southeast Asia,Singapore,Singapore,Office Supplies,Printer Paper,1,741.26,0.089,675.29,156.01,1.2997,102.6564,Second Class,Corporate
DC-101840,6586,2017-10-19,Northern Europe,United Kingdom,England,Technology,Apple Smart Device,4,570.72,0.117,2015.78,364.09,52.7903,-0.512,Second Class,Corporate
DC-101841,6682,2017-12-17,Western Europe,France,Ile-de-France,Technology,Laptop Computer,4,274.12,0.159,922.14,216.89,48.9692,-0.1937,Second Class,Consumer
DC-101842,4230,2017-10-12,East,United States,New York,Sports & Outdoors,Running Shoes,3,830.14,0.22,1942.53,252.27,41.378,-75.4251,First Class,Consumer
DC-101843,5829,2015-08-24,Southeast Asia,Singapore,Singapore,Furniture,Conference Table,2,892.32,0.101,1604.39,-167.58,1.442,103.4467,Standard Class,Consumer
DC-101844,1652,2016-07-22,Northern Europe,United Kingdom,England,Office Supplies,Pen Set,4,280.99,0.076,1038.54,-11.8,52.0099,-0.7763,Second Class,Home Office
DC-101845,7095,2016-05-23,Canada,Canada,Ontario,Technology,Wireless Keyboard,3,422.95,0.236,969.4,-114.1,40.3931,-79.5441,Standard Class,Consumer
DC-101846,6414,2016-07-03,Oceania,Australia,New South Wales,Sports & Outdoors,Sports Bag,3,343.84,0.295,727.22,-17.9,-32.2821,150.0443,Second Class,Consumer
DC-101847,6748,2017-07-12,South,United States,Florida,Office Supplies,Stapler,5,450.33,0.168,1873.37,473.39,26.979,-80.7506,Standard Class,Corporate
DC-101848,4693,2015-10-24,East,United States,New York,Furniture,Office Chair,2,290.01,0.127,506.36,76.0,43.5632,-75.3609,Standard Class,Consumer
DC-101849,4433,2017-04-15,Western Europe,France,Ile-de-France,Technology,Laptop Computer,4,284.99,0.075,1054.46,-113.18,49.56,2.2696,Same Day,Corporate
DC-101850,4527,2016-11-07,Oceania,Australia,New South Wales,Technology,Apple Smart Device,5,390.73,0.197,1568.78,222.12,-29.8937,150.1823,Second Class,Consumer
DC-101851,3068,2016-09-09,Oceania,Australia,New South Wales,Office Supplies,Printer Paper,5,497.57,0.188,2020.13,-22.05,-34.9191,150.7511,First Class,Consumer
DC-101852,4263,2017-10-08,West,United States,California,Office Supplies,Stapler,5,425.35,0.156,1794.98,269.73,39.0767,-117.886,First Class,Consumer
DC-101853,2891,2017-07-20,Canada,Canada,Ontario,Technology,Bluetooth Headset,2,365.73,0.248,550.06,82.06,43.4746,-79.444,Second Class,Consumer
DC-101854,5238,2017-01-03,Southeast Asia,Singapore,Singapore,Office Supplies,File Folder,5,816.22,0.043,3905.61,970.05,1.7681,101.8826,Standard Class,Corporate
DC-101855,5105,2015-08-26,Southeast Asia,Singapore,Singapore,Technology,LED Monitor,5,316.23,0.048,1505.25,113.54,0.5821,103.0701,Same Day,Home Office
DC-101856,4452,2017-02-26,Oceania,Australia,New South Wales,Sports & Outdoors,Camping Tent,4,819.67,0.134,2839.34,-242.74,-35.8479,151.9804,Second Class,Consumer
DC-101857,7191,2016-11-19,Oceania,Australia,New South Wales,Sports & Outdoors,Running Shoes,4,805.06,0.171,2669.58,690.54,-32.7008,151.0831,Standard Class,Consumer
DC-101858,4442,2015-11-09,Southeast Asia,Singapore,Singapore,Technology,Bluetooth Headset,3,400.26,0.156,1013.46,180.09,-0.0497,102.1947,First Class,Consumer
DC-101859,5543,2015-12-29,South,United States,Florida,Sports & Outdoors,Camping Tent,5,719.22,0.182,2941.61,155.04,26.5546,-81.3406,Standard Class,Consumer
DC-101860,1317,2017-09-20,Canada,Canada,Ontario,Office Supplies,File Folder,1,663.35,0.291,470.32,-13.51,44.1379,-78.9786,Same Day,Consumer
DC-101861,7190,2016-03-24,Northern Europe,United Kingdom,England,Furniture,Office Chair,1,222.11,0.083,203.67,36.22,51.839,-3.6334,Second Class,Corporate
DC-101862,4421,2016-10-14,Canada,Canada,Ontario,Furniture,Bookshelf,3,573.68,0.127,1502.47,-57.16,45.7355,-81.2642,Standard Class,Consumer
DC-101863,1337,2017-02-12,East,United States,New York,Technology,LED Monitor,5,211.26,0.281,759.48,63.01,44.0088,-77.2713,Standard Class,Corporate
DC-101864,3322,2015-06-21,West,United States,California,Furniture,Conference Table,3,830.92,0.163,2086.44,-200.27,37.02,-120.2131,Second Class,Consumer
DC-101865,6373,2017-01-13,Oceania,Australia,New South Wales,Technology,Apple Smart Device,4,761.52,0.059,2866.36,140.74,-33.5439,151.0893,Standard Class,Consumer
DC-101866,6293,2017-10-16,East,United States,New York,Furniture,Office Chair,1,598.16,0.174,494.08,52.91,43.5508,-79.0128,Standard Class,Consumer
DC-101867,2857,2016-05-05,Canada,Canada,Ontario,Technology,Laptop Computer,3,381.94,0.098,1033.53,47.11,43.6911,-81.6171,Standard Class,Home Office
DC-101868,4210,2016-07-27,Northern Europe,United Kingdom,England,Sports & Outdoors,Mountain Bike,3,762.12,0.005,2274.93,600.28,52.2816,-2.3002,Standard Class,Corporate
DC-101869,6290,2015-07-11,Western Europe,France,Ile-de-France,Technology,LED Monitor,1,752.57,0.038,723.97,-38.93,47.4402,3.6705,Standard Class,Consumer
DC-101870,4992,2015-12-12,Central,United States,Texas,Sports & Outdoors,Mountain Bike,4,367.29,0.223,1141.54,86.61,32.2201,-100.0437,First Class,Corporate
DC-101871,3008,2016-03-14,Oceania,Australia,New South Wales,Furniture,Storage Cabinet,2,802.57,0.197,1288.93,-59.02,-34.4083,150.5544,First Class,Consumer
DC-101872,4552,2016-08-18,Central,United States,Texas,Office Supplies,File Folder,5,774.03,0.07,3599.24,246.01,29.5067,-101.8058,First Class,Consumer
DC-101873,2982,2017-10-10,Western Europe,France,Ile-de-France,Technology,Apple Smart Device,5,473.64,0.176,1951.4,110.29,49.0484,0.1797,Second Class,Consumer
DC-101874,4162,2017-03-02,Oceania,Australia,New South Wales,Office Supplies,Printer Paper,4,387.88,0.264,1141.92,173.0,-33.3736,152.8131,Second Class,Home Office
DC-101875,2387,2016-10-01,South Asia,India,Maharashtra,Office Supplies,Printer Paper,5,450.89,0.01,2231.91,140.85,19.7962,75.419,Second Class,Consumer
DC-101876,7580,2016-04-01,Western Europe,France,Ile-de-France,Sports & Outdoors,Sports Bag,5,130.61,0.101,587.09,103.45,48.9968,2.739,Second Class,Consumer
DC-101877,3350,2017-12-12,Oceania,Australia,New South Wales,Furniture,Conference Table,4,782.87,0.223,2433.16,208.23,-33.2303,151.1839,Standard Class,Consumer
DC-101878,1865,2016-10-28,South Asia,India,Maharashtra,Furniture,Conference Table,5,34.82,0.024,169.92,32.85,16.7338,78.2263,Standard Class,Consumer
DC-101879,5977,2017-05-11,Oceania,Australia,New South Wales,Technology,Apple Smart Device,3,512.79,0.119,1355.3,290.49,-33.4437,148.7995,Standard Class,Home Office
DC-101880,2953,2015-10-05,West,United States,California,Sports & Outdoors,Fitness Equipment,4,152.4,0.127,532.18,67.35,36.242,-122.3246,Standard Class,Home Office
DC-101881,6618,2015-04-03,East,United States,New York,Technology,Wireless Keyboard,4,398.34,0.12,1402.16,328.98,43.4588,-76.3753,Standard Class,Consumer
DC-101882,5864,2017-12-25,Southeast Asia,Singapore,Singapore,Furniture,Bookshelf,5,379.56,0.128,1654.88,201.22,-1.0176,105.281,Standard Class,Corporate
DC-101883,6871,2016-11-08,South Asia,India,Maharashtra,Furniture,Bookshelf,1,856.63,0.149,728.99,-0.87,23.6335,72.648,Standard Class,Home Office
DC-101884,1092,2017-05-13,Southeast Asia,Singapore,Singapore,Office Supplies,Stapler,2,617.85,0.041,1185.04,49.46,1.2468,105.3462,Standard Class,Corporate
DC-101885,6983,2017-03-31,Canada,Canada,Ontario,Office Supplies,Pen Set,2,321.09,0.143,550.35,6.83,44.781,-78.8648,Standard Class,Home Office
DC-101886,6285,2017-11-06,South,United States,Florida,Technology,Apple Smart Device,1,641.16,0.173,530.24,68.35,29.3042,-80.5593,Standard Class,Corporate
DC-101887,4672,2017-10-30,Central,United States,Texas,Technology,Bluetooth Headset,2,583.94,0.016,1149.19,267.58,30.5713,-99.946,Standard Class,Corporate
DC-101888,4376,2015-08-22,South,United States,Florida,Technology,Apple Smart Device,5,390.19,0.049,1855.35,377.99,27.3961,-80.3298,Standard Class,Home Office
DC-101889,4252,2017-07-01,Oceania,Australia,New South Wales,Technology,Apple Smart Device,3,367.0,0.057,1038.24,258.98,-32.073,151.5456,Standard Class,Corporate
DC-101890,3542,2017-07-31,Western Europe,France,Ile-de-France,Technology,Bluetooth Headset,1,69.28,0.098,62.49,2.89,50.1736,2.1944,Second Class,Corporate
DC-101891,3573,2015-03-11,East,United States,New York,Sports & Outdoors,Fitness Equipment,5,113.8,0.194,458.61,105.42,43.0523,-76.6345,Second Class,Corporate
DC-101892,6578,2016-03-19,Southeast Asia,Singapore,Singapore,Furniture,Conference Table,2,392.0,0.289,557.42,104.05,3.5541,103.3816,Standard Class,Consumer
DC-101893,6766,2015-03-12,East,United States,New York,Sports & Outdoors,Mountain Bike,5,596.91,0.112,2650.28,188.51,42.6577,-74.4774,Standard Class,Home Office
DC-101894,4101,2015-10-20,Western Europe,France,Ile-de-France,Furniture,Office Chair,5,676.59,0.243,2560.89,432.46,48.7068,2.4272,Standard Class,Consumer
DC-101895,6406,2016-04-28,Northern Europe,United Kingdom,England,Technology,Laptop Computer,4,786.68,0.17,2611.78,701.49,51.771,-0.3242,Second Class,Corporate
DC-101896,5017,2015-06-28,Northern Europe,United Kingdom,England,Sports & Outdoors,Running Shoes,5,823.72,0.258,3056.0,628.19,52.2338,2.1069,First Class,Consumer
DC-101897,2427,2017-05-31,Canada,Canada,Ontario,Office Supplies,Pen Set,1,697.51,0.002,696.11,-32.5,44.4314,-77.1977,Standard Class,Corporate
DC-101898,7996,2016-02-01,Western Europe,France,Ile-de-France,Office Supplies,Notebook,4,227.09,0.259,673.09,169.89,48.8027,3.1242,Standard Class,Corporate
DC-101899,3740,2015-07-02,Oceania,Australia,New South Wales,Sports & Outdoors,Camping Tent,1,833.41,0.049,792.57,29.58,-32.4414,151.8226,Standard Class,Consumer
DC-101900,7695,2015-10-21,South,United States,Florida,Technology,Wireless Keyboard,1,881.56,0.17,731.69,6.53,28.3335,-81.5268,Second Class,Corporate
DC-101901,3846,2017-08-25,Oceania,Australia,New South Wales,Office Supplies,Pen Set,3,850.3,0.017,2507.53,-126.14,-33.2215,150.3787,Second Class,Corporate
DC-101902,7243,2016-05-03,Oceania,Australia,New South Wales,Sports & Outdoors,Fitness Equipment,2,450.91,0.18,739.49,-2.71,-32.2027,149.8089,First Class,Consumer
DC-101903,3849,2015-02-26,Central,United States,Texas,Technology,LED Monitor,4,802.06,0.02,3144.08,551.46,32.0175,-102.6242,Standard Class,Corporate
DC-101904,3513,2017-08-13,Canada,Canada,Ontario,Furniture,Wooden Desk,4,190.72,0.203,608.02,156.22,44.1665,-79.2121,Standard Class,Home Office
DC-101905,3814,2016-03-10,East,United States,New York,Furniture,Office Chair,1,889.99,0.291,631.0,150.34,44.4722,-73.5472,First Class,Home Office
DC-101906,7798,2015-10-24,Oceania,Australia,New South Wales,Office Supplies,Notebook,3,78.31,0.252,175.73,38.35,-32.7697,152.031,Standard Class,Consumer
DC-101907,5976,2017-02-08,Western Europe,France,Ile-de-France,Technology,Wireless Keyboard,2,57.23,0.141,98.32,-10.97,47.4358,1.3604,Standard Class,Corporate
DC-101908,2040,2015-11-15,Central,United States,Texas,Office Supplies,Stapler,4,316.24,0.105,1132.14,133.43,32.5705,-101.0231,Second Class,Corporate
DC-101909,3439,2016-11-14,West,United States,California,Office Supplies,Stapler,2,883.15,0.122,1550.81,-177.47,35.3203,-121.4407,First Class,Corporate
DC-101910,3488,2015-03-07,Southeast Asia,Singapore,Singapore,Sports & Outdoors,Mountain Bike,1,505.5,0.254,377.1,17.56,1.3071,104.6712,First Class,Consumer
DC-101911,3607,2015-12-03,West,United States,California,Office Supplies,Pen Set,1,256.34,0.272,186.62,-1.55,37.8835,-118.5503,Second Class,Consumer
DC-101912,4228,2016-11-14,Northern Europe,United Kingdom,England,Sports & Outdoors,Sports Bag,4,655.81,0.118,2313.7,-241.26,52.6257,-2.7167,First Class,Corporate
DC-101913,6854,2015-12-17,Southeast Asia,Singapore,Singapore,Furniture,Office Chair,3,116.02,0.036,335.53,-5.77,0.4719,104.5156,Second Class,Consumer
DC-101914,4263,2016-06-29,Southeast Asia,Singapore,Singapore,Office Supplies,File Folder,2,682.39,0.221,1063.16,130.92,0.6227,105.1931,Standard Class,Consumer
DC-101915,2648,2015-08-16,Northern Europe,United Kingdom,England,Sports & Outdoors,Fitness Equipment,3,209.05,0.244,474.13,111.83,51.5578,-1.4511,Standard Class,Corporate
DC-101916,1449,2017-11-07,Southeast Asia,Singapore,Singapore,Sports & Outdoors,Fitness Equipment,5,21.61,0.181,88.49,8.77,-1.1775,101.153,Standard Class,Home Office
DC-101917,7440,2016-04-15,East,United States,New York,Office Supplies,Stapler,3,82.47,0.207,196.2,-11.03,39.6521,-73.0509,Standard Class,Consumer
DC-101918,6838,2017-06-29,Central,United States,Texas,Office Supplies,Stapler,3,820.72,0.098,2220.87,-224.99,29.8294,-99.4049,First Class,Corporate
DC-101919,6856,2015-12-13,Western Europe,France,Ile-de-France,Office Supplies,Pen Set,2,357.4,0.25,536.1,83.86,47.997,0.5603,Standard Class,Consumer
DC-101920,1981,2017-06-26,South Asia,India,Maharashtra,Sports & Outdoors,Fitness Equipment,4,291.32,0.21,920.57,108.03,20.8244,78.1747,Standard Class,Corporate
DC-101921,6870,2017-03-02,Oceania,Australia,New South Wales,Technology,Wireless Keyboard,5,865.02,0.226,3347.63,-344.5,-33.463,153.6432,Standard Class,Consumer
DC-101922,7250,2017-03-09,Western Europe,France,Ile-de-France,Office Supplies,Stapler,4,154.25,0.035,595.4,-5.7,49.1748,2.0875,Second Class,Corporate
DC-101923,7902,2015-01-18,Western Europe,France,Ile-de-France,Sports & Outdoors,Mountain Bike,3,331.75,0.283,713.59,-7.91,49.1016,3.3489,First Class,Home Office
DC-101924,3719,2016-05-06,West,United States,California,Technology,Apple Smart Device,5,884.45,0.085,4046.36,151.38,34.9633,-119.0595,First Class,Home Office
DC-101925,3085,2016-08-08,East,United States,New York,Technology,Laptop Computer,2,508.78,0.227,786.57,-55.32,42.4501,-78.842,Second Class,Home Office
DC-101926,4167,2015-02-26,Central,United States,Texas,Office Supplies,Printer Paper,2,670.16,0.028,1302.79,348.72,29.6081,-98.028,Second Class,Corporate
DC-101927,1363,2015-02-14,East,United States,New York,Sports & Outdoors,Mountain Bike,2,818.08,0.13,1423.46,38.68,42.8079,-76.679,Standard Class,Corporate
DC-101928,1014,2016-03-14,Southeast Asia,Singapore,Singapore,Furniture,Storage Cabinet,1,892.03,0.127,778.74,-82.46,1.6874,104.3869,Standard Class,Corporate
DC-101929,4633,2017-01-07,Northern Europe,United Kingdom,England,Technology,Bluetooth Headset,4,486.52,0.105,1741.74,438.23,53.3178,-4.1286,Second Class,Corporate
DC-101930,2052,2015-04-13,Southeast Asia,Singapore,Singapore,Office Supplies,Stapler,1,554.28,0.095,501.62,40.58,0.2352,105.7373,Standard Class,Consumer
DC-101931,4256,2015-03-30,West,United States,California,Technology,LED Monitor,2,629.06,0.063,1178.86,-36.63,36.6981,-119.8599,Second Class,Corporate
DC-101932,4307,2016-10-08,Oceania,Australia,New South Wales,Office Supplies,Printer Paper,5,431.61,0.285,1543.01,-55.28,-35.3152,150.3487,Standard Class,Consumer
DC-101933,5983,2015-03-04,Oceania,Australia,New South Wales,Technology,Laptop Computer,3,96.83,0.124,254.47,34.36,-34.2433,148.0753,Standard Class,Consumer
DC-101934,1833,2016-04-05,Oceania,Australia,New South Wales,Office Supplies,Pen Set,3,647.87,0.093,1762.85,328.48,-35.3491,151.8949,Standard Class,Consumer
DC-101935,2851,2016-11-25,Oceania,Australia,New South Wales,Technology,Wireless Keyboard,3,624.01,0.131,1626.79,-4.66,-33.8015,148.9312,First Class,Consumer
DC-101936,5626,2016-11-19,Oceania,Australia,New South Wales,Sports & Outdoors,Fitness Equipment,4,31.24,0.097,112.84,7.66,-32.898,150.3829,First Class,Consumer
DC-101937,2782,2016-09-11,South,United States,Florida,Office Supplies,Notebook,4,623.71,0.244,1886.1,205.45,26.833,-78.6888,Standard Class,Consumer
DC-101938,6725,2016-08-15,Western Europe,France,Ile-de-France,Furniture,Conference Table,1,330.26,0.212,260.24,33.45,48.0236,2.9402,Same Day,Consumer
DC-101939,6419,2015-11-12,West,United States,California,Technology,LED Monitor,5,210.12,0.033,1015.93,194.68,36.0412,-118.7168,Second Class,Corporate
DC-101940,1128,2017-02-24,Oceania,Australia,New South Wales,Office Supplies,Notebook,3,19.42,0.295,41.07,1.56,-33.0291,150.3481,Standard Class,Corporate
DC-101941,1551,2016-10-30,Central,United States,Texas,Office Supplies,Stapler,3,290.82,0.229,672.67,-51.52,31.4905,-98.4981,Standard Class,Consumer
DC-101942,4049,2015-08-23,Canada,Canada,Ontario,Furniture,Wooden Desk,4,770.04,0.064,2883.03,-53.74,45.4172,-78.2996,Second Class,Consumer
DC-101943,5489,2016-02-17,West,United States,California,Office Supplies,Notebook,4,343.45,0.142,1178.72,200.4,35.2408,-120.1688,Standard Class,Consumer
DC-101944,2012,2015-01-31,Southeast Asia,Singapore,Singapore,Furniture,Bookshelf,4,442.94,0.12,1559.15,30.18,0.1892,106.0951,Same Day,Consumer
DC-101945,1548,2017-07-16,Western Europe,France,Ile-de-France,Furniture,Bookshelf,4,377.72,0.206,1199.64,-71.61,50.5139,5.1646,Standard Class,Consumer
DC-101946,7938,2015-01-30,West,United States,California,Sports & Outdoors,Sports Bag,5,342.74,0.243,1297.27,204.85,37.6522,-117.7561,Second Class,Home Office
DC-101947,3081,2017-10-03,Oceania,Australia,New South Wales,Furniture,Conference Table,2,80.99,0.163,135.58,2.12,-32.984,149.2646,Second Class,Consumer
DC-101948,2967,2015-05-14,Central,United States,Texas,Technology,Bluetooth Headset,3,337.86,0.039,974.05,254.53,29.9423,-100.591,First Class,Corporate
DC-101949,1476,2017-12-01,West,United States,California,Technology,Bluetooth Headset,2,541.69,0.052,1027.04,101.27,37.1258,-122.7877,Second Class,Consumer
DC-101950,2338,2017-02-24,Central,United States,Texas,Technology,Apple Smart Device,3,413.14,0.269,906.02,158.43,32.7197,-100.514,Standard Class,Consumer
DC-101951,3101,2015-05-15,Northern Europe,United Kingdom,England,Furniture,Wooden Desk,2,792.33,0.267,1161.56,67.87,53.7788,-3.0452,Standard Class,Home Office
DC-101952,7548,2017-01-01,West,United States,California,Furniture,Conference Table,5,808.17,0.222,3143.78,-93.96,38.0938,-117.5249,Second Class,Consumer
DC-101953,6359,2018-01-30,Oceania,Australia,New South Wales,Furniture,Storage Cabinet,3,624.75,0.021,1834.89,501.15,-34.1388,151.2696,Second Class,Consumer
DC-101954,6310,2016-03-18,West,United States,California,Office Supplies,Notebook,3,362.72,0.088,992.4,129.07,36.8801,-116.8255,Standard Class,Consumer
DC-101955,3542,2016-11-19,Southeast Asia,Singapore,Singapore,Sports & Outdoors,Sports Bag,1,18.52,0.219,14.46,2.35,1.2385,104.1772,First Class,Consumer
DC-101956,4781,2016-01-14,Canada,Canada,Ontario,Sports & Outdoors,Camping Tent,5,516.7,0.162,2164.97,-96.55,43.8187,-79.6736,Second Class,Corporate
DC-101957,7376,2016-03-09,South Asia,India,Maharashtra,Sports & Outdoors,Fitness Equipment,2,234.79,0.131,408.07,110.16,20.4556,76.372,Standard Class,Corporate
DC-101958,1152,2017-03-20,Southeast Asia,Singapore,Singapore,Furniture,Wooden Desk,2,423.81,0.118,747.6,-57.23,3.2872,103.0987,Standard Class,Consumer
DC-101959,1194,2015-09-23,South Asia,India,Maharashtra,Office Supplies,Printer Paper,1,486.34,0.003,484.88,107.91,17.6263,79.2133,Standard Class,Consumer
DC-101960,6507,2017-07-30,South,United States,Florida,Furniture,Office Chair,1,739.29,0.198,592.91,125.66,28.5262,-81.7728,Standard Class,Consumer
DC-101961,7309,2017-10-15,Northern Europe,United Kingdom,England,Office Supplies,Notebook,2,219.02,0.163,366.64,99.22,50.6842,0.5354,Same Day,Consumer
DC-101962,1565,2017-09-18,Central,United States,Texas,Office Supplies,Stapler,5,700.37,0.267,2566.86,651.98,30.6577,-101.2302,Second Class,Consumer
DC-101963,3272,2016-02-02,Central,United States,Texas,Sports & Outdoors,Sports Bag,3,178.69,0.136,463.16,29.79,31.0754,-101.5456,Standard Class,Consumer
DC-101964,4031,2017-03-04,Western Europe,France,Ile-de-France,Office Supplies,Printer Paper,4,12.29,0.297,34.56,-1.52,49.0557,1.4077,Standard Class,Home Office
DC-101965,7319,2016-12-29,Oceania,Australia,New South Wales,Technology,Wireless Keyboard,1,577.85,0.27,421.83,50.63,-33.535,150.2621,First Class,Consumer
DC-101966,4621,2016-07-17,Western Europe,France,Ile-de-France,Furniture,Conference Table,3,219.47,0.191,532.65,32.58,48.5231,0.9341,First Class,Corporate
DC-101967,7376,2016-05-13,South Asia,India,Maharashtra,Office Supplies,Notebook,3,887.23,0.047,2536.59,237.87,21.7099,77.335,Same Day,Consumer
DC-101968,3410,2015-07-27,South Asia,India,Maharashtra,Technology,Laptop Computer,3,149.23,0.049,425.75,-33.67,19.7526,75.1594,Standard Class,Corporate
DC-101969,1761,2017-08-26,South Asia,India,Maharashtra,Office Supplies,Stapler,3,250.39,0.175,619.72,-38.31,18.3717,75.6534,Standard Class,Corporate
DC-101970,5372,2016-09-22,Western Europe,France,Ile-de-France,Office Supplies,Pen Set,5,532.43,0.041,2553.0,566.95,46.5254,1.3943,Second Class,Consumer
DC-101971,3079,2016-03-09,Northern Europe,United Kingdom,England,Office Supplies,File Folder,3,362.14,0.243,822.42,138.32,50.3399,-2.2189,Second Class,Home Office
DC-101972,6968,2015-06-28,Southeast Asia,Singapore,Singapore,Office Supplies,File Folder,5,426.35,0.275,1545.52,61.32,1.8474,102.1983,Standard Class,Corporate
DC-101973,3607,2017-10-08,Canada,Canada,Ontario,Technology,Wireless Keyboard,3,615.79,0.021,1808.58,223.9,44.1605,-79.4736,Standard Class,Consumer
DC-101974,5986,2015-05-28,South Asia,India,Maharashtra,Furniture,Wooden Desk,3,119.09,0.248,268.67,70.66,16.2325,74.9904,Standard Class,Corporate
DC-101975,3762,2016-07-12,South,United States,Florida,Sports & Outdoors,Mountain Bike,4,526.49,0.168,1752.16,-193.36,28.1866,-80.8379,First Class,Consumer
DC-101976,6127,2017-01-03,Northern Europe,United Kingdom,England,Furniture,Office Chair,4,868.14,0.01,3437.83,-181.35,53.0877,-3.6716,First Class,Consumer
DC-101977,3869,2016-01-30,South Asia,India,Maharashtra,Sports & Outdoors,Fitness Equipment,5,494.35,0.122,2170.2,38.68,20.5025,75.1696,Standard Class,Consumer
DC-101978,1470,2015-03-12,East,United States,New York,Sports & Outdoors,Sports Bag,4,345.74,0.002,1380.19,159.67,43.6691,-72.8689,First Class,Home Office
DC-101979,4426,2017-02-04,South,United States,Florida,Furniture,Storage Cabinet,3,676.68,0.054,1920.42,-15.61,27.9331,-81.2082,Standard Class,Corporate
DC-101980,7136,2015-07-20,South,United States,Florida,Technology,Laptop Computer,4,843.95,0.058,3180.0,493.92,28.4196,-85.9376,First Class,Consumer
DC-101981,3335,2016-11-21,Oceania,Australia,New South Wales,Furniture,Conference Table,5,277.96,0.004,1384.24,212.82,-32.112,152.9511,Second Class,Consumer
DC-101982,4569,2017-06-22,East,United States,New York,Office Supplies,Printer Paper,1,651.74,0.045,622.41,23.78,44.1692,-75.7897,First Class,Corporate
DC-101983,2665,2016-12-29,West,United States,California,Furniture,Storage Cabinet,3,227.3,0.04,654.62,-3.12,37.7392,-121.1451,Standard Class,Consumer
DC-101984,2976,2017-04-29,Northern Europe,United Kingdom,England,Office Supplies,Stapler,2,777.59,0.09,1415.21,336.36,53.0385,-0.1019,Second Class,Consumer
DC-101985,7215,2015-06-05,Oceania,Australia,New South Wales,Technology,Wireless Keyboard,1,624.26,0.132,541.86,8.52,-34.9977,150.0322,Same Day,Home Office
DC-101986,7897,2017-07-11,West,United States,California,Office Supplies,Stapler,3,95.01,0.023,278.47,-9.15,37.4221,-118.5713,Same Day,Corporate
DC-101987,5785,2017-04-13,Western Europe,France,Ile-de-France,Sports & Outdoors,Sports Bag,2,391.15,0.179,642.27,98.4,47.9302,2.4592,Standard Class,Corporate
DC-101988,2751,2015-01-26,South,United States,Florida,Sports & Outdoors,Sports Bag,4,821.67,0.062,3082.91,101.33,29.9075,-79.4948,Standard Class,Home Office
DC-101989,3975,2016-03-14,West,United States,California,Sports & Outdoors,Running Shoes,4,269.17,0.114,953.94,82.96,38.0185,-120.1768,Standard Class,Consumer
DC-101990,4814,2016-08-22,Southeast Asia,Singapore,Singapore,Furniture,Conference Table,3,170.78,0.002,511.32,-59.6,1.0693,103.5985,Second Class,Corporate
DC-101991,3376,2015-03-26,Northern Europe,United Kingdom,England,Office Supplies,Pen Set,2,121.5,0.26,179.82,-18.95,51.549,-1.8161,Standard Class,Consumer
DC-101992,1679,2017-04-22,Western Europe,France,Ile-de-France,Sports & Outdoors,Running Shoes,2,203.29,0.121,357.38,-40.63,48.5579,3.4128,Standard Class,Consumer
DC-101993,2791,2015-05-02,East,United States,New York,Furniture,Bookshelf,5,60.72,0.12,267.17,57.97,43.6334,-75.3405,Standard Class,Home Office
DC-101994,6061,2015-05-30,Western Europe,France,Ile-de-France,Furniture,Storage Cabinet,3,485.25,0.136,1257.77,211.3,49.1057,2.5909,Second Class,Consumer
DC-101995,7561,2017-06-05,East,United States,New York,Technology,Laptop Computer,1,380.64,0.049,361.99,91.33,44.4186,-76.1072,Second Class,Home Office
DC-101996,4379,2016-01-20,Central,United States,Texas,Furniture,Bookshelf,3,255.23,0.067,714.39,73.49,28.2518,-100.6299,Standard Class,Corporate
DC-101997,7526,2016-08-15,Canada,Canada,Ontario,Office Supplies,Notebook,5,253.31,0.122,1112.03,96.13,43.3953,-76.1671,First Class,Corporate
DC-101998,2198,2015-06-11,South Asia,India,Maharashtra,Sports & Outdoors,Fitness Equipment,2,590.83,0.016,1162.75,132.6,20.4277,76.996,Standard Class,Consumer
DC-101999,5982,2016-09-27,West,United States,California,Sports & Outdoors,Mountain Bike,3,144.03,0.162,362.09,81.54,37.026,-117.365,Standard Class,Consumer
DC-102000,4505,2015-09-01,South Asia,India,Maharashtra,Technology,Laptop Computer,4,661.09,0.298,1856.34,414.99,18.4616,75.1258,Standard Class,Home Office
DC-102001,3673,2017-06-13,Central,United States,Texas,Sports & Outdoors,Fitness Equipment,3,332.28,0.265,732.68,33.62,30.135,-99.2433,Second Class,Corporate
DC-102002,4718,2015-10-26,Western Europe,France,Ile-de-France,Office Supplies,Pen Set,4,719.22,0.02,2819.34,-191.01,51.3483,0.6127,Standard Class,Consumer
DC-102003,5343,2016-12-03,Canada,Canada,Ontario,Technology,Laptop Computer,1,304.19,0.17,252.48,61.11,45.2764,-82.1581,Second Class,Corporate
DC-102004,2753,2017-02-26,West,United States,California,Technology,Wireless Keyboard,5,365.54,0.187,1485.92,-147.74,36.3836,-120.0175,Second Class,Consumer
DC-102005,2439,2016-02-25,West,United States,California,Office Supplies,Stapler,1,476.8,0.017,468.69,-29.77,36.4218,-116.4052,First Class,Consumer
DC-102006,7024,2017-10-01,South Asia,India,Maharashtra,Office Supplies,File Folder,4,335.52,0.282,963.61,30.44,18.336,76.5026,Second Class,Home Office
DC-102007,2510,2015-06-09,Oceania,Australia,New South Wales,Furniture,Office Chair,1,44.29,0.148,37.74,1.8,-33.8922,152.4948,First Class,Consumer
DC-102008,4121,2017-02-17,Western Europe,France,Ile-de-France,Office Supplies,Printer Paper,5,381.19,0.006,1894.51,83.45,48.7803,2.3793,Second Class,Consumer
DC-102009,2773,2016-11-27,South Asia,India,Maharashtra,Office Supplies,File Folder,5,663.43,0.214,2607.28,-55.03,19.0983,78.3196,Standard Class,Consumer
DC-102010,3424,2017-11-13,Northern Europe,United Kingdom,England,Sports & Outdoors,Sports Bag,4,42.56,0.172,140.96,32.37,53.4243,-1.368,Standard Class,Consumer
DC-102011,7888,2016-12-29,South Asia,India,Maharashtra,Sports & Outdoors,Mountain Bike,4,443.31,0.138,1528.53,15.88,17.7927,75.6806,Second Class,Consumer
DC-102012,4535,2016-03-07,Southeast Asia,Singapore,Singapore,Technology,Apple Smart Device,3,835.41,0.167,2087.69,387.81,1.5569,104.338,First Class,Consumer
DC-102013,2682,2015-01-27,Southeast Asia,Singapore,Singapore,Technology,LED Monitor,5,346.91,0.281,1247.14,233.45,1.794,99.7958,Standard Class,Corporate
DC-102014,4311,2016-11-26,Central,United States,Texas,Furniture,Wooden Desk,4,411.55,0.125,1440.42,48.76,31.2027,-100.1346,Standard Class,Home Office
DC-102015,1667,2015-04-07,South Asia,India,Maharashtra,Sports & Outdoors,Sports Bag,1,462.25,0.264,340.22,-14.29,19.8758,75.1345,Standard Class,Consumer
DC-102016,1745,2016-03-16,Central,United States,Texas,Technology,LED Monitor,1,786.32,0.249,590.53,117.04,32.207,-100.2131,Standard Class,Corporate
DC-102017,4616,2015-01-11,Northern Europe,United Kingdom,England,Furniture,Office Chair,5,182.62,0.187,742.35,201.05,52.9903,-2.5929,Standard Class,Consumer
DC-102018,1924,2017-09-14,Southeast Asia,Singapore,Singapore,Sports & Outdoors,Fitness Equipment,5,297.47,0.113,1319.28,139.5,1.3133,101.212,Second Class,Corporate
DC-102019,5341,2016-11-10,Oceania,Australia,New South Wales,Furniture,Bookshelf,2,852.26,0.114,1510.2,25.14,-33.1528,150.8071,Standard Class,Consumer
DC-102020,5918,2015-07-17,Central,United States,Texas,Furniture,Wooden Desk,3,522.0,0.001,1564.43,357.05,32.0475,-99.4019,Standard Class,Corporate
DC-102021,1293,2015-05-20,South,United States,Florida,Technology,Bluetooth Headset,4,25.87,0.086,94.58,7.37,27.1055,-82.2072,Second Class,Consumer
DC-102022,2190,2018-01-28,Southeast Asia,Singapore,Singapore,Technology,Laptop Computer,1,776.77,0.266,570.15,30.98,1.6863,104.4663,First Class,Consumer
DC-102023,5790,2017-06-14,Oceania,Australia,New South Wales,Technology,Apple Smart Device,5,223.16,0.107,996.41,129.62,-34.0517,152.2402,Second Class,Consumer
DC-102024,1597,2017-11-29,East,United States,New York,Technology,Laptop Computer,3,117.25,0.017,345.77,15.81,42.7039,-75.2246,Standard Class,Consumer
DC-102025,4296,2017-05-09,Western Europe,France,Ile-de-France,Technology,Wireless Keyboard,3,816.92,0.189,1987.57,-194.76,49.4728,1.7356,Standard Class,Consumer
DC-102026,1212,2015-04-27,South Asia,India,Maharashtra,Office Supplies,File Folder,4,49.31,0.248,148.32,-0.57,19.974,75.63,First Class,Consumer
DC-102027,6489,2015-11-08,Northern Europe,United Kingdom,England,Office Supplies,Notebook,5,717.34,0.063,3360.74,52.86,52.6314,-1.5806,Standard Class,Consumer
DC-102028,4085,2016-10-20,Central,United States,Texas,Technology,Bluetooth Headset,5,525.32,0.142,2253.62,164.12,28.4507,-101.241,First Class,Consumer
DC-102029,2780,2015-07-22,South,United States,Florida,Sports & Outdoors,Running Shoes,5,260.72,0.275,945.11,176.13,27.9371,-80.6173,Standard Class,Consumer
DC-102030,7058,2016-04-13,South,United States,Florida,Office Supplies,Printer Paper,4,556.72,0.181,1823.81,383.29,28.7091,-83.6583,First Class,Consumer
DC-102031,1719,2017-03-18,South,United States,Florida,Office Supplies,Notebook,4,448.66,0.046,1712.09,43.13,27.5321,-83.4451,Standard Class,Home Office
DC-102032,6288,2017-03-12,Western Europe,France,Ile-de-France,Office Supplies,File Folder,5,378.09,0.048,1799.71,336.81,47.6321,4.1549,Second Class,Consumer
DC-102033,3417,2016-09-29,Southeast Asia,Singapore,Singapore,Furniture,Conference Table,5,233.95,0.227,904.22,78.06,0.1196,103.0683,Standard Class,Consumer
DC-102034,3314,2017-11-10,Southeast Asia,Singapore,Singapore,Sports & Outdoors,Camping Tent,3,77.07,0.29,164.16,3.06,0.5618,106.9905,Standard Class,Consumer
DC-102035,1067,2016-11-28,Oceania,Australia,New South Wales,Technology,LED Monitor,3,41.66,0.026,121.73,4.67,-35.0269,148.7279,Standard Class,Consumer
DC-102036,1973,2017-07-07,Western Europe,France,Ile-de-France,Furniture,Bookshelf,1,483.24,0.253,360.98,37.82,49.7613,0.9189,Standard Class,Consumer
DC-102037,3681,2016-11-04,West,United States,California,Technology,Bluetooth Headset,4,135.59,0.052,514.16,34.36,37.4391,-122.2501,Standard Class,Consumer
DC-102038,4736,2015-12-07,East,United States,New York,Furniture,Storage Cabinet,4,121.56,0.107,434.21,108.59,45.5656,-73.969,First Class,Consumer
DC-102039,6405,2017-06-18,East,United States,New York,Technology,Wireless Keyboard,5,404.03,0.084,1850.46,-192.95,43.3322,-76.6823,Standard Class,Corporate
DC-102040,5888,2016-02-16,Central,United States,Texas,Technology,Wireless Keyboard,4,145.75,0.026,567.84,34.07,30.7518,-99.0418,Standard Class,Consumer
DC-102041,6138,2017-11-06,Canada,Canada,Ontario,Office Supplies,File Folder,4,184.23,0.265,541.64,88.13,44.4596,-81.9904,Standard Class,Corporate
DC-102042,6279,2015-07-29,Canada,Canada,Ontario,Sports & Outdoors,Mountain Bike,1,706.18,0.148,601.67,-60.41,44.42,-77.8595,Standard Class,Consumer
DC-102043,5406,2017-12-07,Western Europe,France,Ile-de-France,Sports & Outdoors,Fitness Equipment,5,715.5,0.087,3266.26,-258.45,51.4227,2.2285,First Class,Corporate
DC-102044,1915,2016-04-11,West,United States,California,Furniture,Conference Table,2,207.68,0.133,360.12,-23.73,35.5162,-116.8574,Standard Class,Home Office
DC-102045,7292,2015-09-25,Western Europe,France,Ile-de-France,Sports & Outdoors,Running Shoes,3,701.23,0.181,1722.92,91.77,51.5656,3.4247,First Class,Corporate
DC-102046,1353,2016-12-05,Central,United States,Texas,Sports & Outdoors,Mountain Bike,1,187.67,0.099,169.09,42.47,29.6579,-100.8142,First Class,Home Office
DC-102047,5061,2017-01-12,Central,United States,Texas,Technology,Apple Smart Device,2,122.03,0.269,178.41,18.51,31.5204,-101.0207,Standard Class,Consumer
DC-102048,1480,2015-11-19,South Asia,India,Maharashtra,Office Supplies,File Folder,1,479.33,0.031,464.47,-49.73,19.7955,73.9258,Second Class,Corporate
DC-102049,7660,2015-08-25,West,United States,California,Sports & Outdoors,Running Shoes,1,768.25,0.076,709.86,100.24,36.7856,-118.5525,Standard Class,Consumer
DC-102050,3980,2018-01-29,South Asia,India,Maharashtra,Technology,LED Monitor,5,171.97,0.068,801.38,199.76,20.1623,74.3211,Standard Class,Corporate
DC-102051,5834,2015-06-18,Oceania,Australia,New South Wales,Furniture,Wooden Desk,3,236.31,0.016,697.59,185.18,-34.6793,149.2957,Standard Class,Consumer
DC-102052,7607,2015-11-07,Central,United States,Texas,Technology,LED Monitor,4,64.79,0.201,207.07,17.08,29.5269,-98.5902,Standard Class,Home Office
DC-102053,2295,2017-03-01,Oceania,Australia,New South Wales,Technology,Bluetooth Headset,5,328.11,0.1,1476.5,396.76,-33.653,149.9963,First Class,Corporate
DC-102054,2970,2017-09-27,West,United States,California,Sports & Outdoors,Sports Bag,3,596.09,0.008,1773.96,479.73,37.092,-116.4993,Second Class,Consumer
DC-102055,1903,2016-10-12,Central,United States,Texas,Furniture,Office Chair,1,660.85,0.297,464.58,18.78,30.3373,-101.0327,Second Class,Corporate
DC-102056,1473,2015-08-08,Canada,Canada,Ontario,Technology,Apple Smart Device,1,393.67,0.093,357.06,-4.2,45.4351,-80.5936,First Class,Consumer
DC-102057,6506,2016-01-18,Canada,Canada,Ontario,Office Supplies,Notebook,1,848.82,0.185,691.79,-47.76,43.6898,-76.4371,Second Class,Consumer
DC-102058,1607,2017-09-05,Oceania,Australia,New South Wales,Technology,Wireless Keyboard,3,836.62,0.239,1910.0,-88.24,-33.8268,152.9949,First Class,Home Office
DC-102059,7957,2015-04-14,Canada,Canada,Ontario,Sports & Outdoors,Camping Tent,4,591.92,0.265,1740.24,-79.39,42.7367,-80.8671,Standard Class,Consumer
DC-102060,1531,2017-02-02,Canada,Canada,Ontario,Sports & Outdoors,Sports Bag,4,19.57,0.096,70.77,-0.1,45.2423,-79.5076,Standard Class,Corporate
DC-102061,7464,2016-09-05,Central,United States,Texas,Sports & Outdoors,Running Shoes,2,63.04,0.144,107.92,-0.35,29.9942,-99.4129,Standard Class,Consumer
DC-102062,3473,2016-04-13,Western Europe,France,Ile-de-France,Furniture,Storage Cabinet,1,497.01,0.284,355.86,47.84,50.3436,1.915,Standard Class,Consumer
DC-102063,3804,2015-07-16,East,United States,New York,Technology,LED Monitor,1,194.44,0.066,181.61,-11.26,43.068,-74.3812,Standard Class,Consumer
DC-102064,5531,2016-07-11,South,United States,Florida,Furniture,Storage Cabinet,5,630.55,0.243,2386.63,265.23,26.8671,-81.9475,Standard Class,Home Office
DC-102065,3911,2017-11-20,Western Europe,France,Ile-de-France,Technology,Wireless Keyboard,1,402.85,0.101,362.16,44.53,48.3164,1.7516,First Class,Corporate
DC-102066,5822,2017-01-19,West,United States,California,Sports & Outdoors,Camping Tent,4,565.27,0.212,1781.73,-2.96,36.0852,-120.2565,Standard Class,Home Office
DC-102067,3514,2017-01-28,East,United States,New York,Furniture,Storage Cabinet,1,141.01,0.283,101.1,-10.61,45.8028,-75.2317,Second Class,Corporate
DC-102068,7294,2015-09-26,East,United States,New York,Sports & Outdoors,Sports Bag,5,537.15,0.146,2293.63,214.73,43.8047,-74.9963,Standard Class,Consumer
DC-102069,5999,2015-04-27,South,United States,Florida,Technology,Wireless Keyboard,4,633.95,0.131,2203.61,374.09,26.7633,-78.4825,Standard Class,Consumer
DC-102070,5559,2017-08-06,Western Europe,France,Ile-de-France,Office Supplies,Notebook,1,512.14,0.066,478.34,-35.69,48.9092,2.1269,Standard Class,Consumer
DC-102071,4096,2016-05-01,South Asia,India,Maharashtra,Sports & Outdoors,Mountain Bike,3,280.88,0.06,792.08,0.4,21.9595,73.5471,Standard Class,Consumer
DC-102072,2283,2017-09-23,Northern Europe,United Kingdom,England,Technology,Bluetooth Headset,2,882.96,0.017,1735.9,272.27,52.854,0.1558,Standard Class,Home Office
DC-102073,5571,2017-06-20,Southeast Asia,Singapore,Singapore,Technology,Bluetooth Headset,1,557.04,0.014,549.24,123.27,1.5804,105.3629,Second Class,Corporate
DC-102074,6316,2017-07-21,Northern Europe,United Kingdom,England,Sports & Outdoors,Camping Tent,5,727.58,0.271,2652.03,59.53,53.6544,-0.978,First Class,Home Office
DC-102075,1657,2015-02-26,South Asia,India,Maharashtra,Furniture,Bookshelf,5,880.85,0.085,4029.89,466.66,19.4576,78.1613,Standard Class,Consumer
DC-102076,5317,2015-10-25,Western Europe,France,Ile-de-France,Technology,Apple Smart Device,3,402.73,0.163,1011.26,-24.29,47.8567,1.851,Second Class,Home Office
DC-102077,3649,2018-01-23,East,United States,New York,Technology,Wireless Keyboard,2,94.67,0.256,140.87,12.0,42.1297,-76.0888,Standard Class,Consumer
DC-102078,5618,2017-04-21,South,United States,Florida,Office Supplies,File Folder,1,835.74,0.069,778.07,-30.31,28.3029,-81.0979,First Class,Corporate
DC-102079,6081,2015-12-03,South,United States,Florida,Technology,Laptop Computer,3,100.45,0.025,293.82,-5.38,26.0725,-82.6492,Second Class,Home Office
DC-102080,5291,2016-10-15,Northern Europe,United Kingdom,England,Furniture,Wooden Desk,2,369.16,0.176,608.38,-71.26,53.2457,-2.4067,Standard Class,Consumer
DC-102081,2332,2016-04-29,South,United States,Florida,Furniture,Office Chair,4,175.43,0.002,700.32,82.01,29.6869,-81.7242,Second Class,Corporate
DC-102082,3923,2017-03-23,Oceania,Australia,New South Wales,Office Supplies,Printer Paper,4,512.07,0.293,1448.13,314.16,-35.4325,153.6571,Second Class,Consumer
DC-102083,3107,2015-08-31,Western Europe,France,Ile-de-France,Technology,LED Monitor,3,381.95,0.001,1144.7,48.31,47.9025,3.8106,Standard Class,Consumer
DC-102084,7212,2017-09-27,East,United States,New York,Furniture,Wooden Desk,5,679.06,0.275,2461.59,-52.21,44.8494,-74.9769,Same Day,Consumer
DC-102085,5003,2016-03-30,Canada,Canada,Ontario,Office Supplies,File Folder,4,59.61,0.127,208.16,35.68,43.9425,-81.9439,Standard Class,Consumer
DC-102086,2159,2017-02-16,South,United States,Florida,Office Supplies,Notebook,4,50.06,0.287,142.77,33.47,27.6113,-81.6552,Second Class,Consumer
DC-102087,1086,2016-02-20,West,United States,California,Office Supplies,Stapler,3,237.95,0.147,608.91,18.17,35.1287,-119.8294,First Class,Home Office
DC-102088,3428,2018-01-18,Northern Europe,United Kingdom,England,Sports & Outdoors,Running Shoes,1,658.5,0.145,563.02,52.3,51.6266,-3.6176,Standard Class,Corporate
DC-102089,2792,2017-09-30,Oceania,Australia,New South Wales,Technology,Wireless Keyboard,3,713.65,0.129,1864.77,-191.84,-33.0782,149.348,First Class,Consumer
DC-102090,7780,2016-03-10,West,United States,California,Office Supplies,Printer Paper,4,606.85,0.002,2422.55,112.16,37.3189,-119.4867,Standard Class,Consumer
DC-102091,5644,2015-10-24,South Asia,India,Maharashtra,Office Supplies,Notebook,4,59.43,0.276,172.11,-3.75,21.6698,76.8421,Second Class,Consumer
DC-102092,4497,2016-04-29,South Asia,India,Maharashtra,Office Supplies,Printer Paper,3,510.04,0.271,1115.46,31.77,19.8123,75.78,Standard Class,Corporate
DC-102093,4157,2016-05-09,Canada,Canada,Ontario,Technology,Apple Smart Device,1,87.15,0.207,69.11,-4.33,42.357,-79.3054,Standard Class,Corporate
DC-102094,5150,2015-05-25,Northern Europe,United Kingdom,England,Office Supplies,Notebook,1,295.49,0.135,255.6,27.66,52.1146,-1.0521,Second Class,Consumer
DC-102095,3766,2016-02-24,Oceania,Australia,New South Wales,Technology,LED Monitor,2,889.53,0.145,1521.1,101.05,-36.2035,151.9862,First Class,Consumer
DC-102096,4041,2016-11-20,Northern Europe,United Kingdom,England,Sports & Outdoors,Fitness Equipment,2,227.82,0.134,394.58,-30.31,51.7831,-1.0319,Second Class,Consumer
DC-102097,5596,2015-07-15,Oceania,Australia,New South Wales,Office Supplies,Printer Paper,4,611.53,0.269,1788.11,312.4,-33.5847,151.092,Standard Class,Consumer
DC-102098,6898,2016-03-19,South,United States,Florida,Office Supplies,File Folder,3,511.95,0.223,1193.36,122.48,27.4657,-78.9695,Standard Class,Corporate
DC-102099,5771,2018-01-09,South Asia,India,Maharashtra,Sports & Outdoors,Fitness Equipment,3,763.46,0.097,2068.21,-92.2,17.8194,74.1261,Standard Class,Home Office
DC-102100,7575,2015-10-09,South Asia,India,Maharashtra,Technology,Apple Smart Device,2,166.68,0.163,279.02,8.63,20.7852,78.0543,Second Class,Consumer
DC-102101,3959,2018-01-19,Western Europe,France,Ile-de-France,Sports & Outdoors,Mountain Bike,5,188.59,0.082,865.63,93.87,47.3126,2.8148,First Class,Consumer
DC-102102,7534,2016-09-27,South Asia,India,Maharashtra,Furniture,Office Chair,5,523.9,0.183,2140.13,466.26,18.502,79.6256,Standard Class,Consumer
DC-102103,7653,2015-11-19,East,United States,New York,Technology,Wireless Keyboard,2,832.92,0.256,1239.38,336.92,43.7241,-75.6939,Second Class,Consumer
DC-102104,1415,2016-01-07,Northern Europe,United Kingdom,England,Office Supplies,Pen Set,3,479.92,0.178,1183.48,177.57,52.1965,0.3065,Standard Class,Consumer
DC-102105,4416,2016-07-14,Northern Europe,United Kingdom,England,Technology,Wireless Keyboard,5,461.92,0.032,2235.69,534.77,51.7938,-2.7055,Second Class,Corporate
DC-102106,4308,2016-11-05,Central,United States,Texas,Office Supplies,Stapler,2,461.96,0.188,750.22,-1.47,28.9197,-104.0618,Second Class,Consumer
DC-102107,1196,2016-11-10,South Asia,India,Maharashtra,Sports & Outdoors,Mountain Bike,4,231.27,0.023,903.8,133.29,17.6357,73.7965,Second Class,Consumer
DC-102108,7755,2015-12-03,Oceania,Australia,New South Wales,Sports & Outdoors,Camping Tent,4,879.07,0.23,2707.54,-322.75,-35.0171,152.532,Second Class,Corporate
DC-102109,5964,2015-11-05,Western Europe,France,Ile-de-France,Sports & Outdoors,Running Shoes,4,383.36,0.207,1216.02,280.76,48.4183,1.2068,Second Class,Home Office
DC-102110,5809,2016-08-14,South,United States,Florida,Office Supplies,Pen Set,3,781.67,0.265,1723.58,-105.7,28.5037,-81.0301,Standard Class,Corporate
DC-102111,6547,2017-03-13,Northern Europe,United Kingdom,England,Sports & Outdoors,Mountain Bike,1,431.84,0.016,424.93,77.71,53.2188,-4.5509,Standard Class,Consumer
DC-102112,4207,2015-06-17,Canada,Canada,Ontario,Furniture,Conference Table,5,113.78,0.131,494.37,18.95,43.2222,-79.4227,Standard Class,Consumer
DC-102113,7687,2017-05-05,East,United States,New York,Furniture,Conference Table,2,138.15,0.158,232.64,63.15,44.2658,-77.6808,Same Day,Consumer
DC-102114,4391,2017-03-01,South,United States,Florida,Office Supplies,Printer Paper,2,454.17,0.205,722.13,-60.1,27.6664,-79.9126,Standard Class,Consumer
DC-102115,5994,2016-11-03,Oceania,Australia,New South Wales,Technology,LED Monitor,3,801.82,0.204,1914.75,294.19,-36.7399,151.044,Standard Class,Consumer
DC-102116,3656,2015-07-29,South Asia,India,Maharashtra,Technology,Bluetooth Headset,5,400.51,0.285,1431.82,-9.82,18.2105,76.2556,First Class,Corporate
DC-102117,6176,2017-03-13,Western Europe,France,Ile-de-France,Technology,Apple Smart Device,3,56.61,0.129,147.92,4.58,47.2816,1.7928,Standard Class,Corporate
DC-102118,7433,2016-01-02,Canada,Canada,Ontario,Technology,Laptop Computer,3,550.8,0.283,1184.77,-21.99,41.8799,-80.7478,Second Class,Consumer
DC-102119,1075,2016-01-19,East,United States,New York,Furniture,Bookshelf,3,636.07,0.194,1538.02,190.7,44.4662,-76.5503,Standard Class,Corporate
DC-102120,3864,2016-02-19,Canada,Canada,Ontario,Furniture,Wooden Desk,4,119.53,0.101,429.83,32.95,42.8459,-79.0505,First Class,Consumer
DC-102121,5585,2015-05-28,Northern Europe,United Kingdom,England,Technology,LED Monitor,3,130.79,0.024,382.95,26.42,54.2291,0.1286,Second Class,Consumer
DC-102122,4494,2017-05-18,Central,United States,Texas,Office Supplies,Printer Paper,3,160.94,0.179,396.4,67.83,31.5095,-97.5454,Second Class,Consumer
DC-102123,5720,2017-01-14,West,United States,California,Furniture,Bookshelf,5,272.94,0.156,1151.81,307.19,37.5559,-123.0339,Standard Class,Consumer
DC-102124,3037,2017-03-23,East,United States,New York,Office Supplies,File Folder,3,747.1,0.219,1750.46,-148.79,44.1642,-74.8153,Second Class,Consumer
DC-102125,4275,2016-12-20,Oceania,Australia,New South Wales,Sports & Outdoors,Mountain Bike,2,624.11,0.046,1190.8,10.16,-33.3253,153.6072,Standard Class,Corporate
DC-102126,5893,2016-07-29,East,United States,New York,Sports & Outdoors,Mountain Bike,3,196.61,0.025,575.08,60.28,42.919,-74.8593,Second Class,Home Office
DC-102127,5134,2016-12-21,Central,United States,Texas,Furniture,Storage Cabinet,3,785.22,0.154,1992.89,338.45,30.1514,-99.6888,Standard Class,Consumer
DC-102128,7301,2015-12-23,Canada,Canada,Ontario,Sports & Outdoors,Fitness Equipment,5,29.68,0.075,137.27,6.35,42.5483,-79.8597,Second Class,Consumer
DC-102129,1899,2018-01-19,East,United States,New York,Sports & Outdoors,Fitness Equipment,5,230.15,0.109,1025.32,7.91,43.3967,-75.0636,Second Class,Corporate
DC-102130,7405,2016-05-29,West,United States,California,Sports & Outdoors,Camping Tent,3,357.84,0.112,953.29,9.53,36.0445,-117.6172,Second Class,Consumer
DC-102131,7675,2017-04-20,East,United States,New York,Office Supplies,Pen Set,5,567.63,0.039,2727.46,-85.65,42.5135,-74.1783,Standard Class,Consumer
DC-102132,7146,2016-01-15,East,United States,New York,Office Supplies,File Folder,4,808.31,0.292,2289.13,1.35,42.7039,-76.4877,Standard Class,Corporate
DC-102133,1998,2017-12-26,Central,United States,Texas,Sports & Outdoors,Sports Bag,5,121.95,0.215,478.65,-36.7,30.7712,-98.7698,Second Class,Consumer
DC-102134,1414,2016-06-15,Northern Europe,United Kingdom,England,Technology,Wireless Keyboard,1,587.01,0.094,531.83,-14.02,51.2815,-1.0952,Standard Class,Corporate
DC-102135,3025,2017-03-02,Northern Europe,United Kingdom,England,Sports & Outdoors,Mountain Bike,3,392.78,0.162,987.45,64.01,51.021,-0.509,Standard Class,Consumer
DC-102136,4174,2017-09-16,West,United States,California,Furniture,Wooden Desk,3,560.99,0.109,1499.53,259.88,37.6321,-119.0409,First Class,Consumer
DC-102137,6254,2017-05-29,Western Europe,France,Ile-de-France,Sports & Outdoors,Camping Tent,3,773.01,0.291,1644.19,261.11,48.3708,2.863,Standard Class,Consumer
DC-102138,1021,2015-03-19,Western Europe,France,Ile-de-France,Office Supplies,File Folder,5,527.41,0.04,2531.57,626.74,46.6171,5.2239,Second Class,Consumer
DC-102139,6077,2015-02-13,Oceania,Australia,New South Wales,Sports & Outdoors,Camping Tent,2,322.07,0.045,615.15,138.3,-32.0459,152.6357,Second Class,Consumer
DC-102140,2737,2016-10-07,Northern Europe,United Kingdom,England,Technology,Wireless Keyboard,4,35.08,0.208,111.13,-8.49,52.2501,-0.443,Standard Class,Consumer
DC-102141,6879,2015-09-25,Oceania,Australia,New South Wales,Office Supplies,Notebook,1,815.94,0.123,715.58,10.54,-33.8498,150.6884,Standard Class,Home Office
DC-102142,3873,2015-12-15,West,United States,California,Office Supplies,Stapler,2,788.53,0.07,1466.67,332.85,36.853,-119.907,Second Class,Consumer
DC-102143,7941,2016-01-17,Southeast Asia,Singapore,Singapore,Office Supplies,Notebook,2,465.35,0.22,725.95,-11.35,-2.0111,101.8489,Standard Class,Consumer
DC-102144,5705,2016-04-14,South Asia,India,Maharashtra,Sports & Outdoors,Fitness Equipment,1,870.48,0.086,795.62,-7.67,19.81,73.6841,Standard Class,Consumer
DC-102145,5707,2016-11-23,South,United States,Florida,Office Supplies,Stapler,3,760.14,0.024,2225.69,307.93,26.0842,-81.7442,Standard Class,Home Office
DC-102146,5930,2017-09-10,Canada,Canada,Ontario,Furniture,Conference Table,1,879.07,0.078,810.5,50.63,43.753,-80.4353,Second Class,Corporate
DC-102147,5020,2017-06-16,East,United States,New York,Sports & Outdoors,Sports Bag,3,58.68,0.219,137.49,17.16,44.7915,-74.5573,Second Class,Corporate
DC-102148,1923,2016-06-30,Central,United States,Texas,Sports & Outdoors,Mountain Bike,2,354.25,0.127,618.52,7.36,29.2888,-100.9996,Standard Class,Consumer
DC-102149,2734,2016-11-17,Canada,Canada,Ontario,Sports & Outdoors,Camping Tent,1,785.99,0.179,645.3,15.36,43.4602,-77.2543,Standard Class,Consumer
DC-102150,7942,2015-08-17,South Asia,India,Maharashtra,Furniture,Storage Cabinet,4,86.09,0.019,337.82,34.95,19.8339,77.6987,Second Class,Consumer
DC-102151,6456,2016-11-16,Western Europe,France,Ile-de-France,Office Supplies,Pen Set,1,418.78,0.274,304.03,60.12,49.6185,1.6976,Standard Class,Corporate
DC-102152,3878,2015-10-05,Western Europe,France,Ile-de-France,Technology,Wireless Keyboard,2,205.18,0.209,324.59,89.5,49.9016,1.4196,Standard Class,Home Office
DC-102153,6358,2017-07-26,Oceania,Australia,New South Wales,Furniture,Wooden Desk,4,36.66,0.195,118.05,9.03,-34.0509,151.0387,Standard Class,Consumer
DC-102154,5763,2017-07-04,Canada,Canada,Ontario,Furniture,Storage Cabinet,5,332.39,0.229,1281.36,-110.18,44.254,-79.1066,Second Class,Corporate
DC-102155,3849,2015-01-05,South Asia,India,Maharashtra,Sports & Outdoors,Sports Bag,5,821.4,0.015,4045.39,17.3,21.2246,76.8711,Standard Class,Corporate
DC-102156,2597,2017-01-05,Southeast Asia,Singapore,Singapore,Office Supplies,File Folder,3,270.77,0.132,705.09,86.07,0.8417,107.3331,Standard Class,Home Office
DC-102157,5028,2017-06-08,Western Europe,France,Ile-de-France,Office Supplies,Pen Set,1,461.46,0.196,371.01,83.35,49.2549,4.1837,Second Class,Corporate
DC-102158,5535,2015-03-06,West,United States,California,Sports & Outdoors,Camping Tent,1,483.95,0.257,359.57,-30.67,37.6897,-121.5558,First Class,Corporate
DC-102159,4010,2015-04-07,South Asia,India,Maharashtra,Technology,LED Monitor,5,352.74,0.098,1590.86,260.13,19.4181,75.9778,Same Day,Corporate
DC-102160,5370,2016-01-12,South Asia,India,Maharashtra,Technology,LED Monitor,4,76.29,0.048,290.51,-4.82,19.3987,75.3568,Standard Class,Consumer
DC-102161,1032,2017-01-27,South,United States,Florida,Sports & Outdoors,Mountain Bike,1,73.84,0.047,70.37,17.21,25.9329,-79.3896,Same Day,Home Office
DC-102162,7613,2016-07-17,Canada,Canada,Ontario,Furniture,Wooden Desk,4,471.57,0.167,1571.27,81.48,43.6152,-81.8108,Standard Class,Home Office
DC-102163,7013,2018-01-01,Western Europe,France,Ile-de-France,Technology,LED Monitor,4,391.0,0.152,1326.27,-32.61,48.7542,-0.7463,First Class,Consumer
DC-102164,5142,2017-01-04,East,United States,New York,Technology,Wireless Keyboard,1,373.73,0.156,315.43,7.81,41.2622,-77.3565,Same Day,Home Office
DC-102165,6670,2017-04-03,East,United States,New York,Sports & Outdoors,Fitness Equipment,4,880.8,0.289,2505.0,138.08,43.5617,-73.395,Standard Class,Consumer
DC-102166,3546,2016-09-20,West,United States,California,Technology,Wireless Keyboard,4,898.96,0.077,3318.96,857.44,35.4042,-119.1098,First Class,Corporate
DC-102167,5255,2017-04-10,South,United States,Florida,Sports & Outdoors,Fitness Equipment,2,649.48,0.242,984.61,-21.5,26.6029,-81.0165,Second Class,Consumer
DC-102168,5179,2017-07-02,West,United States,California,Office Supplies,Notebook,5,208.92,0.19,846.13,-61.41,36.5113,-119.1349,Second Class,Consumer
DC-102169,3075,2015-05-10,South,United States,Florida,Sports & Outdoors,Fitness Equipment,4,884.74,0.032,3425.71,210.88,27.9406,-81.4103,First Class,Home Office
DC-102170,5166,2018-01-06,South Asia,India,Maharashtra,Furniture,Conference Table,4,307.93,0.179,1011.24,39.95,18.0282,74.9878,Standard Class,Consumer
DC-102171,2280,2016-12-08,Oceania,Australia,New South Wales,Furniture,Wooden Desk,2,776.42,0.031,1504.7,380.03,-34.6934,149.3345,First Class,Corporate
DC-102172,2471,2015-01-11,West,United States,California,Technology,Apple Smart Device,5,155.45,0.227,600.81,-24.91,36.7797,-120.7459,Standard Class,Corporate
DC-102173,3079,2015-08-25,Western Europe,France,Ile-de-France,Sports & Outdoors,Camping Tent,4,67.44,0.187,219.31,54.21,49.1863,3.7645,Standard Class,Consumer
DC-102174,7783,2017-04-15,Southeast Asia,Singapore,Singapore,Office Supplies,File Folder,5,370.24,0.258,1373.59,265.84,0.9389,105.3568,Second Class,Consumer
DC-102175,2350,2015-08-21,Canada,Canada,Ontario,Technology,Bluetooth Headset,3,242.06,0.285,519.22,11.86,43.6327,-80.2888,Second Class,Consumer
DC-102176,2932,2015-04-28,West,United States,California,Technology,Bluetooth Headset,1,549.86,0.269,401.95,-0.83,37.0748,-116.5486,First Class,Corporate
DC-102177,1653,2017-06-03,Southeast Asia,Singapore,Singapore,Technology,Apple Smart Device,3,217.9,0.215,513.15,104.7,0.1295,99.5616,Standard Class,Corporate
DC-102178,2540,2016-10-19,West,United States,California,Furniture,Wooden Desk,3,369.77,0.025,1081.58,-46.31,38.8785,-119.155,Standard Class,Consumer
DC-102179,1932,2016-12-06,South Asia,India,Maharashtra,Sports & Outdoors,Camping Tent,5,265.81,0.006,1321.08,77.69,17.6115,77.464,Same Day,Consumer
DC-102180,2856,2015-05-29,Southeast Asia,Singapore,Singapore,Technology,LED Monitor,5,449.33,0.155,1898.42,-170.08,-0.4394,102.0305,Second Class,Corporate
DC-102181,4328,2017-02-24,East,United States,New York,Technology,Apple Smart Device,1,710.02,0.161,595.71,112.74,41.7848,-72.5056,Second Class,Consumer
DC-102182,1211,2016-05-27,South Asia,India,Maharashtra,Furniture,Storage Cabinet,3,309.77,0.273,675.61,6.36,20.7012,76.0765,Standard Class,Corporate
DC-102183,4397,2017-01-12,Western Europe,France,Ile-de-France,Office Supplies,Printer Paper,4,739.48,0.173,2446.2,127.43,49.0417,1.8964,First Class,Consumer
DC-102184,1190,2016-11-15,Western Europe,France,Ile-de-France,Sports & Outdoors,Fitness Equipment,5,143.82,0.054,680.27,-10.07,47.5657,1.4412,Second Class,Home Office
DC-102185,1743,2016-01-21,Canada,Canada,Ontario,Technology,Wireless Keyboard,1,707.66,0.292,501.02,-36.22,44.6527,-77.0118,Second Class,Corporate
DC-102186,3342,2015-09-12,Western Europe,France,Ile-de-France,Technology,Bluetooth Headset,1,802.97,0.211,633.54,153.41,50.4771,3.3045,Standard Class,Consumer
DC-102187,6590,2015-09-24,Southeast Asia,Singapore,Singapore,Sports & Outdoors,Sports Bag,3,642.87,0.207,1529.39,153.45,0.7839,102.6419,First Class,Consumer
DC-102188,1635,2015-08-23,South Asia,India,Maharashtra,Technology,LED Monitor,2,54.48,0.091,99.04,-9.88,20.4564,76.7614,First Class,Consumer
DC-102189,2865,2016-11-27,Canada,Canada,Ontario,Furniture,Bookshelf,2,491.41,0.288,699.77,-50.69,41.4055,-81.3665,First Class,Home Office
DC-102190,6411,2017-01-26,South,United States,Florida,Office Supplies,Stapler,2,694.01,0.051,1317.23,-51.16,26.2631,-80.9104,First Class,Consumer
DC-102191,6968,2017-04-02,Western Europe,France,Ile-de-France,Sports & Outdoors,Mountain Bike,5,19.12,0.12,84.13,-1.39,48.2304,2.4875,Second Class,Corporate
DC-102192,6421,2015-06-16,West,United States,California,Technology,Apple Smart Device,3,898.89,0.208,2135.76,-73.2,35.4857,-118.879,Standard Class,Home Office
DC-102193,7417,2015-03-01,Western Europe,France,Ile-de-France,Furniture,Storage Cabinet,5,21.81,0.019,106.98,-6.28,50.5272,6.1392,First Class,Corporate
DC-102194,4129,2015-06-25,Oceania,Australia,New South Wales,Sports & Outdoors,Fitness Equipment,1,590.37,0.065,552.0,36.36,-33.8007,150.765,Standard Class,Corporate
DC-102195,2639,2016-02-02,South,United States,Florida,Office Supplies,File Folder,5,884.61,0.249,3321.71,293.15,29.7274,-82.591,Standard Class,Home Office
DC-102196,4137,2016-03-23,East,United States,New York,Technology,Apple Smart Device,1,389.23,0.157,328.12,1.33,43.5958,-75.8799,Standard Class,Corporate
DC-102197,4391,2017-01-26,South,United States,Florida,Furniture,Conference Table,5,51.29,0.231,197.21,11.86,27.4286,-80.5287,Standard Class,Consumer
DC-102198,4587,2017-09-02,South,United States,Florida,Sports & Outdoors,Fitness Equipment,3,770.69,0.201,1847.34,264.84,27.2527,-79.7026,Standard Class,Consumer
DC-102199,2864,2016-08-15,Southeast Asia,Singapore,Singapore,Technology,Laptop Computer,5,653.98,0.131,2841.54,-321.87,0.7277,104.7126,Second Class,Consumer
DC-102200,4786,2015-09-17,Canada,Canada,Ontario,Office Supplies,Stapler,3,304.01,0.283,653.93,106.09,45.4164,-82.3459,Same Day,Corporate
DC-102201,7306,2017-10-31,South Asia,India,Maharashtra,Furniture,Bookshelf,2,858.28,0.284,1229.06,160.5,18.9755,76.136,Standard Class,Corporate
DC-102202,6992,2017-10-02,Central,United States,Texas,Sports & Outdoors,Mountain Bike,1,542.01,0.064,507.32,-16.79,33.4237,-99.0977,Second Class,Consumer
DC-102203,7900,2017-09-26,Southeast Asia,Singapore,Singapore,Sports & Outdoors,Sports Bag,4,84.8,0.027,330.04,23.46,4.2903,103.1975,Standard Class,Consumer
DC-102204,5360,2016-07-27,Oceania,Australia,New South Wales,Furniture,Storage Cabinet,4,819.21,0.187,2664.07,-10.31,-33.4782,151.7892,Standard Class,Corporate
DC-102205,3056,2017-06-06,East,United States,New York,Technology,Wireless Keyboard,2,249.77,0.197,401.13,-21.15,43.4312,-73.7416,Second Class,Consumer
DC-102206,2191,2015-11-10,South,United States,Florida,Technology,Laptop Computer,1,253.71,0.048,241.53,1.17,29.3239,-81.6514,Second Class,Home Office
DC-102207,2391,2017-08-31,South Asia,India,Maharashtra,Technology,Bluetooth Headset,5,649.17,0.011,3210.15,448.88,19.6285,75.5258,Standard Class,Corporate
DC-102208,3486,2015-08-17,Oceania,Australia,New South Wales,Furniture,Conference Table,2,862.93,0.141,1482.51,28.19,-32.8515,150.7048,Second Class,Consumer
DC-102209,2935,2015-02-10,Northern Europe,United Kingdom,England,Furniture,Wooden Desk,3,507.71,0.147,1299.23,181.05,51.6978,-1.2328,Standard Class,Consumer
DC-102210,5936,2016-11-18,Central,United States,Texas,Office Supplies,File Folder,3,465.92,0.074,1294.33,-112.51,31.0888,-99.8063,Second Class,Corporate
DC-102211,5609,2015-06-03,Southeast Asia,Singapore,Singapore,Office Supplies,Stapler,1,699.19,0.119,615.99,137.44,0.1766,105.5211,Standard Class,Consumer
DC-102212,1475,2015-05-12,Canada,Canada,Ontario,Office Supplies,Notebook,1,35.34,0.056,33.36,3.04,46.1793,-79.8357,Standard Class,Home Office
DC-102213,4047,2017-09-26,South Asia,India,Maharashtra,Office Supplies,Notebook,1,440.8,0.06,414.35,7.31,20.4699,76.8685,Standard Class,Consumer
DC-102214,5751,2016-01-25,Central,United States,Texas,Office Supplies,File Folder,4,720.49,0.154,2438.14,-196.8,29.3304,-99.7324,Second Class,Consumer
DC-102215,5160,2017-10-10,West,United States,California,Technology,Laptop Computer,4,608.13,0.175,2006.83,494.77,37.8048,-121.0914,Standard Class,Corporate
DC-102216,4805,2015-12-28,Northern Europe,United Kingdom,England,Office Supplies,Stapler,1,701.85,0.19,568.5,-6.46,52.205,-2.8542,Same Day,Consumer
DC-102217,1681,2017-08-20,Southeast Asia,Singapore,Singapore,Technology,LED Monitor,1,152.05,0.261,112.36,17.2,1.1211,104.1387,Second Class,Consumer
DC-102218,5036,2017-04-01,Canada,Canada,Ontario,Sports & Outdoors,Camping Tent,3,541.44,0.231,1249.1,-13.08,44.04,-79.7394,Second Class,Consumer
DC-102219,4255,2015-04-01,West,United States,California,Furniture,Bookshelf,3,668.81,0.138,1729.54,-68.68,33.9879,-121.9257,Standard Class,Consumer
DC-102220,4708,2015-12-18,Southeast Asia,Singapore,Singapore,Furniture,Conference Table,2,230.74,0.094,418.1,7.44,-1.235,103.8884,First Class,Home Office
DC-102221,7362,2015-10-08,West,United States,California,Furniture,Conference Table,4,380.79,0.299,1067.74,229.85,37.872,-118.677,Second Class,Consumer
DC-102222,7998,2017-07-27,Western Europe,France,Ile-de-France,Furniture,Bookshelf,4,792.56,0.161,2659.83,-39.42,48.3708,2.7203,Standard Class,Corporate
DC-102223,1324,2016-08-05,East,United States,New York,Office Supplies,File Folder,4,258.84,0.221,806.55,223.88,42.7683,-77.6477,Standard Class,Consumer
DC-102224,6722,2017-07-02,East,United States,New York,Furniture,Bookshelf,5,63.17,0.11,281.11,76.21,44.0729,-76.0508,Standard Class,Consumer
DC-102225,4946,2018-01-25,South,United States,Florida,Sports & Outdoors,Sports Bag,3,604.25,0.024,1769.24,310.11,27.6265,-81.5866,Second Class,Consumer
DC-102226,4822,2017-09-21,Western Europe,France,Ile-de-France,Furniture,Storage Cabinet,3,776.48,0.105,2084.85,561.03,48.5228,-0.6816,First Class,Corporate
DC-102227,5219,2015-08-12,South,United States,Florida,Sports & Outdoors,Running Shoes,1,671.28,0.068,625.63,95.15,29.9127,-80.437,Standard Class,Corporate
DC-102228,6080,2015-01-22,South Asia,India,Maharashtra,Office Supplies,Notebook,2,15.73,0.056,29.7,3.97,18.9655,78.5736,First Class,Home Office
DC-102229,2826,2017-09-19,Southeast Asia,Singapore,Singapore,Sports & Outdoors,Mountain Bike,3,103.54,0.202,247.87,-12.58,1.2043,101.4395,Standard Class,Home Office
DC-102230,4553,2015-08-31,East,United States,New York,Sports & Outdoors,Fitness Equipment,1,294.56,0.066,275.12,5.18,42.5142,-75.8356,Standard Class,Home Office
DC-102231,1801,2015-11-26,Southeast Asia,Singapore,Singapore,Technology,Wireless Keyboard,2,291.33,0.228,449.81,-36.28,1.3295,104.3588,Standard Class,Home Office
DC-102232,2967,2016-08-27,Central,United States,Texas,Sports & Outdoors,Sports Bag,5,540.79,0.211,2133.42,322.23,31.1844,-99.8935,Standard Class,Consumer
DC-102233,7772,2015-02-13,South,United States,Florida,Technology,Wireless Keyboard,3,33.79,0.026,98.73,-3.83,28.8134,-80.6401,Second Class,Home Office
DC-102234,2200,2015-12-01,Canada,Canada,Ontario,Office Supplies,Pen Set,5,556.55,0.251,2084.28,208.19,44.4976,-78.3971,Second Class,Consumer
DC-102235,6540,2015-06-29,Central,United States,Texas,Furniture,Conference Table,1,814.68,0.294,575.16,145.23,30.0997,-100.5418,Standard Class,Consumer
DC-102236,3444,2017-01-23,Oceania,Australia,New South Wales,Sports & Outdoors,Mountain Bike,2,169.21,0.095,306.27,52.62,-33.6129,152.9645,First Class,Corporate
DC-102237,6975,2016-03-27,Northern Europe,United Kingdom,England,Technology,Apple Smart Device,2,631.75,0.107,1128.31,230.01,50.8371,-0.1599,Standard Class,Consumer
DC-102238,6845,2016-01-24,Northern Europe,United Kingdom,England,Sports & Outdoors,Sports Bag,5,560.42,0.094,2538.7,-242.18,52.3077,-2.5466,Standard Class,Consumer
DC-102239,5656,2016-02-07,South,United States,Florida,Furniture,Storage Cabinet,2,318.91,0.27,465.61,-4.04,26.3659,-81.2089,Standard Class,Home Office
DC-102240,4654,2015-02-13,Northern Europe,United Kingdom,England,Sports & Outdoors,Fitness Equipment,3,263.07,0.04,757.64,-54.6,51.9476,-1.2244,Standard Class,Consumer
DC-102241,7238,2017-02-15,Southeast Asia,Singapore,Singapore,Office Supplies,Notebook,3,369.3,0.103,993.79,179.19,1.8344,103.3785,First Class,Consumer
DC-102242,5246,2015-11-21,Canada,Canada,Ontario,Sports & Outdoors,Mountain Bike,3,109.38,0.185,267.43,6.39,43.8334,-80.9384,Second Class,Consumer
DC-102243,5799,2017-10-23,Northern Europe,United Kingdom,England,Office Supplies,Printer Paper,4,566.42,0.079,2086.69,27.66,47.6626,-1.0063,Standard Class,Corporate
DC-102244,3453,2015-12-24,South Asia,India,Maharashtra,Technology,LED Monitor,4,480.98,0.058,1812.33,45.71,22.8328,75.7571,Standard Class,Consumer
DC-102245,7813,2016-07-28,Southeast Asia,Singapore,Singapore,Furniture,Storage Cabinet,2,386.99,0.003,771.66,1.97,3.1991,104.1779,Second Class,Corporate
DC-102246,1809,2016-03-27,South,United States,Florida,Sports & Outdoors,Sports Bag,3,423.87,0.159,1069.42,-128.01,28.2002,-80.5572,Second Class,Home Office
DC-102247,2922,2015-11-17,Southeast Asia,Singapore,Singapore,Office Supplies,Stapler,3,540.38,0.239,1233.69,313.45,2.5544,102.1236,First Class,Home Office
DC-102248,4398,2016-10-16,Canada,Canada,Ontario,Technology,LED Monitor,3,784.19,0.246,1773.84,489.74,43.8211,-78.6854,Second Class,Corporate
DC-102249,7325,2016-04-30,East,United States,New York,Office Supplies,File Folder,3,630.35,0.227,1461.78,146.8,43.8056,-75.0121,Second Class,Consumer
DC-102250,5050,2015-10-09,East,United States,New York,Sports & Outdoors,Running Shoes,5,749.34,0.216,2937.41,461.1,43.4529,-76.7142,Standard Class,Consumer
DC-102251,2845,2015-04-19,West,United States,California,Sports & Outdoors,Sports Bag,4,729.27,0.187,2371.59,430.92,38.0473,-120.3542,Standard Class,Consumer
DC-102252,4000,2017-02-21,East,United States,New York,Technology,Bluetooth Headset,4,346.66,0.258,1028.89,188.36,43.1937,-75.4406,Standard Class,Corporate
DC-102253,1307,2017-06-20,Western Europe,France,Ile-de-France,Sports & Outdoors,Running Shoes,5,346.22,0.245,1306.98,339.58,48.7287,1.1566,Same Day,Home Office
DC-102254,6683,2016-05-16,Southeast Asia,Singapore,Singapore,Office Supplies,Pen Set,1,623.32,0.069,580.31,7.5,0.0879,103.6021,First Class,Consumer
DC-102255,2235,2015-01-22,Western Europe,France,Ile-de-France,Technology,LED Monitor,5,415.78,0.204,1654.8,336.79,47.8591,1.4465,Standard Class,Home Office
DC-102256,3688,2017-10-21,Central,United States,Texas,Furniture,Conference Table,3,35.58,0.201,85.29,-2.22,30.3733,-100.0818,Standard Class,Corporate
DC-102257,1773,2017-08-22,West,United States,California,Technology,Wireless Keyboard,2,241.21,0.103,432.73,-38.01,37.3998,-118.8261,Second Class,Consumer
DC-102258,3397,2017-04-06,West,United States,California,Technology,Bluetooth Headset,4,589.94,0.272,1717.91,-29.6,36.9667,-119.5855,Second Class,Corporate
DC-102259,4424,2016-05-30,Northern Europe,United Kingdom,England,Technology,Bluetooth Headset,3,307.72,0.229,711.76,53.55,52.2917,-0.7266,Standard Class,Corporate
DC-102260,3125,2016-05-09,Oceania,Australia,New South Wales,Sports & Outdoors,Sports Bag,2,833.79,0.13,1450.79,188.54,-33.4888,152.0458,Standard Class,Corporate
DC-102261,3047,2017-08-13,Western Europe,France,Ile-de-France,Furniture,Wooden Desk,3,787.15,0.101,2122.94,477.94,47.5063,0.0425,Standard Class,Corporate
DC-102262,6819,2015-06-19,Southeast Asia,Singapore,Singapore,Technology,Laptop Computer,5,592.62,0.148,2524.56,530.72,1.778,105.8838,Standard Class,Corporate
DC-102263,1863,2017-12-17,South,United States,Florida,Office Supplies,Notebook,1,108.57,0.046,103.58,27.5,26.0044,-83.9879,Standard Class,Consumer
DC-102264,3594,2017-03-04,Oceania,Australia,New South Wales,Office Supplies,Notebook,4,561.16,0.071,2085.27,40.44,-30.1383,152.081,Standard Class,Consumer
DC-102265,2134,2015-07-14,Canada,Canada,Ontario,Office Supplies,Notebook,4,666.13,0.177,2192.9,307.01,41.8763,-78.9667,First Class,Corporate
DC-102266,7121,2017-04-14,Southeast Asia,Singapore,Singapore,Furniture,Wooden Desk,2,700.3,0.23,1078.46,170.85,2.8422,102.2364,Second Class,Consumer
DC-102267,5721,2015-08-08,Western Europe,France,Ile-de-France,Technology,Laptop Computer,1,641.78,0.048,610.97,-54.8,48.7078,0.2993,Second Class,Corporate
DC-102268,2818,2015-05-18,West,United States,California,Sports & Outdoors,Running Shoes,2,484.54,0.042,928.38,246.66,35.252,-118.2847,Standard Class,Corporate
DC-102269,6439,2015-06-07,Central,United States,Texas,Technology,Apple Smart Device,3,486.49,0.145,1247.85,153.45,29.0501,-99.1217,Standard Class,Consumer
DC-102270,6311,2015-09-03,South,United States,Florida,Office Supplies,Pen Set,4,150.1,0.001,599.8,75.48,27.2206,-82.2941,Standard Class,Home Office
DC-102271,1812,2017-03-31,South Asia,India,Maharashtra,Technology,LED Monitor,4,272.78,0.061,1024.56,-37.31,19.8232,75.8121,Second Class,Consumer
DC-102272,4149,2016-09-28,Central,United States,Texas,Technology,Bluetooth Headset,3,113.69,0.071,316.85,27.45,33.1469,-99.3475,First Class,Consumer
DC-102273,7696,2015-11-10,Southeast Asia,Singapore,Singapore,Technology,Laptop Computer,3,755.92,0.163,1898.12,3.89,0.5048,103.6601,Standard Class,Consumer
DC-102274,5088,2017-11-09,Northern Europe,United Kingdom,England,Office Supplies,Notebook,4,813.7,0.174,2688.46,557.78,54.0612,-2.3833,Second Class,Consumer
DC-102275,3429,2015-10-10,Canada,Canada,Ontario,Technology,Wireless Keyboard,3,216.49,0.138,559.84,137.6,43.5619,-79.9156,Second Class,Consumer
DC-102276,3714,2016-04-10,Western Europe,France,Ile-de-France,Furniture,Storage Cabinet,5,122.04,0.129,531.48,31.88,48.9691,4.7377,Standard Class,Consumer
DC-102277,3390,2016-07-06,Canada,Canada,Ontario,Sports & Outdoors,Mountain Bike,5,463.01,0.048,2203.93,304.1,43.4872,-77.9085,Second Class,Home Office
DC-102278,5178,2017-07-09,Oceania,Australia,New South Wales,Furniture,Bookshelf,5,237.5,0.183,970.19,44.05,-34.2762,151.2342,Standard Class,Consumer
DC-102279,2125,2017-08-10,East,United States,New York,Furniture,Conference Table,4,248.28,0.024,969.29,62.88,44.5684,-74.0482,Same Day,Corporate
DC-102280,5081,2015-10-20,Central,United States,Texas,Furniture,Bookshelf,3,700.43,0.149,1788.2,-154.52,33.4091,-98.4831,Same Day,Corporate
DC-102281,1348,2015-12-12,Western Europe,France,Ile-de-France,Technology,Bluetooth Headset,1,768.66,0.013,758.67,-58.44,51.852,1.4181,Second Class,Corporate
DC-102282,7833,2015-05-30,Northern Europe,United Kingdom,England,Office Supplies,Notebook,3,347.97,0.21,824.69,-6.69,53.4992,-1.7062,Standard Class,Home Office
DC-102283,7151,2015-05-22,Southeast Asia,Singapore,Singapore,Office Supplies,Printer Paper,1,718.79,0.299,503.87,53.88,-1.1681,104.7186,Standard Class,Consumer
DC-102284,2094,2017-07-21,South,United States,Florida,Office Supplies,Printer Paper,4,19.14,0.05,72.73,0.09,27.9209,-80.3033,First Class,Corporate
DC-102285,7239,2015-03-12,Western Europe,France,Ile-de-France,Office Supplies,Printer Paper,5,161.71,0.283,579.73,91.11,47.8296,-0.0223,Standard Class,Consumer
DC-102286,7012,2017-02-20,Canada,Canada,Ontario,Sports & Outdoors,Sports Bag,4,181.04,0.047,690.12,-75.92,44.18,-79.7807,Standard Class,Consumer
DC-102287,5087,2017-12-26,Northern Europe,United Kingdom,England,Sports & Outdoors,Mountain Bike,2,738.27,0.077,1362.85,25.84,54.4378,-0.321,Standard Class,Consumer
DC-102288,4782,2015-07-08,Canada,Canada,Ontario,Technology,LED Monitor,2,556.31,0.298,781.06,196.34,45.46,-81.0903,Standard Class,Consumer
DC-102289,2123,2017-03-23,Northern Europe,United Kingdom,England,Technology,Wireless Keyboard,2,125.01,0.28,180.01,-10.16,55.0029,-1.1522,Standard Class,Corporate
DC-102290,5523,2017-03-25,South,United States,Florida,Sports & Outdoors,Mountain Bike,4,275.66,0.089,1004.51,226.48,28.8559,-79.6977,Standard Class,Home Office
DC-102291,7471,2015-03-29,Western Europe,France,Ile-de-France,Technology,Wireless Keyboard,4,144.39,0.104,517.49,91.49,48.646,1.5801,Standard Class,Corporate
DC-102292,7241,2018-01-26,East,United States,New York,Sports & Outdoors,Fitness Equipment,2,322.77,0.198,517.72,55.05,41.238,-75.2736,Second Class,Home Office
DC-102293,2790,2015-04-23,Southeast Asia,Singapore,Singapore,Office Supplies,Notebook,3,410.77,0.13,1072.11,10.97,0.6778,103.3967,Standard Class,Consumer
DC-102294,5222,2015-10-21,Canada,Canada,Ontario,Office Supplies,Pen Set,1,788.55,0.043,754.64,118.23,43.6217,-79.1682,Standard Class,Consumer
DC-102295,2660,2018-01-15,South,United States,Florida,Sports & Outdoors,Sports Bag,2,630.91,0.293,892.11,66.44,27.2553,-82.7698,Standard Class,Consumer
DC-102296,6652,2016-03-16,Western Europe,France,Ile-de-France,Technology,Laptop Computer,1,425.07,0.236,324.75,-5.45,48.3541,4.4242,Second Class,Corporate
DC-102297,6725,2016-01-08,South,United States,Florida,Sports & Outdoors,Camping Tent,1,659.29,0.149,561.06,112.9,27.4356,-79.7007,Second Class,Consumer
DC-102298,5687,2016-09-25,East,United States,New York,Sports & Outdoors,Running Shoes,4,376.97,0.235,1153.53,-138.04,44.4891,-73.7957,Standard Class,Consumer
DC-102299,3621,2016-02-18,South,United States,Florida,Technology,Laptop Computer,2,854.69,0.135,1478.61,248.15,27.47,-80.4762,Second Class,Consumer
DC-102300,1580,2017-08-20,South Asia,India,Maharashtra,Furniture,Storage Cabinet,1,201.61,0.191,163.1,30.23,18.4387,76.849,First Class,Consumer
DC-102301,6819,2016-04-12,Central,United States,Texas,Technology,LED Monitor,3,270.17,0.218,633.82,28.26,31.8414,-100.8002,Standard Class,Consumer
DC-102302,6796,2015-07-11,Western Europe,France,Ile-de-France,Technology,Bluetooth Headset,2,95.96,0.082,176.18,30.94,48.8497,3.2136,Standard Class,Corporate
DC-102303,3255,2016-05-01,Northern Europe,United Kingdom,England,Sports & Outdoors,Running Shoes,3,144.71,0.018,426.32,93.92,53.153,0.8448,Standard Class,Corporate
DC-102304,7984,2017-06-03,South,United States,Florida,Sports & Outdoors,Sports Bag,4,188.93,0.104,677.13,-25.51,26.811,-83.5011,First Class,Corporate
DC-102305,3633,2016-05-22,Southeast Asia,Singapore,Singapore,Office Supplies,Pen Set,2,751.69,0.12,1322.97,366.75,0.2421,102.7882,Second Class,Consumer
DC-102306,3148,2017-09-03,South Asia,India,Maharashtra,Technology,Laptop Computer,4,810.7,0.287,2312.12,268.73,19.3767,75.2959,First Class,Corporate
DC-102307,7675,2017-09-26,Northern Europe,United Kingdom,England,Furniture,Bookshelf,1,886.77,0.172,734.25,-53.93,50.6317,-2.2621,First Class,Consumer
DC-102308,3272,2016-01-16,Southeast Asia,Singapore,Singapore,Technology,Apple Smart Device,4,151.19,0.019,593.27,62.69,1.611,103.0418,Second Class,Corporate
DC-102309,3909,2016-04-29,West,United States,California,Technology,Wireless Keyboard,5,870.98,0.082,3997.8,63.96,34.4947,-118.6856,Same Day,Corporate
DC-102310,2843,2017-04-28,Southeast Asia,Singapore,Singapore,Technology,Laptop Computer,4,449.34,0.112,1596.06,115.64,1.3612,101.6351,Standard Class,Home Office
DC-102311,1280,2017-02-12,Canada,Canada,Ontario,Furniture,Storage Cabinet,2,212.38,0.213,334.29,71.74,43.5738,-81.9296,Standard Class,Corporate
DC-102312,3699,2016-02-09,Oceania,Australia,New South Wales,Technology,Bluetooth Headset,4,300.7,0.201,961.04,218.66,-35.26,151.9032,Standard Class,Consumer
DC-102313,4179,2017-11-07,South Asia,India,Maharashtra,Technology,LED Monitor,5,630.36,0.119,2776.74,773.2,17.8021,76.6974,Standard Class,Home Office
DC-102314,5554,2015-07-10,Central,United States,Texas,Technology,Apple Smart Device,1,817.12,0.254,609.57,33.67,30.4661,-103.3978,Second Class,Home Office
DC-102315,3797,2018-01-30,East,United States,New York,Technology,Bluetooth Headset,1,370.83,0.26,274.41,-11.1,42.8543,-75.5712,First Class,Home Office
DC-102316,5785,2015-11-12,West,United States,California,Furniture,Office Chair,4,475.58,0.158,1601.75,244.36,38.6978,-120.8725,Second Class,Consumer
DC-102317,5524,2016-01-10,Southeast Asia,Singapore,Singapore,Furniture,Conference Table,3,590.4,0.093,1606.48,-181.53,3.0719,104.4317,Second Class,Corporate
DC-102318,5116,2017-12-08,Western Europe,France,Ile-de-France,Office Supplies,Printer Paper,3,90.12,0.228,208.72,42.78,51.7652,4.2383,Standard Class,Corporate
DC-102319,6320,2015-06-21,Canada,Canada,Ontario,Office Supplies,File Folder,2,561.08,0.246,846.11,19.69,43.4797,-82.1347,First Class,Consumer
DC-102320,4166,2017-03-18,Southeast Asia,Singapore,Singapore,Furniture,Wooden Desk,2,32.93,0.202,52.56,0.79,3.2023,102.7204,Same Day,Consumer
DC-102321,5456,2016-06-27,Central,United States,Texas,Technology,Laptop Computer,5,861.99,0.086,3939.29,-95.54,30.2401,-99.0877,Standard Class,Corporate
DC-102322,2123,2017-02-05,Northern Europe,United Kingdom,England,Sports & Outdoors,Sports Bag,1,320.02,0.03,310.42,-25.48,52.3129,-2.827,Standard Class,Corporate
DC-102323,2664,2017-12-01,East,United States,New York,Technology,Laptop Computer,3,755.53,0.077,2092.06,531.44,44.2113,-75.7396,Second Class,Consumer
DC-102324,4394,2016-11-23,Southeast Asia,Singapore,Singapore,Sports & Outdoors,Mountain Bike,4,205.58,0.176,677.59,57.1,0.3463,105.3023,Second Class,Corporate
DC-102325,4944,2016-10-02,South Asia,India,Maharashtra,Technology,Wireless Keyboard,1,812.09,0.253,606.63,14.06,19.1902,74.4972,Second Class,Home Office
DC-102326,4346,2017-10-09,West,United States,California,Technology,LED Monitor,3,442.63,0.031,1286.73,193.42,34.8118,-121.4074,Second Class,Consumer
DC-102327,7051,2015-04-23,Northern Europe,United Kingdom,England,Sports & Outdoors,Running Shoes,4,471.07,0.191,1524.38,-168.05,53.3352,-2.0788,Standard Class,Corporate
DC-102328,6923,2017-09-14,Northern Europe,United Kingdom,England,Sports & Outdoors,Sports Bag,3,222.68,0.036,643.99,11.33,51.6907,-2.8693,Standard Class,Consumer
DC-102329,6747,2015-09-28,Northern Europe,United Kingdom,England,Office Supplies,Pen Set,4,443.61,0.126,1550.86,346.25,51.8095,-1.9055,Second Class,Corporate
DC-102330,1146,2017-12-14,Southeast Asia,Singapore,Singapore,Office Supplies,Pen Set,1,893.19,0.143,765.46,-85.55,3.7165,99.3953,Standard Class,Consumer
DC-102331,7252,2016-07-05,East,United States,New York,Sports & Outdoors,Fitness Equipment,2,831.6,0.19,1347.19,324.6,42.165,-77.3064,Standard Class,Home Office
DC-102332,2404,2017-10-21,Canada,Canada,Ontario,Technology,Bluetooth Headset,4,518.37,0.194,1671.22,429.17,44.3191,-81.7376,Second Class,Consumer
DC-102333,3593,2017-10-17,Central,United States,Texas,Office Supplies,Stapler,5,265.8,0.007,1319.7,-22.36,32.3379,-99.9242,Standard Class,Home Office
DC-102334,3199,2016-02-12,East,United States,New York,Technology,Bluetooth Headset,2,783.26,0.154,1325.28,316.05,42.5765,-75.3339,Standard Class,Consumer
DC-102335,4973,2015-02-23,Northern Europe,United Kingdom,England,Office Supplies,Pen Set,4,526.17,0.155,1778.45,338.98,51.7013,0.1753,Standard Class,Corporate
DC-102336,6586,2016-01-04,Central,United States,Texas,Technology,Wireless Keyboard,1,611.14,0.026,595.25,66.47,32.8774,-99.7689,Standard Class,Home Office
DC-102337,7587,2016-03-20,South Asia,India,Maharashtra,Technology,Wireless Keyboard,2,371.92,0.061,698.47,104.58,19.0859,78.863,Standard Class,Consumer
DC-102338,3839,2016-04-21,Canada,Canada,Ontario,Sports & Outdoors,Fitness Equipment,3,335.77,0.169,837.07,152.28,44.0467,-79.6437,Standard Class,Corporate
DC-102339,4779,2016-09-29,Western Europe,France,Ile-de-France,Technology,Apple Smart Device,1,232.73,0.022,227.61,10.6,50.2397,3.8098,Standard Class,Consumer
DC-102340,3985,2015-02-10,South Asia,India,Maharashtra,Technology,LED Monitor,2,773.55,0.029,1502.23,-151.73,18.8787,73.3665,Standard Class,Corporate
DC-102341,7303,2016-10-02,East,United States,New York,Technology,Laptop Computer,2,798.64,0.122,1402.41,-22.61,41.1018,-74.5609,Standard Class,Corporate
DC-102342,7687,2016-12-04,Central,United States,Texas,Technology,LED Monitor,4,608.53,0.077,2246.69,45.46,31.0092,-97.6891,Standard Class,Consumer
DC-102343,5201,2018-01-24,Northern Europe,United Kingdom,England,Technology,Laptop Computer,5,799.1,0.11,3555.99,85.16,50.9309,-0.7945,Standard Class,Corporate
DC-102344,3664,2017-06-11,Oceania,Australia,New South Wales,Technology,Bluetooth Headset,3,835.69,0.161,2103.43,-75.22,-35.8979,153.5639,Second Class,Home Office
DC-102345,3784,2015-01-25,South,United States,Florida,Sports & Outdoors,Camping Tent,4,613.9,0.037,2364.74,-143.7,26.4756,-79.835,Second Class,Consumer
DC-102346,1587,2015-11-04,South,United States,Florida,Office Supplies,Printer Paper,5,345.7,0.228,1334.4,146.74,26.2692,-80.835,Second Class,Consumer
DC-102347,1432,2017-04-11,Northern Europe,United Kingdom,England,Furniture,Storage Cabinet,1,831.71,0.225,644.58,135.31,51.7722,-0.7643,Standard Class,Corporate
DC-102348,5748,2017-03-23,Western Europe,France,Ile-de-France,Sports & Outdoors,Running Shoes,4,314.94,0.219,983.87,-104.83,49.3196,0.699,First Class,Home Office
DC-102349,3999,2015-11-30,Southeast Asia,Singapore,Singapore,Sports & Outdoors,Camping Tent,1,716.94,0.116,633.77,42.15,2.0633,104.0965,First Class,Corporate
DC-102350,7974,2017-08-20,Canada,Canada,Ontario,Sports & Outdoors,Mountain Bike,1,445.0,0.02,436.1,24.97,44.9415,-76.8848,Second Class,Corporate
DC-102351,5086,2016-07-20,South Asia,India,Maharashtra,Office Supplies,Notebook,2,703.5,0.118,1240.97,281.51,20.2777,76.8455,Second Class,Consumer
DC-102352,2379,2017-09-16,West,United States,California,Technology,Laptop Computer,5,763.22,0.088,3480.28,-156.36,38.6058,-121.4003,Standard Class,Corporate
DC-102353,1038,2016-12-17,Southeast Asia,Singapore,Singapore,Technology,LED Monitor,5,743.87,0.129,3239.55,209.7,1.8483,102.7261,Standard Class,Home Office
DC-102354,1403,2015-06-06,Oceania,Australia,New South Wales,Sports & Outdoors,Mountain Bike,3,384.19,0.29,818.32,-47.79,-33.4097,151.1875,Standard Class,Consumer
DC-102355,6629,2015-07-31,West,United States,California,Technology,Wireless Keyboard,3,503.58,0.244,1142.12,23.55,37.1583,-118.7904,Standard Class,Consumer
DC-102356,7299,2017-01-11,West,United States,California,Office Supplies,Notebook,4,138.18,0.014,544.98,-64.41,38.7153,-120.1303,Second Class,Consumer
DC-102357,3413,2017-02-14,Central,United States,Texas,Technology,Apple Smart Device,1,538.83,0.13,468.78,88.49,30.1667,-100.4818,Standard Class,Home Office
DC-102358,6863,2015-12-15,Central,United States,Texas,Technology,LED Monitor,4,578.22,0.235,1769.35,101.01,32.6208,-100.9323,Standard Class,Consumer
DC-102359,4559,2017-10-31,Canada,Canada,Ontario,Technology,LED Monitor,2,310.45,0.165,518.45,94.32,42.7961,-78.127,First Class,Consumer
DC-102360,6539,2017-10-02,Oceania,Australia,New South Wales,Office Supplies,File Folder,5,446.85,0.265,1642.17,407.41,-33.1467,151.0743,Second Class,Corporate
DC-102361,2584,2016-04-01,South Asia,India,Maharashtra,Sports & Outdoors,Running Shoes,4,400.96,0.175,1323.17,144.19,20.1769,74.2425,Same Day,Corporate
DC-102362,4578,2015-10-22,Northern Europe,United Kingdom,England,Office Supplies,Printer Paper,1,442.86,0.062,415.4,30.77,53.9413,-2.1574,Standard Class,Consumer
DC-102363,7485,2015-05-08,South Asia,India,Maharashtra,Technology,Apple Smart Device,4,380.58,0.003,1517.75,333.64,19.5574,75.0835,Standard Class,Consumer
DC-102364,1115,2017-09-06,Northern Europe,United Kingdom,England,Sports & Outdoors,Camping Tent,2,233.92,0.098,421.99,115.37,54.0423,-2.0524,First Class,Home Office
DC-102365,3085,2017-07-22,South Asia,India,Maharashtra,Sports & Outdoors,Mountain Bike,3,518.3,0.2,1243.92,-147.54,20.0934,77.1353,Same Day,Consumer
DC-102366,3316,2015-05-28,Central,United States,Texas,Furniture,Storage Cabinet,4,122.35,0.036,471.78,73.57,34.1753,-99.1819,Second Class,Home Office
DC-102367,2801,2017-09-16,Canada,Canada,Ontario,Office Supplies,Pen Set,3,135.65,0.208,322.3,-11.63,44.13,-78.7123,Standard Class,Consumer
DC-102368,5667,2016-06-24,Southeast Asia,Singapore,Singapore,Furniture,Conference Table,3,323.59,0.154,821.27,63.79,-0.3863,102.9938,Second Class,Consumer
DC-102369,5727,2015-03-26,West,United States,California,Sports & Outdoors,Running Shoes,1,865.62,0.226,669.99,20.65,35.244,-119.9735,Second Class,Consumer
DC-102370,1655,2015-04-23,South,United States,Florida,Technology,Wireless Keyboard,4,642.65,0.025,2506.34,131.06,26.2725,-81.8047,Standard Class,Consumer
DC-102371,1718,2016-08-22,South Asia,India,Maharashtra,Office Supplies,Notebook,3,895.78,0.074,2488.48,549.35,20.9119,74.7808,Standard Class,Consumer
DC-102372,6532,2017-03-08,West,United States,California,Technology,Laptop Computer,2,67.03,0.085,122.66,12.42,36.048,-120.6484,Standard Class,Corporate
DC-102373,2501,2016-11-02,East,United States,New York,Sports & Outdoors,Fitness Equipment,2,465.7,0.119,820.56,130.87,43.0456,-76.149,Second Class,Consumer
DC-102374,1257,2015-10-12,West,United States,California,Sports & Outdoors,Camping Tent,3,463.53,0.142,1193.13,10.21,38.4295,-120.8272,Standard Class,Corporate
DC-102375,7289,2016-05-31,Northern Europe,United Kingdom,England,Sports & Outdoors,Fitness Equipment,2,167.98,0.143,287.92,40.21,52.8991,-2.1582,Standard Class,Consumer
DC-102376,6157,2015-02-12,East,United States,New York,Sports & Outdoors,Mountain Bike,2,428.5,0.017,842.43,36.44,43.271,-72.5214,Second Class,Corporate
DC-102377,5504,2017-03-20,Northern Europe,United Kingdom,England,Furniture,Bookshelf,5,70.33,0.164,293.98,73.56,50.4981,-2.0812,Standard Class,Home Office
DC-102378,4205,2015-01-16,Western Europe,France,Ile-de-France,Office Supplies,Printer Paper,3,408.76,0.247,923.39,63.28,48.9926,1.9359,First Class,Corporate
DC-102379,1668,2015-04-03,Central,United States,Texas,Office Supplies,Notebook,1,221.86,0.043,212.32,39.14,32.6791,-98.9981,Second Class,Corporate
DC-102380,4666,2016-05-22,Western Europe,France,Ile-de-France,Sports & Outdoors,Fitness Equipment,1,894.06,0.252,668.76,47.98,48.5696,1.9116,Second Class,Corporate
DC-102381,1057,2017-04-11,Central,United States,Texas,Sports & Outdoors,Fitness Equipment,5,784.94,0.044,3752.01,-354.7,32.2909,-97.4099,First Class,Consumer
DC-102382,5401,2016-08-04,Oceania,Australia,New South Wales,Technology,LED Monitor,1,760.35,0.179,624.25,72.58,-33.9072,152.16,Same Day,Corporate
DC-102383,7056,2017-07-30,Central,United States,Texas,Technology,Wireless Keyboard,4,280.24,0.031,1086.21,-29.2,32.2461,-100.8718,Second Class,Consumer
DC-102384,3073,2017-02-03,South Asia,India,Maharashtra,Furniture,Bookshelf,4,803.77,0.245,2427.39,579.35,19.4521,77.5482,Standard Class,Consumer
DC-102385,2477,2017-04-21,East,United States,New York,Office Supplies,File Folder,3,200.84,0.108,537.45,115.33,43.5454,-75.1143,Second Class,Consumer
DC-102386,7235,2016-08-23,Northern Europe,United Kingdom,England,Sports & Outdoors,Camping Tent,3,171.5,0.074,476.43,5.95,53.7677,-2.5874,Standard Class,Consumer
DC-102387,2982,2015-02-20,Canada,Canada,Ontario,Sports & Outdoors,Fitness Equipment,2,52.42,0.274,76.11,-5.22,42.2517,-77.4407,Second Class,Consumer
DC-102388,4204,2017-10-12,Southeast Asia,Singapore,Singapore,Sports & Outdoors,Fitness Equipment,4,304.1,0.277,879.46,-53.8,-0.4134,103.8407,Standard Class,Consumer
DC-102389,4176,2015-04-28,Central,United States,Texas,Sports & Outdoors,Camping Tent,4,203.55,0.071,756.39,22.38,31.1971,-98.6209,Same Day,Consumer
DC-102390,4059,2017-12-16,Northern Europe,United Kingdom,England,Sports & Outdoors,Camping Tent,1,894.14,0.104,801.15,-78.07,52.0891,-2.0897,First Class,Home Office
DC-102391,2090,2017-11-15,Canada,Canada,Ontario,Technology,Laptop Computer,1,861.16,0.206,683.76,-27.61,43.2044,-78.1117,Standard Class,Corporate
DC-102392,6599,2015-04-22,Central,United States,Texas,Furniture,Bookshelf,3,17.98,0.223,41.91,2.13,31.9901,-100.2779,Second Class,Home Office
DC-102393,2233,2015-03-19,South,United States,Florida,Furniture,Bookshelf,1,374.9,0.285,268.05,18.59,29.5615,-80.9201,Standard Class,Corporate
DC-102394,3605,2016-03-18,Western Europe,France,Ile-de-France,Office Supplies,Pen Set,3,871.03,0.277,1889.26,-154.97,48.1387,2.4842,Standard Class,Consumer
DC-102395,2770,2016-12-01,South,United States,Florida,Sports & Outdoors,Camping Tent,1,558.5,0.178,459.09,30.89,27.5928,-81.0169,Standard Class,Consumer
DC-102396,6803,2016-09-16,South,United States,Florida,Furniture,Wooden Desk,4,527.54,0.272,1536.2,-89.54,25.8214,-81.6135,Standard Class,Consumer
DC-102397,2658,2015-05-13,East,United States,New York,Sports & Outdoors,Sports Bag,1,337.77,0.164,282.38,20.11,43.0743,-75.9138,Standard Class,Consumer
DC-102398,2933,2016-06-05,East,United States,New York,Office Supplies,Stapler,2,746.36,0.07,1388.23,210.66,43.7184,-72.2828,Standard Class,Consumer
DC-102399,1716,2016-09-15,South Asia,India,Maharashtra,Technology,Apple Smart Device,3,610.46,0.047,1745.31,174.38,18.2846,75.1991,Standard Class,Consumer
DC-102400,3304,2016-02-09,East,United States,New York,Technology,LED Monitor,1,849.8,0.215,667.09,-4.57,42.0584,-75.6457,Second Class,Corporate
DC-102401,1828,2016-09-03,Oceania,Australia,New South Wales,Furniture,Bookshelf,4,592.52,0.132,2057.23,259.34,-34.3059,151.1558,First Class,Home Office
DC-102402,4780,2016-09-03,East,United States,New York,Furniture,Storage Cabinet,2,309.87,0.12,545.37,4.06,43.1095,-74.9766,Second Class,Corporate
DC-102403,5716,2016-09-01,East,United States,New York,Office Supplies,Notebook,5,99.08,0.067,462.21,-9.63,41.9269,-73.9776,Standard Class,Corporate
DC-102404,5213,2017-02-16,South,United States,Florida,Office Supplies,Pen Set,2,530.42,0.128,925.05,247.05,27.8617,-83.6415,First Class,Consumer
DC-102405,7342,2016-04-30,Oceania,Australia,New South Wales,Technology,Wireless Keyboard,4,252.67,0.251,757.0,-54.28,-31.5337,152.4123,Standard Class,Consumer
DC-102406,2314,2016-04-20,Central,United States,Texas,Office Supplies,Printer Paper,4,246.23,0.026,959.31,190.46,30.793,-99.5685,Standard Class,Consumer
DC-102407,2699,2016-05-18,Northern Europe,United Kingdom,England,Sports & Outdoors,Camping Tent,5,630.12,0.2,2520.48,-0.24,52.2098,0.6923,Second Class,Consumer
DC-102408,3125,2016-07-15,Oceania,Australia,New South Wales,Office Supplies,Stapler,1,224.23,0.053,212.35,4.63,-32.6659,152.1584,Standard Class,Corporate
DC-102409,2750,2015-01-24,Canada,Canada,Ontario,Technology,Bluetooth Headset,2,770.01,0.04,1478.42,298.11,44.9828,-81.648,Standard Class,Consumer
DC-102410,6492,2016-10-31,South Asia,India,Maharashtra,Technology,Apple Smart Device,3,760.71,0.187,1855.37,10.82,20.6158,76.8232,Standard Class,Consumer
DC-102411,1221,2015-10-24,Oceania,Australia,New South Wales,Office Supplies,Pen Set,3,83.61,0.09,228.26,7.8,-33.314,152.1837,Standard Class,Consumer
DC-102412,5504,2017-03-08,Central,United States,Texas,Furniture,Office Chair,5,183.53,0.101,824.97,114.88,32.9382,-101.1253,Standard Class,Corporate
DC-102413,6266,2016-08-22,Southeast Asia,Singapore,Singapore,Office Supplies,Stapler,2,393.99,0.051,747.79,8.58,-0.3435,103.7113,Second Class,Consumer
DC-102414,3369,2016-02-04,South,United States,Florida,Technology,LED Monitor,1,844.39,0.036,813.99,-28.27,28.5041,-83.663,Second Class,Consumer
DC-102415,5505,2017-11-12,Western Europe,France,Ile-de-France,Office Supplies,Stapler,2,75.74,0.189,122.85,30.35,47.7016,3.3198,Second Class,Corporate
DC-102416,4621,2016-04-23,South Asia,India,Maharashtra,Sports & Outdoors,Sports Bag,2,370.39,0.281,532.62,71.21,20.7895,73.0073,Second Class,Home Office
DC-102417,6314,2015-12-31,Canada,Canada,Ontario,Furniture,Office Chair,5,533.12,0.278,1924.56,-2.31,44.4096,-80.1332,First Class,Corporate
DC-102418,3901,2017-08-08,Northern Europe,United Kingdom,England,Furniture,Office Chair,4,574.56,0.171,1905.24,-144.37,51.7741,-1.051,Standard Class,Consumer
DC-102419,5538,2016-07-16,South Asia,India,Maharashtra,Office Supplies,Stapler,5,577.41,0.174,2384.7,-123.71,20.0712,76.2278,Standard Class,Consumer
DC-102420,4677,2017-08-27,Northern Europe,United Kingdom,England,Office Supplies,Printer Paper,2,524.49,0.068,977.65,16.87,54.4192,-1.0581,Second Class,Consumer
DC-102421,1200,2015-12-03,Western Europe,France,Ile-de-France,Sports & Outdoors,Running Shoes,2,434.51,0.089,791.68,187.18,47.8228,4.9791,Standard Class,Home Office
DC-102422,2612,2016-12-06,South,United States,Florida,Furniture,Bookshelf,4,338.47,0.119,1192.77,70.72,27.7579,-79.3474,Standard Class,Consumer
DC-102423,3633,2016-10-31,South Asia,India,Maharashtra,Office Supplies,Printer Paper,5,487.5,0.032,2359.5,177.06,19.2604,76.8108,Standard Class,Corporate
DC-102424,3431,2017-10-11,Western Europe,France,Ile-de-France,Office Supplies,File Folder,5,204.35,0.222,794.92,39.6,47.2408,1.0743,First Class,Corporate
DC-102425,1605,2015-01-25,West,United States,California,Office Supplies,Notebook,3,139.66,0.272,305.02,61.92,37.4577,-121.5932,Standard Class,Home Office
DC-102426,5049,2015-12-09,East,United States,New York,Technology,LED Monitor,3,414.81,0.201,994.3,271.52,42.0798,-73.352,Standard Class,Consumer
DC-102427,7468,2015-04-24,South Asia,India,Maharashtra,Technology,Wireless Keyboard,4,637.02,0.221,1984.95,324.25,19.775,75.1642,Standard Class,Home Office
DC-102428,3291,2016-11-16,Oceania,Australia,New South Wales,Office Supplies,Notebook,2,655.17,0.292,927.72,157.9,-36.2832,153.2678,First Class,Corporate
DC-102429,6077,2017-02-11,Oceania,Australia,New South Wales,Technology,LED Monitor,3,866.85,0.11,2314.49,-61.34,-33.3056,151.2473,Standard Class,Consumer
DC-102430,2814,2017-04-30,Oceania,Australia,New South Wales,Furniture,Office Chair,4,38.65,0.077,142.7,34.37,-32.185,151.4091,Standard Class,Consumer
DC-102431,5100,2017-07-11,Central,United States,Texas,Furniture,Wooden Desk,1,352.27,0.158,296.61,17.93,32.2643,-102.3041,Second Class,Consumer
DC-102432,7865,2017-08-06,West,United States,California,Technology,Bluetooth Headset,3,85.68,0.149,218.74,30.89,36.8623,-120.2239,Same Day,Consumer
DC-102433,1547,2015-01-01,West,United States,California,Sports & Outdoors,Sports Bag,2,581.72,0.08,1070.36,56.04,36.0148,-116.9767,Standard Class,Home Office
DC-102434,4900,2016-05-02,Canada,Canada,Ontario,Furniture,Wooden Desk,1,628.29,0.278,453.63,111.41,43.8592,-81.5079,Second Class,Consumer
DC-102435,7832,2015-05-17,South Asia,India,Maharashtra,Technology,Apple Smart Device,3,426.45,0.052,1212.82,127.1,19.0091,75.6592,Second Class,Consumer
DC-102436,2560,2015-07-10,South,United States,Florida,Technology,Bluetooth Headset,3,601.91,0.234,1383.19,72.5,29.7008,-81.0227,Standard Class,Consumer
DC-102437,5535,2017-05-28,Northern Europe,United Kingdom,England,Office Supplies,Notebook,3,854.9,0.143,2197.95,235.37,53.0255,0.8107,Second Class,Consumer
DC-102438,4558,2015-11-18,East,United States,New York,Office Supplies,Notebook,2,551.82,0.273,802.35,222.05,42.0252,-75.3412,Standard Class,Corporate
DC-102439,5330,2016-11-16,Central,United States,Texas,Office Supplies,File Folder,1,572.27,0.185,466.4,53.59,31.8567,-97.7719,First Class,Consumer
DC-102440,4741,2017-06-28,Canada,Canada,Ontario,Technology,LED Monitor,3,225.33,0.154,571.89,13.72,44.3693,-78.5827,Standard Class,Consumer
DC-102441,6532,2017-06-02,West,United States,California,Furniture,Office Chair,2,178.5,0.29,253.47,38.57,38.5704,-121.6149,Standard Class,Home Office
DC-102442,4357,2015-11-12,East,United States,New York,Sports & Outdoors,Mountain Bike,5,384.6,0.219,1501.86,388.41,41.7188,-76.1543,Standard Class,Consumer
DC-102443,7629,2015-02-11,South,United States,Florida,Technology,LED Monitor,2,650.62,0.204,1035.79,144.5,27.7962,-82.1149,First Class,Consumer
DC-102444,3064,2015-01-07,West,United States,California,Technology,Wireless Keyboard,3,81.38,0.063,228.76,51.57,35.5318,-117.9019,Standard Class,Home Office
DC-102445,4181,2017-07-21,Southeast Asia,Singapore,Singapore,Furniture,Office Chair,2,551.75,0.144,944.6,11.56,1.5101,103.6331,Standard Class,Home Office
DC-102446,6985,2017-03-18,Canada,Canada,Ontario,Technology,Apple Smart Device,5,825.95,0.122,3625.92,119.45,43.1175,-79.8225,Standard Class,Corporate
DC-102447,7863,2017-06-11,East,United States,New York,Technology,Apple Smart Device,5,838.92,0.108,3741.58,300.81,41.8806,-78.4934,Second Class,Consumer
DC-102448,3309,2015-02-02,Western Europe,France,Ile-de-France,Technology,LED Monitor,2,802.54,0.245,1211.84,-30.81,47.2091,3.15,Standard Class,Home Office
DC-102449,6468,2016-11-01,South,United States,Florida,Technology,Laptop Computer,2,419.48,0.271,611.6,-22.76,26.772,-81.2971,Same Day,Home Office
DC-102450,1273,2016-06-18,Central,United States,Texas,Technology,LED Monitor,3,19.26,0.01,57.2,-1.75,31.8268,-99.8619,Standard Class,Corporate
DC-102451,2176,2017-06-28,South Asia,India,Maharashtra,Technology,Laptop Computer,4,769.93,0.056,2907.26,150.79,18.5679,77.8778,Second Class,Home Office
DC-102452,5205,2015-08-29,South,United States,Florida,Office Supplies,Stapler,3,376.37,0.158,950.71,244.65,28.3133,-81.6334,Second Class,Consumer
DC-102453,3906,2015-12-17,Canada,Canada,Ontario,Office Supplies,Stapler,3,233.64,0.062,657.46,138.13,44.1537,-76.643,Standard Class,Home Office
DC-102454,5695,2015-06-11,Central,United States,Texas,Sports & Outdoors,Camping Tent,1,17.58,0.063,16.47,0.63,32.2215,-100.4672,Standard Class,Home Office
DC-102455,6977,2016-02-25,Oceania,Australia,New South Wales,Office Supplies,Pen Set,2,549.48,0.163,919.83,225.18,-33.6852,153.4197,First Class,Corporate
DC-102456,1204,2017-12-13,Southeast Asia,Singapore,Singapore,Sports & Outdoors,Mountain Bike,5,820.63,0.29,2913.24,324.75,1.7345,103.2581,Second Class,Consumer
DC-102457,1943,2015-02-06,Oceania,Australia,New South Wales,Technology,Apple Smart Device,1,703.54,0.026,685.25,22.33,-34.7961,149.6613,Second Class,Corporate
DC-102458,2427,2017-06-30,East,United States,New York,Office Supplies,Notebook,1,670.44,0.062,628.87,40.63,43.8509,-73.3543,Standard Class,Consumer
DC-102459,4394,2015-03-26,Western Europe,France,Ile-de-France,Office Supplies,Stapler,4,266.75,0.004,1062.73,54.17,49.9076,2.2837,First Class,Consumer
DC-102460,5089,2015-06-25,Northern Europe,United Kingdom,England,Furniture,Storage Cabinet,4,481.13,0.085,1760.94,-170.84,51.4252,0.3971,Standard Class,Home Office
DC-102461,3278,2016-05-18,Southeast Asia,Singapore,Singapore,Sports & Outdoors,Sports Bag,2,721.14,0.052,1367.28,179.4,1.0577,103.1852,Standard Class,Corporate
DC-102462,2377,2015-01-14,Central,United States,Texas,Office Supplies,File Folder,3,319.68,0.239,729.83,-60.9,32.3008,-101.2893,Standard Class,Consumer
DC-102463,7595,2017-11-01,East,United States,New York,Technology,LED Monitor,4,271.24,0.119,955.85,204.92,44.4752,-73.465,Second Class,Consumer
DC-102464,2970,2016-12-15,Oceania,Australia,New South Wales,Technology,Laptop Computer,4,188.33,0.01,745.79,155.11,-33.1107,151.8395,Second Class,Corporate
DC-102465,7458,2016-06-24,West,United States,California,Office Supplies,Stapler,3,564.69,0.236,1294.27,307.18,38.2232,-116.7141,Second Class,Home Office
DC-102466,1672,2015-08-13,Western Europe,France,Ile-de-France,Furniture,Conference Table,5,775.96,0.086,3546.14,18.32,48.6611,0.1797,First Class,Home Office
DC-102467,4028,2016-12-16,Western Europe,France,Ile-de-France,Sports & Outdoors,Running Shoes,1,430.26,0.009,426.39,46.1,48.9198,1.9561,Second Class,Home Office
DC-102468,7014,2015-02-17,Canada,Canada,Ontario,Technology,Wireless Keyboard,4,608.0,0.089,2215.55,-49.82,45.3156,-80.8808,Standard Class,Consumer
DC-102469,2253,2017-09-29,West,United States,California,Technology,LED Monitor,1,323.34,0.27,236.04,6.03,35.8296,-120.6116,Standard Class,Corporate
DC-102470,2260,2016-04-30,South,United States,Florida,Furniture,Conference Table,2,254.03,0.072,471.48,51.55,27.4428,-81.5137,First Class,Corporate
DC-102471,3154,2016-08-30,East,United States,New York,Office Supplies,File Folder,4,712.81,0.118,2514.79,40.74,43.4888,-74.3155,Standard Class,Corporate
DC-102472,1562,2016-07-19,Oceania,Australia,New South Wales,Sports & Outdoors,Running Shoes,4,640.0,0.051,2429.44,479.1,-33.8257,151.8496,Standard Class,Consumer
DC-102473,5447,2015-05-27,Canada,Canada,Ontario,Technology,Wireless Keyboard,3,171.5,0.012,508.33,-13.67,43.6271,-78.429,Standard Class,Consumer
DC-102474,2270,2016-06-20,East,United States,New York,Sports & Outdoors,Sports Bag,5,361.89,0.02,1773.26,431.94,44.2917,-74.4167,Standard Class,Consumer
DC-102475,1020,2015-04-25,Southeast Asia,Singapore,Singapore,Technology,Wireless Keyboard,2,474.26,0.202,756.92,142.78,-0.3836,101.1965,Standard Class,Corporate
DC-102476,4028,2016-08-11,Western Europe,France,Ile-de-France,Furniture,Conference Table,4,432.43,0.228,1335.34,-21.21,47.4672,1.9312,Standard Class,Corporate
DC-102477,5030,2017-09-19,Western Europe,France,Ile-de-France,Sports & Outdoors,Fitness Equipment,1,106.97,0.132,92.85,-6.41,48.7158,2.5577,Standard Class,Consumer
DC-102478,3816,2017-12-17,East,United States,New York,Sports & Outdoors,Mountain Bike,5,438.59,0.134,1899.09,-79.39,43.9992,-77.8813,Standard Class,Corporate
DC-102479,5434,2017-10-31,South,United States,Florida,Office Supplies,Printer Paper,1,78.49,0.195,63.18,-1.4,26.3461,-83.7655,Same Day,Corporate
DC-102480,6972,2017-04-19,South,United States,Florida,Office Supplies,Printer Paper,1,819.7,0.286,585.27,-35.47,26.568,-80.7338,Standard Class,Corporate
DC-102481,6148,2015-06-06,Oceania,Australia,New South Wales,Sports & Outdoors,Fitness Equipment,2,109.74,0.218,171.63,24.22,-33.9433,152.5935,Standard Class,Consumer
DC-102482,1457,2017-05-27,South Asia,India,Maharashtra,Furniture,Wooden Desk,1,772.78,0.29,548.67,113.03,20.0744,71.0819,Second Class,Consumer
DC-102483,5100,2016-02-17,South Asia,India,Maharashtra,Technology,Bluetooth Headset,4,409.39,0.275,1187.23,121.23,19.8749,78.6899,Standard Class,Consumer
DC-102484,4818,2016-10-28,Western Europe,France,Ile-de-France,Technology,Laptop Computer,3,139.05,0.055,394.21,8.09,49.5873,1.0457,Standard Class,Home Office
DC-102485,1024,2015-11-21,Canada,Canada,Ontario,Office Supplies,Stapler,3,311.58,0.031,905.76,66.49,45.2129,-76.7049,Same Day,Consumer
DC-102486,4584,2015-02-22,South,United States,Florida,Furniture,Office Chair,5,479.15,0.245,1808.79,114.95,26.602,-80.3688,Standard Class,Home Office
DC-102487,7049,2016-11-13,Southeast Asia,Singapore,Singapore,Sports & Outdoors,Fitness Equipment,3,189.14,0.214,445.99,-25.95,1.8838,103.054,Standard Class,Consumer
DC-102488,5725,2015-05-12,Oceania,Australia,New South Wales,Office Supplies,Stapler,4,824.56,0.108,2942.03,572.75,-34.2274,151.7903,Same Day,Consumer
DC-102489,4289,2016-02-15,West,United States,California,Office Supplies,Pen Set,2,160.33,0.153,271.6,27.55,35.8824,-118.7744,Second Class,Consumer
DC-102490,4773,2015-04-13,Oceania,Australia,New South Wales,Office Supplies,File Folder,5,107.24,0.149,456.31,-43.0,-33.0658,150.8761,Standard Class,Corporate
DC-102491,6220,2016-01-11,East,United States,New York,Sports & Outdoors,Sports Bag,3,393.92,0.179,970.22,-15.92,43.0522,-74.1535,Standard Class,Consumer
DC-102492,5362,2018-01-09,Western Europe,France,Ile-de-France,Sports & Outdoors,Mountain Bike,4,871.75,0.105,3120.87,844.51,49.8897,3.1958,Second Class,Consumer
DC-102493,2090,2017-01-24,South,United States,Florida,Sports & Outdoors,Fitness Equipment,1,49.71,0.157,41.91,5.75,27.1106,-82.475,Standard Class,Consumer
DC-102494,6051,2017-11-25,Northern Europe,United Kingdom,England,Furniture,Storage Cabinet,4,301.29,0.177,991.85,-113.13,51.869,-2.1389,Standard Class,Corporate
DC-102495,7125,2016-06-16,Northern Europe,United Kingdom,England,Furniture,Bookshelf,4,402.07,0.178,1322.01,-155.57,51.8637,0.9458,Standard Class,Home Office
DC-102496,2229,2017-06-16,Central,United States,Texas,Furniture,Wooden Desk,4,376.02,0.028,1461.97,349.68,31.6801,-100.72,Standard Class,Home Office
DC-102497,7011,2016-11-01,South,United States,Florida,Sports & Outdoors,Running Shoes,4,781.25,0.272,2275.0,586.91,29.6431,-80.3413,Standard Class,Consumer
DC-102498,1382,2015-12-19,West,United States,California,Furniture,Bookshelf,1,586.35,0.118,517.16,-2.9,35.3573,-116.6521,Standard Class,Corporate
DC-102499,3308,2015-11-18,Western Europe,France,Ile-de-France,Technology,Bluetooth Headset,4,45.36,0.088,165.47,29.13,48.9041,4.3001,Standard Class,Home Office
DC-102500,1093,2016-06-12,Northern Europe,United Kingdom,England,Sports & Outdoors,Camping Tent,1,787.03,0.082,722.49,39.78,52.1005,-0.2984,Standard Class,Consumer
DC-102501,5756,2017-11-20,Canada,Canada,Ontario,Technology,Laptop Computer,2,410.19,0.147,699.78,47.29,44.7836,-80.2024,Standard Class,Consumer
DC-102502,6391,2016-09-03,Western Europe,France,Ile-de-France,Technology,Laptop Computer,2,299.28,0.231,460.29,66.27,49.2747,5.4366,Standard Class,Corporate
DC-102503,4958,2015-11-26,Southeast Asia,Singapore,Singapore,Technology,Laptop Computer,5,655.69,0.277,2370.32,-233.02,2.474,100.8823,Standard Class,Corporate
DC-102504,1138,2016-06-17,East,United States,New York,Technology,Laptop Computer,3,822.89,0.167,2056.4,416.76,42.3775,-74.6579,Standard Class,Corporate
DC-102505,1812,2015-10-22,Oceania,Australia,New South Wales,Technology,LED Monitor,5,772.43,0.217,3024.06,421.9,-36.809,152.9469,Standard Class,Home Office
DC-102506,2769,2016-04-12,Northern Europe,United Kingdom,England,Furniture,Bookshelf,4,97.48,0.165,325.58,14.17,53.1505,-2.1129,Standard Class,Consumer
DC-102507,4689,2016-10-11,Southeast Asia,Singapore,Singapore,Office Supplies,File Folder,1,147.58,0.218,115.41,1.9,2.6605,102.1293,Standard Class,Corporate
DC-102508,1870,2018-01-23,Northern Europe,United Kingdom,England,Furniture,Wooden Desk,3,850.89,0.126,2231.03,527.84,54.2252,-3.395,First Class,Consumer
DC-102509,3486,2017-08-13,East,United States,New York,Technology,Wireless Keyboard,4,650.58,0.127,2271.83,42.26,43.7933,-73.6584,Standard Class,Consumer
DC-102510,4904,2016-03-30,Southeast Asia,Singapore,Singapore,Office Supplies,Printer Paper,4,103.93,0.086,379.97,-5.99,-0.2395,104.4228,Second Class,Corporate
DC-102511,7167,2017-02-03,Central,United States,Texas,Furniture,Storage Cabinet,1,515.78,0.095,466.78,-27.63,31.4782,-99.3426,Standard Class,Consumer
DC-102512,3553,2015-05-19,East,United States,New York,Technology,Bluetooth Headset,2,248.32,0.164,415.19,94.04,43.8517,-74.9363,Standard Class,Consumer
DC-102513,5211,2016-08-27,Central,United States,Texas,Technology,Wireless Keyboard,4,49.38,0.095,178.76,29.28,31.2864,-100.9893,First Class,Corporate
DC-102514,3089,2015-05-01,South Asia,India,Maharashtra,Office Supplies,File Folder,5,768.75,0.0,3843.75,395.63,18.8884,76.9762,Standard Class,Corporate
DC-102515,4206,2016-09-15,East,United States,New York,Furniture,Storage Cabinet,4,640.05,0.113,2270.9,325.59,44.9994,-75.5307,Standard Class,Corporate
DC-102516,3041,2015-06-22,Western Europe,France,Ile-de-France,Office Supplies,Stapler,4,320.25,0.238,976.12,220.63,49.6157,1.5375,Standard Class,Consumer
DC-102517,5626,2017-10-28,Southeast Asia,Singapore,Singapore,Office Supplies,File Folder,3,894.41,0.125,2347.83,-279.82,1.1414,103.4561,First Class,Consumer
DC-102518,4691,2016-04-17,Canada,Canada,Ontario,Technology,Laptop Computer,2,380.14,0.016,748.12,5.71,41.305,-80.3326,Standard Class,Corporate
DC-102519,5275,2017-03-26,East,United States,New York,Sports & Outdoors,Mountain Bike,2,847.52,0.121,1489.94,242.7,45.9166,-75.0258,Standard Class,Consumer
DC-102520,1936,2017-03-02,South Asia,India,Maharashtra,Sports & Outdoors,Sports Bag,3,170.83,0.18,420.24,60.39,20.1896,74.0325,Second Class,Corporate
DC-102521,4659,2016-05-07,Canada,Canada,Ontario,Sports & Outdoors,Camping Tent,5,279.34,0.063,1308.71,80.99,42.383,-80.3274,Standard Class,Corporate
DC-102522,1985,2015-02-09,Northern Europe,United Kingdom,England,Sports & Outdoors,Mountain Bike,3,16.36,0.233,37.64,-0.31,53.6139,-1.4688,Standard Class,Consumer
DC-102523,3809,2016-07-13,Southeast Asia,Singapore,Singapore,Technology,LED Monitor,1,167.02,0.056,157.67,-5.04,2.316,102.8976,Standard Class,Consumer
DC-102524,2798,2017-08-11,South,United States,Florida,Furniture,Bookshelf,2,273.44,0.081,502.58,79.48,27.8653,-81.5629,Standard Class,Consumer
DC-102525,6147,2017-04-23,Central,United States,Texas,Office Supplies,Stapler,2,497.07,0.229,766.48,-60.42,30.328,-101.6914,Second Class,Consumer
DC-102526,6794,2017-03-30,South,United States,Florida,Sports & Outdoors,Camping Tent,1,94.52,0.277,68.34,16.59,27.0521,-82.6111,Standard Class,Consumer
DC-102527,6237,2016-02-02,Western Europe,France,Ile-de-France,Office Supplies,Printer Paper,3,827.42,0.075,2296.09,262.04,48.5475,4.055,Standard Class,Corporate
DC-102528,4945,2018-01-15,Western Europe,France,Ile-de-France,Technology,Apple Smart Device,4,893.31,0.181,2926.48,656.68,47.8717,1.1067,Standard Class,Consumer
DC-102529,3706,2015-10-04,West,United States,California,Office Supplies,Printer Paper,1,252.83,0.051,239.94,13.24,36.5298,-117.0152,Same Day,Consumer
DC-102530,7514,2017-01-04,East,United States,New York,Furniture,Storage Cabinet,3,484.02,0.272,1057.1,-75.06,42.8876,-76.213,Standard Class,Corporate
DC-102531,7581,2015-06-30,Northern Europe,United Kingdom,England,Technology,Wireless Keyboard,1,459.79,0.018,451.51,67.45,55.2905,-3.5069,Second Class,Consumer
DC-102532,4027,2016-09-11,Central,United States,Texas,Office Supplies,Printer Paper,3,681.92,0.061,1920.97,-46.73,32.9159,-100.6912,First Class,Consumer
DC-102533,2262,2016-01-31,Oceania,Australia,New South Wales,Sports & Outdoors,Mountain Bike,1,174.33,0.168,145.04,28.87,-34.3218,151.4976,Second Class,Consumer
DC-102534,7168,2017-04-19,West,United States,California,Furniture,Storage Cabinet,3,117.69,0.225,273.63,9.65,35.2091,-120.829,Second Class,Consumer
DC-102535,3053,2016-06-19,Northern Europe,United Kingdom,England,Office Supplies,Notebook,5,90.4,0.168,376.06,-32.93,51.57,-0.5207,Same Day,Consumer
DC-102536,1528,2016-07-12,Central,United States,Texas,Technology,Bluetooth Headset,4,404.17,0.19,1309.51,355.23,30.5996,-99.3932,Second Class,Home Office
DC-102537,2464,2017-05-26,West,United States,California,Technology,Apple Smart Device,1,592.15,0.059,557.21,-13.16,36.2421,-118.5025,First Class,Consumer
DC-102538,1788,2016-11-09,Oceania,Australia,New South Wales,Technology,Wireless Keyboard,3,806.97,0.071,2249.03,95.71,-34.4303,149.5007,Standard Class,Corporate
DC-102539,4337,2015-02-06,Southeast Asia,Singapore,Singapore,Office Supplies,Pen Set,5,550.49,0.092,2499.22,71.39,0.5464,102.268,Standard Class,Home Office
DC-102540,2698,2016-03-04,Oceania,Australia,New South Wales,Technology,Bluetooth Headset,1,869.77,0.127,759.31,154.04,-33.15,151.165,Standard Class,Home Office
DC-102541,6884,2015-08-31,East,United States,New York,Furniture,Bookshelf,2,743.37,0.044,1421.32,-36.46,44.1101,-74.5468,Standard Class,Consumer
DC-102542,3836,2017-02-24,South,United States,Florida,Furniture,Storage Cabinet,3,547.09,0.008,1628.14,65.13,26.3054,-82.4051,Second Class,Consumer
DC-102543,3606,2017-02-23,Oceania,Australia,New South Wales,Furniture,Storage Cabinet,1,437.94,0.003,436.63,2.32,-32.4802,153.7441,Standard Class,Home Office
DC-102544,7498,2017-09-06,East,United States,New York,Furniture,Storage Cabinet,3,825.99,0.006,2463.1,566.87,44.8696,-76.1603,First Class,Corporate
DC-102545,4019,2017-02-13,Central,United States,Texas,Technology,Apple Smart Device,4,29.08,0.223,90.38,5.83,29.9348,-99.1177,Second Class,Consumer
DC-102546,2901,2015-05-03,Central,United States,Texas,Furniture,Office Chair,2,748.29,0.127,1306.51,238.98,32.6861,-99.5268,Standard Class,Consumer
DC-102547,1906,2016-08-20,East,United States,New York,Sports & Outdoors,Fitness Equipment,4,527.12,0.261,1558.17,351.86,41.5518,-74.6598,First Class,Consumer
DC-102548,1299,2017-01-14,South Asia,India,Maharashtra,Office Supplies,File Folder,4,203.22,0.079,748.66,98.4,19.2372,71.8793,Standard Class,Consumer
DC-102549,3050,2015-07-23,Canada,Canada,Ontario,Sports & Outdoors,Fitness Equipment,2,100.67,0.116,177.98,25.59,43.8276,-80.6882,Second Class,Consumer
DC-102550,1196,2015-04-17,South,United States,Florida,Furniture,Bookshelf,1,116.19,0.107,103.76,-12.32,25.9525,-81.4577,Standard Class,Home Office
DC-102551,4873,2017-07-28,Central,United States,Texas,Office Supplies,Pen Set,2,855.36,0.082,1570.44,385.19,31.6853,-98.0647,Second Class,Corporate
DC-102552,1606,2017-09-09,Western Europe,France,Ile-de-France,Furniture,Bookshelf,1,368.35,0.107,328.94,-7.54,47.7646,1.4174,First Class,Consumer
DC-102553,4977,2015-04-12,Western Europe,France,Ile-de-France,Technology,Bluetooth Headset,1,396.25,0.149,337.21,-25.47,50.2198,2.1174,First Class,Consumer
DC-102554,6053,2016-02-16,Western Europe,France,Ile-de-France,Furniture,Storage Cabinet,2,631.53,0.033,1221.38,-7.68,47.4301,4.4395,Second Class,Consumer
DC-102555,5319,2017-12-18,West,United States,California,Furniture,Wooden Desk,2,571.3,0.067,1066.05,88.45,38.7516,-118.3883,First Class,Corporate
DC-102556,3188,2017-07-05,South Asia,India,Maharashtra,Sports & Outdoors,Running Shoes,3,310.4,0.19,754.27,120.69,20.5997,73.7042,Standard Class,Corporate
DC-102557,7997,2016-09-05,Northern Europe,United Kingdom,England,Office Supplies,Stapler,1,354.77,0.1,319.29,38.63,50.8869,0.9564,Standard Class,Corporate
DC-102558,4256,2017-10-15,East,United States,New York,Technology,Bluetooth Headset,2,227.92,0.082,418.46,3.41,42.7487,-74.8,Standard Class,Home Office
DC-102559,1871,2017-09-10,Oceania,Australia,New South Wales,Technology,Apple Smart Device,1,567.1,0.136,489.97,26.2,-34.7445,151.585,Second Class,Consumer
DC-102560,1510,2016-09-05,Western Europe,France,Ile-de-France,Sports & Outdoors,Camping Tent,2,888.32,0.06,1670.04,-39.91,47.3921,2.1632,Standard Class,Corporate
DC-102561,2886,2016-03-01,South,United States,Florida,Office Supplies,Notebook,3,621.87,0.057,1759.27,-70.48,28.2582,-83.2035,Standard Class,Consumer
DC-102562,6043,2016-09-11,South Asia,India,Maharashtra,Furniture,Conference Table,1,61.46,0.231,47.26,12.53,19.3341,75.6647,First Class,Consumer
DC-102563,7665,2016-06-22,Canada,Canada,Ontario,Office Supplies,Printer Paper,2,437.14,0.205,695.05,77.4,44.2496,-80.4049,Standard Class,Corporate
DC-102564,6663,2017-02-25,Western Europe,France,Ile-de-France,Furniture,Office Chair,3,24.89,0.032,72.28,11.93,47.1343,4.585,Standard Class,Consumer
DC-102565,7038,2016-01-07,Oceania,Australia,New South Wales,Technology,Wireless Keyboard,4,17.83,0.279,51.42,8.43,-32.6088,149.7246,First Class,Consumer
DC-102566,4982,2017-04-17,Northern Europe,United Kingdom,England,Technology,Apple Smart Device,1,513.63,0.221,400.12,-38.31,53.5208,-6.1003,Second Class,Consumer
DC-102567,7493,2016-03-10,Oceania,Australia,New South Wales,Sports & Outdoors,Fitness Equipment,2,517.35,0.167,861.91,165.97,-34.7857,153.2183,Same Day,Consumer
DC-102568,6562,2015-11-27,Central,United States,Texas,Technology,LED Monitor,5,811.21,0.018,3983.04,-335.04,30.6737,-98.9686,Standard Class,Corporate
DC-102569,7292,2016-09-22,South Asia,India,Maharashtra,Technology,Laptop Computer,2,710.23,0.044,1357.96,223.51,18.4755,76.4426,First Class,Consumer
DC-102570,5325,2017-04-26,East,United States,New York,Office Supplies,File Folder,1,551.33,0.132,478.55,109.24,42.6484,-73.6276,Second Class,Home Office
DC-102571,2421,2017-07-08,Canada,Canada,Ontario,Furniture,Wooden Desk,5,704.94,0.047,3359.04,-112.22,44.2576,-77.8396,Second Class,Home Office
DC-102572,1652,2016-06-26,South,United States,Florida,Office Supplies,Printer Paper,2,767.39,0.031,1487.2,2.99,25.2955,-80.0227,First Class,Home Office
DC-102573,5378,2017-12-17,Canada,Canada,Ontario,Sports & Outdoors,Sports Bag,4,222.59,0.235,681.13,44.19,43.5806,-78.1588,Second Class,Home Office
DC-102574,3459,2016-07-15,East,United States,New York,Office Supplies,Pen Set,5,330.22,0.191,1335.74,15.96,42.8595,-74.2249,Second Class,Consumer
DC-102575,1069,2018-01-18,South,United States,Florida,Office Supplies,Pen Set,5,521.78,0.165,2178.43,495.14,28.7453,-79.2675,Standard Class,Home Office
DC-102576,3099,2016-04-13,South,United States,Florida,Office Supplies,Notebook,2,541.94,0.251,811.83,-63.16,27.2705,-81.0661,Standard Class,Corporate
DC-102577,5546,2015-08-10,South Asia,India,Maharashtra,Technology,Wireless Keyboard,5,339.48,0.135,1468.25,311.23,20.7386,75.7234,Standard Class,Corporate
DC-102578,7467,2016-03-13,Northern Europe,United Kingdom,England,Technology,Apple Smart Device,1,385.75,0.122,338.69,-7.91,52.4027,0.3778,Standard Class,Consumer
DC-102579,4841,2015-09-06,South,United States,Florida,Furniture,Office Chair,1,65.95,0.29,46.82,-2.49,24.4634,-81.3762,Standard Class,Consumer
DC-102580,5584,2017-01-08,South Asia,India,Maharashtra,Furniture,Conference Table,4,41.36,0.147,141.12,7.05,17.5361,73.7794,Standard Class,Corporate
DC-102581,7976,2016-05-09,South,United States,Florida,Furniture,Conference Table,1,375.34,0.006,373.09,79.78,28.2264,-79.4696,Second Class,Corporate
DC-102582,1322,2016-06-08,Western Europe,France,Ile-de-France,Technology,Bluetooth Headset,5,612.38,0.066,2859.81,292.51,46.7537,2.6415,Standard Class,Consumer
DC-102583,2110,2017-07-05,Southeast Asia,Singapore,Singapore,Furniture,Wooden Desk,5,158.98,0.18,651.82,-66.72,0.8937,103.0132,Standard Class,Home Office
DC-102584,7536,2017-07-31,West,United States,California,Technology,Bluetooth Headset,5,119.18,0.067,555.97,114.04,38.3945,-119.2435,Standard Class,Home Office
DC-102585,2988,2017-01-06,East,United States,New York,Technology,Bluetooth Headset,3,629.59,0.062,1771.67,474.55,43.1054,-71.9904,First Class,Corporate
DC-102586,7928,2015-07-02,West,United States,California,Office Supplies,Printer Paper,1,257.69,0.256,191.72,34.77,36.6807,-117.656,First Class,Home Office
DC-102587,5526,2016-02-06,South,United States,Florida,Sports & Outdoors,Running Shoes,4,749.03,0.038,2882.27,192.86,27.8088,-82.6269,First Class,Consumer
DC-102588,3571,2015-07-20,South Asia,India,Maharashtra,Technology,Wireless Keyboard,2,73.64,0.261,108.84,8.72,20.6905,74.5591,Standard Class,Consumer
DC-102589,7477,2015-06-08,South Asia,India,Maharashtra,Technology,LED Monitor,3,170.53,0.297,359.65,48.33,19.506,76.2005,Standard Class,Home Office
DC-102590,7979,2017-11-08,Oceania,Australia,New South Wales,Technology,Bluetooth Headset,1,408.21,0.228,315.14,-6.75,-34.3903,152.1857,Standard Class,Consumer
DC-102591,5625,2015-10-25,Western Europe,France,Ile-de-France,Office Supplies,Pen Set,5,370.04,0.269,1352.5,107.16,49.0684,4.7582,Standard Class,Consumer
DC-102592,4679,2016-08-26,Southeast Asia,Singapore,Singapore,Furniture,Office Chair,3,842.06,0.234,1935.05,-130.38,0.7323,105.5826,Standard Class,Consumer
DC-102593,1790,2016-06-17,Western Europe,France,Ile-de-France,Technology,LED Monitor,2,57.39,0.077,105.94,27.59,49.1812,2.902,Standard Class,Corporate
DC-102594,7253,2017-02-08,Canada,Canada,Ontario,Technology,Laptop Computer,2,478.14,0.115,846.31,170.39,42.1687,-77.9025,Second Class,Corporate
DC-102595,3125,2016-11-29,Southeast Asia,Singapore,Singapore,Furniture,Conference Table,5,175.31,0.153,742.44,46.65,1.4422,102.2201,Standard Class,Consumer
DC-102596,5302,2017-04-22,Oceania,Australia,New South Wales,Office Supplies,File Folder,3,215.65,0.249,485.86,-6.24,-35.0019,151.5422,Standard Class,Consumer
DC-102597,7435,2015-04-17,East,United States,New York,Technology,Bluetooth Headset,2,677.5,0.167,1128.71,117.18,42.8195,-76.0557,Standard Class,Consumer
DC-102598,5089,2018-01-14,Canada,Canada,Ontario,Technology,Wireless Keyboard,3,257.71,0.283,554.33,7.33,44.4237,-77.8293,Standard Class,Consumer
DC-102599,2129,2017-06-09,Oceania,Australia,New South Wales,Sports & Outdoors,Camping Tent,2,751.29,0.246,1132.95,149.0,-33.7326,150.9569,Standard Class,Consumer
DC-102600,2750,2016-04-19,East,United States,New York,Office Supplies,File Folder,4,185.43,0.013,732.08,200.82,44.172,-72.6202,Second Class,Consumer
DC-102601,2432,2016-05-21,East,United States,New York,Office Supplies,Stapler,1,867.15,0.162,726.67,-46.19,44.0584,-76.7654,First Class,Consumer
DC-102602,4912,2015-05-11,East,United States,New York,Technology,Wireless Keyboard,2,825.28,0.208,1307.24,3.37,41.3189,-79.3805,Standard Class,Home Office
DC-102603,7366,2015-11-01,South Asia,India,Maharashtra,Furniture,Storage Cabinet,3,133.39,0.241,303.73,-10.76,20.6616,74.5796,Standard Class,Corporate
DC-102604,2400,2017-11-06,Canada,Canada,Ontario,Office Supplies,Pen Set,3,293.98,0.075,815.79,165.57,43.3937,-77.9266,Standard Class,Consumer
DC-102605,6053,2015-01-14,Southeast Asia,Singapore,Singapore,Office Supplies,Notebook,3,488.09,0.21,1156.77,317.48,1.8811,103.6205,Second Class,Consumer
DC-102606,4842,2017-12-22,Central,United States,Texas,Sports & Outdoors,Running Shoes,5,890.45,0.158,3748.79,84.48,30.8904,-101.1407,Standard Class,Consumer
DC-102607,6719,2015-08-25,South,United States,Florida,Sports & Outdoors,Camping Tent,3,288.45,0.057,816.03,-23.09,28.6468,-82.3747,Standard Class,Corporate
DC-102608,2081,2016-12-31,Oceania,Australia,New South Wales,Sports & Outdoors,Sports Bag,1,26.43,0.257,19.64,2.59,-33.4033,154.0541,Same Day,Consumer
DC-102609,7666,2017-07-27,East,United States,New York,Furniture,Conference Table,5,351.77,0.17,1459.85,134.2,43.188,-75.8181,Standard Class,Corporate
DC-102610,7261,2017-03-24,South,United States,Florida,Technology,Apple Smart Device,3,792.03,0.252,1777.32,213.33,28.9067,-85.0949,Second Class,Corporate
DC-102611,1179,2016-02-11,Central,United States,Texas,Technology,Bluetooth Headset,3,224.51,0.12,592.71,49.58,32.5842,-101.5478,Standard Class,Corporate
DC-102612,3697,2015-10-27,East,United States,New York,Technology,Bluetooth Headset,4,134.45,0.283,385.6,-1.97,42.4709,-72.4476,Standard Class,Home Office
DC-102613,7285,2015-09-05,Canada,Canada,Ontario,Technology,Laptop Computer,3,341.57,0.047,976.55,160.38,42.694,-82.2492,Second Class,Home Office
DC-102614,3506,2016-11-19,Central,United States,Texas,Office Supplies,Notebook,2,467.47,0.097,844.25,-26.92,30.806,-99.9989,Standard Class,Home Office
DC-102615,6444,2016-02-18,Northern Europe,United Kingdom,England,Technology,Apple Smart Device,5,478.35,0.042,2291.3,-180.99,51.9561,1.6207,Standard Class,Corporate
DC-102616,2138,2016-09-22,Canada,Canada,Ontario,Office Supplies,Pen Set,4,557.25,0.009,2208.94,90.65,44.3668,-76.2759,Standard Class,Consumer
DC-102617,2561,2015-02-06,South Asia,India,Maharashtra,Furniture,Wooden Desk,3,38.25,0.011,113.49,-0.15,20.7646,77.458,Second Class,Corporate
DC-102618,4630,2015-05-22,Oceania,Australia,New South Wales,Furniture,Storage Cabinet,1,566.84,0.189,459.71,-32.83,-36.0271,151.3988,Standard Class,Consumer
DC-102619,2516,2016-02-25,Southeast Asia,Singapore,Singapore,Furniture,Wooden Desk,4,20.06,0.117,70.85,11.05,0.5906,102.9101,Second Class,Consumer
DC-102620,2337,2016-05-31,South Asia,India,Maharashtra,Sports & Outdoors,Fitness Equipment,5,363.52,0.008,1803.06,332.67,17.759,78.4354,Second Class,Corporate
DC-102621,3076,2015-11-15,Oceania,Australia,New South Wales,Office Supplies,File Folder,4,649.48,0.001,2595.32,-288.21,-32.5367,150.0223,Standard Class,Home Office
DC-102622,6686,2016-09-27,West,United States,California,Sports & Outdoors,Sports Bag,2,760.01,0.143,1302.66,280.54,38.0073,-120.3799,Same Day,Consumer
DC-102623,6409,2015-09-18,Southeast Asia,Singapore,Singapore,Furniture,Office Chair,5,32.2,0.123,141.2,-1.07,3.1897,104.5584,Same Day,Corporate
DC-102624,5909,2017-11-07,Southeast Asia,Singapore,Singapore,Sports & Outdoors,Camping Tent,1,332.42,0.076,307.16,16.16,0.1115,102.2495,Standard Class,Consumer
DC-102625,3834,2015-08-05,Canada,Canada,Ontario,Office Supplies,Notebook,4,600.24,0.215,1884.75,-156.98,44.9796,-79.1436,Standard Class,Consumer
DC-102626,3462,2016-05-24,Oceania,Australia,New South Wales,Sports & Outdoors,Camping Tent,5,608.13,0.276,2201.43,-61.96,-34.5196,149.4782,Standard Class,Corporate
DC-102627,7229,2015-09-07,East,United States,New York,Sports & Outdoors,Camping Tent,3,852.25,0.0,2556.75,656.4,42.4425,-74.3787,First Class,Consumer
DC-102628,4827,2015-04-28,Southeast Asia,Singapore,Singapore,Furniture,Wooden Desk,2,251.98,0.251,377.47,62.93,1.1618,102.419,Second Class,Home Office
DC-102629,5480,2015-07-03,Northern Europe,United Kingdom,England,Technology,Laptop Computer,3,238.97,0.138,617.98,-19.15,51.9778,-1.122,Second Class,Consumer
DC-102630,3003,2016-10-04,South Asia,India,Maharashtra,Furniture,Conference Table,1,84.47,0.049,80.33,14.6,20.7308,78.4444,Standard Class,Consumer
DC-102631,4714,2017-03-05,Central,United States,Texas,Sports & Outdoors,Camping Tent,3,548.94,0.15,1399.8,116.03,30.351,-99.1371,Standard Class,Corporate
DC-102632,2277,2016-11-20,West,United States,California,Sports & Outdoors,Sports Bag,4,803.41,0.121,2824.79,-102.77,37.0126,-119.5319,Standard Class,Home Office
DC-102633,5730,2015-01-22,Western Europe,France,Ile-de-France,Furniture,Conference Table,1,264.75,0.234,202.8,53.7,50.156,0.379,Second Class,Home Office
DC-102634,1489,2018-01-05,South,United States,Florida,Furniture,Bookshelf,1,196.41,0.205,156.15,-4.06,27.6442,-79.7165,Standard Class,Consumer
DC-102635,6156,2017-12-19,East,United States,New York,Sports & Outdoors,Sports Bag,3,778.45,0.028,2269.96,575.43,43.3881,-76.435,Second Class,Consumer
DC-102636,5211,2015-12-06,Northern Europe,United Kingdom,England,Office Supplies,Notebook,4,392.81,0.237,1198.86,185.2,52.733,-2.8119,Second Class,Consumer
DC-102637,6689,2016-09-02,Southeast Asia,Singapore,Singapore,Furniture,Bookshelf,4,75.7,0.282,217.41,33.29,-0.4095,104.6847,Same Day,Consumer
DC-102638,1008,2016-09-15,East,United States,New York,Technology,Apple Smart Device,3,308.67,0.003,923.23,85.37,41.8507,-75.0874,Standard Class,Corporate
DC-102639,6046,2017-08-06,Central,United States,Texas,Furniture,Wooden Desk,4,692.96,0.106,2478.02,606.98,30.401,-100.0592,Same Day,Corporate
DC-102640,1633,2015-05-08,South,United States,Florida,Sports & Outdoors,Camping Tent,5,85.74,0.166,357.54,80.59,26.7687,-81.4601,First Class,Consumer
DC-102641,2290,2016-02-13,Western Europe,France,Ile-de-France,Office Supplies,Printer Paper,2,265.33,0.097,479.19,72.23,48.8623,2.9181,Standard Class,Consumer
DC-102642,4713,2016-07-09,East,United States,New York,Furniture,Conference Table,3,413.51,0.045,1184.71,-127.14,45.6002,-73.7185,Second Class,Corporate
DC-102643,5030,2015-06-05,South Asia,India,Maharashtra,Office Supplies,Printer Paper,1,279.61,0.25,209.71,14.95,19.0431,75.1459,Standard Class,Corporate
DC-102644,3205,2017-09-23,Oceania,Australia,New South Wales,Technology,Laptop Computer,1,251.39,0.236,192.06,46.26,-34.2368,150.714,First Class,Consumer
DC-102645,5955,2017-05-19,Western Europe,France,Ile-de-France,Technology,Bluetooth Headset,4,637.93,0.264,1878.07,217.87,50.3275,4.3246,Standard Class,Corporate
DC-102646,5902,2015-06-16,Oceania,Australia,New South Wales,Sports & Outdoors,Running Shoes,1,623.08,0.185,507.81,8.76,-31.8676,152.5004,Standard Class,Corporate
DC-102647,2426,2016-12-06,West,United States,California,Sports & Outdoors,Running Shoes,1,670.66,0.183,547.93,39.84,37.7135,-119.2308,Standard Class,Corporate
DC-102648,2958,2016-04-29,Canada,Canada,Ontario,Sports & Outdoors,Mountain Bike,1,172.33,0.164,144.07,33.1,44.4386,-79.731,Standard Class,Corporate
DC-102649,6648,2015-08-12,East,United States,New York,Furniture,Office Chair,1,759.67,0.139,654.08,61.68,42.4589,-76.3071,Second Class,Corporate
DC-102650,7943,2015-03-12,Oceania,Australia,New South Wales,Office Supplies,Pen Set,1,259.52,0.121,228.12,34.28,-34.2015,151.2109,Standard Class,Consumer
DC-102651,3872,2016-09-10,South,United States,Florida,Technology,Wireless Keyboard,5,689.85,0.277,2493.81,572.99,28.4039,-80.6203,First Class,Consumer
DC-102652,6625,2015-11-28,South,United States,Florida,Technology,Bluetooth Headset,2,412.88,0.134,715.11,12.1,27.0711,-78.6538,Standard Class,Home Office
DC-102653,4084,2015-10-07,Oceania,Australia,New South Wales,Office Supplies,Notebook,4,433.65,0.09,1578.49,-3.06,-33.821,150.1038,Standard Class,Home Office
DC-102654,5654,2016-10-17,South,United States,Florida,Sports & Outdoors,Sports Bag,2,515.53,0.05,979.51,129.13,27.0005,-74.569,Standard Class,Consumer
DC-102655,7510,2015-12-06,East,United States,New York,Technology,Apple Smart Device,3,87.01,0.126,228.14,59.46,43.9809,-74.8362,Second Class,Corporate
DC-102656,4660,2015-12-12,South,United States,Florida,Technology,Apple Smart Device,1,434.3,0.27,317.04,2.71,26.1113,-81.5832,Standard Class,Consumer
DC-102657,3147,2017-12-10,West,United States,California,Furniture,Storage Cabinet,2,551.84,0.217,864.18,-87.07,36.3462,-121.4109,Standard Class,Corporate
DC-102658,2560,2018-01-18,Central,United States,Texas,Furniture,Conference Table,4,484.78,0.219,1514.45,366.52,30.5875,-100.0038,Same Day,Consumer
DC-102659,5272,2015-03-27,South,United States,Florida,Technology,Laptop Computer,4,161.29,0.083,591.61,88.49,26.7444,-81.9296,Same Day,Corporate
DC-102660,7248,2015-06-29,South,United States,Florida,Furniture,Wooden Desk,2,441.66,0.09,803.82,197.87,28.9019,-80.3554,Standard Class,Corporate
DC-102661,4411,2016-07-07,Western Europe,France,Ile-de-France,Technology,Apple Smart Device,5,778.03,0.172,3221.04,358.7,48.8946,3.0373,Standard Class,Consumer
DC-102662,3978,2016-11-02,South Asia,India,Maharashtra,Sports & Outdoors,Running Shoes,3,590.18,0.29,1257.08,306.62,21.6671,76.0743,Standard Class,Consumer
DC-102663,7599,2017-07-09,Southeast Asia,Singapore,Singapore,Office Supplies,Printer Paper,2,453.48,0.013,895.17,55.85,1.3894,104.4382,Standard Class,Consumer
DC-102664,2898,2017-07-26,West,United States,California,Office Supplies,Pen Set,4,875.36,0.043,3350.88,-374.74,36.4013,-120.4257,Standard Class,Consumer
DC-102665,1579,2015-05-10,Canada,Canada,Ontario,Technology,Bluetooth Headset,3,367.2,0.118,971.61,72.17,42.849,-78.9073,First Class,Consumer
DC-102666,6578,2017-11-13,East,United States,New York,Technology,Apple Smart Device,1,709.94,0.259,526.07,-57.01,43.5284,-72.9191,Standard Class,Consumer
DC-102667,7385,2017-06-03,South,United States,Florida,Sports & Outdoors,Camping Tent,1,76.39,0.183,62.41,1.13,26.6176,-82.1841,Standard Class,Corporate
DC-102668,2675,2016-06-09,Western Europe,France,Ile-de-France,Sports & Outdoors,Mountain Bike,2,279.48,0.096,505.3,-36.41,48.9508,6.0279,Standard Class,Consumer
DC-102669,6374,2016-04-07,South Asia,India,Maharashtra,Office Supplies,File Folder,3,773.11,0.295,1635.13,356.08,19.0503,75.8456,Same Day,Corporate
DC-102670,7470,2015-03-09,Oceania,Australia,New South Wales,Technology,Laptop Computer,4,709.07,0.188,2303.06,-99.01,-34.1882,151.7476,First Class,Consumer
DC-102671,2014,2017-01-05,Southeast Asia,Singapore,Singapore,Office Supplies,Notebook,5,203.94,0.282,732.14,-31.42,1.7847,101.2823,Second Class,Home Office
DC-102672,7146,2015-04-29,West,United States,California,Sports & Outdoors,Camping Tent,2,385.22,0.268,563.96,51.03,37.2208,-119.008,Standard Class,Consumer
DC-102673,4142,2015-10-21,Northern Europe,United Kingdom,England,Sports & Outdoors,Fitness Equipment,5,25.74,0.295,90.73,4.47,51.5119,-0.8999,Standard Class,Home Office
DC-102674,6432,2017-12-31,South Asia,India,Maharashtra,Furniture,Bookshelf,2,265.28,0.042,508.28,86.1,20.0584,76.9432,Standard Class,Consumer
DC-102675,3521,2015-04-10,Western Europe,France,Ile-de-France,Sports & Outdoors,Camping Tent,1,469.73,0.125,411.01,113.09,48.7043,1.0869,First Class,Consumer
DC-102676,3583,2017-01-09,East,United States,New York,Technology,LED Monitor,4,406.35,0.194,1310.07,-11.68,44.196,-74.5879,Second Class,Corporate
DC-102677,1002,2016-08-25,Central,United States,Texas,Office Supplies,Stapler,3,838.14,0.177,2069.37,-121.86,33.4758,-98.9783,Standard Class,Consumer
DC-102678,6962,2017-06-18,Central,United States,Texas,Furniture,Office Chair,5,270.95,0.097,1223.34,-52.1,31.3287,-99.9763,Standard Class,Corporate
DC-102679,1168,2016-12-08,South,United States,Florida,Sports & Outdoors,Sports Bag,4,120.78,0.177,397.61,88.46,26.3736,-81.9054,Standard Class,Consumer
DC-102680,6372,2015-07-22,Northern Europe,United Kingdom,England,Technology,Apple Smart Device,4,718.56,0.158,2420.11,210.82,53.3992,-2.3074,Standard Class,Consumer
DC-102681,3250,2017-12-11,Northern Europe,United Kingdom,England,Furniture,Conference Table,1,857.86,0.105,767.78,-8.03,52.7594,-0.1749,Second Class,Consumer
DC-102682,6398,2017-05-04,Northern Europe,United Kingdom,England,Sports & Outdoors,Running Shoes,2,742.77,0.034,1435.03,110.25,51.8014,-2.7079,Standard Class,Consumer
DC-102683,6559,2016-12-29,Oceania,Australia,New South Wales,Technology,Bluetooth Headset,5,636.02,0.249,2388.26,516.23,-35.1543,147.6521,Second Class,Consumer
DC-102684,5790,2017-04-02,Western Europe,France,Ile-de-France,Furniture,Office Chair,3,233.18,0.27,510.66,81.56,49.4789,-0.9904,First Class,Corporate
DC-102685,6613,2017-05-27,Northern Europe,United Kingdom,England,Furniture,Wooden Desk,5,731.69,0.071,3398.7,126.12,50.9236,-0.2533,First Class,Consumer
DC-102686,2086,2015-04-29,Western Europe,France,Ile-de-France,Technology,Apple Smart Device,3,618.92,0.108,1656.23,304.78,46.271,0.0627,Standard Class,Corporate
DC-102687,5541,2016-08-30,Northern Europe,United Kingdom,England,Technology,Laptop Computer,1,251.89,0.02,246.85,42.97,51.3354,-2.0178,Standard Class,Home Office
DC-102688,5558,2016-08-20,Oceania,Australia,New South Wales,Office Supplies,Pen Set,1,739.77,0.241,561.49,114.21,-32.3656,150.6118,First Class,Consumer
DC-102689,4820,2016-01-13,West,United States,California,Furniture,Storage Cabinet,4,307.08,0.197,986.34,-27.87,38.6426,-118.6034,First Class,Corporate
DC-102690,1476,2016-07-18,Canada,Canada,Ontario,Technology,Wireless Keyboard,4,816.89,0.038,3143.39,61.3,43.8631,-80.535,Standard Class,Consumer
DC-102691,7123,2015-04-16,Canada,Canada,Ontario,Technology,Apple Smart Device,1,898.89,0.032,870.13,124.52,40.4003,-78.895,Second Class,Consumer
DC-102692,7300,2017-01-02,Southeast Asia,Singapore,Singapore,Technology,Apple Smart Device,4,377.94,0.3,1058.23,130.94,2.7829,105.4975,Standard Class,Corporate
DC-102693,6111,2015-07-29,East,United States,New York,Office Supplies,Printer Paper,1,681.67,0.253,509.21,-16.12,40.9661,-76.4629,Same Day,Consumer
DC-102694,2404,2016-08-31,West,United States,California,Furniture,Conference Table,1,136.63,0.27,99.74,7.56,33.5628,-120.6594,Standard Class,Home Office
DC-102695,1669,2016-02-12,Northern Europe,United Kingdom,England,Office Supplies,Notebook,4,176.64,0.104,633.08,108.5,52.9385,0.383,Second Class,Corporate
DC-102696,3406,2016-05-24,Canada,Canada,Ontario,Furniture,Conference Table,3,588.42,0.168,1468.7,100.74,43.1698,-80.5765,Standard Class,Consumer
DC-102697,3590,2016-08-27,Central,United States,Texas,Technology,LED Monitor,1,339.04,0.143,290.56,-32.83,33.1778,-102.1037,Standard Class,Consumer
DC-102698,4358,2017-04-07,South,United States,Florida,Office Supplies,Notebook,5,96.86,0.276,350.63,82.33,30.7096,-83.0812,Second Class,Consumer
DC-102699,5371,2017-06-22,Central,United States,Texas,Furniture,Office Chair,1,367.83,0.145,314.49,27.48,28.5579,-99.1541,Second Class,Consumer
DC-102700,5143,2016-02-10,Southeast Asia,Singapore,Singapore,Sports & Outdoors,Mountain Bike,2,358.0,0.09,651.56,14.56,2.3029,103.1966,Standard Class,Consumer
DC-102701,2993,2016-04-04,South,United States,Florida,Sports & Outdoors,Mountain Bike,1,821.65,0.127,717.3,-6.77,26.6288,-82.6677,Second Class,Corporate
DC-102702,6419,2016-04-28,East,United States,New York,Office Supplies,Stapler,2,883.34,0.088,1611.21,291.37,43.9244,-77.8283,Second Class,Corporate
DC-102703,2121,2017-06-12,East,United States,New York,Furniture,Office Chair,3,248.68,0.192,602.8,114.13,41.5891,-75.1202,Standard Class,Home Office
DC-102704,7117,2016-01-01,South,United States,Florida,Technology,Bluetooth Headset,2,434.48,0.046,828.99,119.8,29.1062,-81.3862,Same Day,Corporate
DC-102705,2305,2017-01-27,Oceania,Australia,New South Wales,Furniture,Wooden Desk,3,232.65,0.183,570.23,34.63,-33.3681,152.9706,Standard Class,Consumer
DC-102706,5948,2016-08-19,South,United States,Florida,Sports & Outdoors,Sports Bag,3,384.86,0.18,946.76,-19.74,28.0479,-81.1359,Second Class,Consumer
DC-102707,1556,2016-07-14,Central,United States,Texas,Sports & Outdoors,Fitness Equipment,4,258.55,0.156,872.86,172.36,30.494,-97.622,Standard Class,Consumer
DC-102708,5334,2015-06-17,South,United States,Florida,Technology,Wireless Keyboard,3,341.15,0.02,1002.98,264.08,27.152,-81.6766,Standard Class,Consumer
DC-102709,7249,2016-04-30,Oceania,Australia,New South Wales,Office Supplies,Printer Paper,5,311.79,0.241,1183.24,-65.68,-32.7234,150.5167,Standard Class,Consumer
DC-102710,1567,2015-10-10,Oceania,Australia,New South Wales,Sports & Outdoors,Camping Tent,2,155.5,0.253,232.32,17.58,-32.9266,150.7014,First Class,Consumer
DC-102711,7092,2015-04-15,Canada,Canada,Ontario,Technology,Apple Smart Device,2,844.14,0.166,1408.03,111.0,43.8699,-77.06,Second Class,Consumer
DC-102712,5207,2015-11-12,Central,United States,Texas,Furniture,Storage Cabinet,5,99.39,0.181,407.0,32.19,31.2184,-97.8594,Same Day,Consumer
DC-102713,4624,2015-07-09,South Asia,India,Maharashtra,Office Supplies,Notebook,4,441.82,0.245,1334.3,344.52,17.9788,74.0003,Second Class,Corporate
DC-102714,4084,2015-07-16,Western Europe,France,Ile-de-France,Technology,Wireless Keyboard,3,774.26,0.053,2199.67,-157.01,49.6091,3.5515,First Class,Corporate
DC-102715,6708,2017-04-07,Oceania,Australia,New South Wales,Office Supplies,Notebook,3,775.49,0.053,2203.17,611.68,-33.0564,152.0404,Standard Class,Corporate
DC-102716,4309,2017-11-04,East,United States,New York,Technology,Laptop Computer,4,480.29,0.275,1392.84,-60.94,42.653,-75.2955,Second Class,Consumer
DC-102717,1234,2017-01-13,Western Europe,France,Ile-de-France,Technology,Apple Smart Device,5,540.17,0.243,2044.54,72.01,51.6938,-0.0196,First Class,Consumer
DC-102718,5431,2017-02-13,West,United States,California,Furniture,Office Chair,1,312.89,0.21,247.18,58.23,37.8984,-118.1802,Standard Class,Consumer
DC-102719,6869,2015-04-04,Western Europe,France,Ile-de-France,Technology,Laptop Computer,4,177.93,0.256,529.52,38.03,47.8905,4.065,Second Class,Consumer
DC-102720,6233,2017-04-20,Canada,Canada,Ontario,Technology,Bluetooth Headset,1,705.16,0.24,535.92,66.6,44.107,-79.4312,Standard Class,Home Office
DC-102721,2343,2018-01-01,West,United States,California,Office Supplies,Printer Paper,3,717.26,0.26,1592.32,418.58,36.4358,-119.0617,Second Class,Corporate
DC-102722,4828,2016-12-08,Western Europe,France,Ile-de-France,Technology,Bluetooth Headset,4,316.06,0.244,955.77,185.71,48.8702,3.1921,Second Class,Consumer
DC-102723,5014,2017-12-17,South,United States,Florida,Technology,LED Monitor,1,889.63,0.093,806.89,-12.61,28.0469,-79.3493,Standard Class,Consumer
DC-102724,3576,2016-11-30,South Asia,India,Maharashtra,Office Supplies,File Folder,3,195.27,0.036,564.72,-27.33,19.8101,78.9746,Second Class,Corporate
DC-102725,2894,2016-03-28,South,United States,Florida,Furniture,Wooden Desk,3,813.45,0.109,2174.35,-173.46,26.8931,-81.787,Standard Class,Consumer
DC-102726,2935,2017-01-28,East,United States,New York,Technology,Apple Smart Device,5,897.22,0.043,4293.2,728.68,42.3641,-74.7972,Standard Class,Consumer
DC-102727,3509,2017-02-12,Southeast Asia,Singapore,Singapore,Technology,Wireless Keyboard,4,759.82,0.048,2893.39,-59.77,0.1236,102.8304,Standard Class,Corporate
DC-102728,6860,2016-10-12,Central,United States,Texas,Office Supplies,Printer Paper,4,505.8,0.204,1610.47,13.72,29.6272,-98.8586,Second Class,Corporate
DC-102729,3635,2015-08-30,Canada,Canada,Ontario,Technology,Bluetooth Headset,5,364.75,0.147,1555.66,411.39,44.4377,-79.1035,Standard Class,Consumer
DC-102730,7183,2017-06-03,Central,United States,Texas,Technology,Bluetooth Headset,1,513.95,0.067,479.52,7.76,30.8946,-99.9505,Second Class,Corporate
DC-102731,1557,2015-07-24,Western Europe,France,Ile-de-France,Furniture,Conference Table,2,512.8,0.034,990.73,165.46,50.0161,2.6032,Second Class,Corporate
DC-102732,3035,2017-01-12,Central,United States,Texas,Technology,Wireless Keyboard,5,523.92,0.011,2590.78,576.76,30.8092,-101.0594,Same Day,Consumer
DC-102733,5121,2017-11-01,Northern Europe,United Kingdom,England,Technology,Wireless Keyboard,1,520.43,0.182,425.71,-42.04,54.0184,-3.3642,First Class,Consumer
DC-102734,4801,2018-01-18,Northern Europe,United Kingdom,England,Office Supplies,Pen Set,1,421.55,0.169,350.31,27.67,53.3212,-0.0663,Standard Class,Consumer
DC-102735,3148,2015-01-23,Oceania,Australia,New South Wales,Furniture,Conference Table,3,268.16,0.263,592.9,53.22,-36.2465,153.3334,Standard Class,Consumer
DC-102736,7296,2016-02-22,East,United States,New York,Technology,LED Monitor,4,743.86,0.107,2657.07,-282.61,42.4779,-73.9245,Second Class,Corporate
DC-102737,5997,2017-08-18,Canada,Canada,Ontario,Sports & Outdoors,Sports Bag,1,746.89,0.207,592.28,98.81,41.3421,-79.5604,First Class,Consumer
DC-102738,3347,2016-01-08,Oceania,Australia,New South Wales,Office Supplies,Stapler,2,131.34,0.074,243.24,55.19,-34.2254,152.2469,Standard Class,Corporate
DC-102739,3462,2015-07-14,Canada,Canada,Ontario,Technology,LED Monitor,1,407.47,0.298,286.04,66.21,44.0166,-79.6203,Second Class,Consumer
DC-102740,2246,2015-10-25,East,United States,New York,Technology,Apple Smart Device,1,772.86,0.23,595.1,-70.16,44.9971,-74.8996,Standard Class,Corporate
DC-102741,3757,2018-01-02,Canada,Canada,Ontario,Technology,Bluetooth Headset,3,120.29,0.299,252.97,-12.8,45.1297,-79.7798,Standard Class,Corporate
DC-102742,5153,2016-11-10,Northern Europe,United Kingdom,England,Furniture,Storage Cabinet,1,508.47,0.117,448.98,87.01,50.0519,-2.3455,Standard Class,Home Office
DC-102743,6168,2015-03-12,Southeast Asia,Singapore,Singapore,Office Supplies,Pen Set,2,84.44,0.11,150.3,23.27,2.4912,105.5058,Standard Class,Corporate
DC-102744,2072,2015-06-12,Central,United States,Texas,Furniture,Bookshelf,5,722.57,0.23,2781.89,309.9,30.3342,-98.7225,First Class,Corporate
DC-102745,1904,2017-05-04,Canada,Canada,Ontario,Furniture,Wooden Desk,1,21.22,0.281,15.26,1.46,44.4455,-76.7859,Second Class,Consumer
DC-102746,5419,2017-06-12,Southeast Asia,Singapore,Singapore,Sports & Outdoors,Mountain Bike,1,732.42,0.171,607.18,-2.54,3.3383,105.3053,First Class,Consumer
DC-102747,1954,2015-03-04,Northern Europe,United Kingdom,England,Office Supplies,Pen Set,4,262.79,0.077,970.22,168.01,51.8599,0.0004,Second Class,Consumer
DC-102748,5916,2017-12-11,Central,United States,Texas,Technology,LED Monitor,2,40.38,0.093,73.25,6.98,31.6113,-97.4761,Second Class,Consumer
DC-102749,2983,2016-10-09,West,United States,California,Sports & Outdoors,Sports Bag,3,242.65,0.284,521.21,34.09,35.9239,-119.4159,Standard Class,Corporate
DC-102750,5902,2015-02-20,Western Europe,France,Ile-de-France,Furniture,Office Chair,4,18.59,0.221,57.93,3.92,48.5821,2.1618,Standard Class,Consumer
DC-102751,7302,2016-11-12,West,United States,California,Technology,LED Monitor,2,413.8,0.032,801.12,91.18,34.8315,-118.1391,Standard Class,Consumer
DC-102752,2937,2016-10-20,South,United States,Florida,Sports & Outdoors,Camping Tent,5,181.12,0.026,882.05,240.4,28.8006,-81.6381,Second Class,Consumer
DC-102753,4044,2017-02-01,South,United States,Florida,Technology,Laptop Computer,4,292.3,0.066,1092.03,253.85,27.1381,-79.9477,Standard Class,Consumer
DC-102754,4491,2015-10-09,Central,United States,Texas,Sports & Outdoors,Fitness Equipment,4,734.15,0.159,2469.68,385.13,30.8394,-102.1523,First Class,Corporate
DC-102755,6410,2015-02-18,East,United States,New York,Office Supplies,Printer Paper,4,34.82,0.1,125.35,-1.61,44.1487,-76.3198,Standard Class,Consumer
DC-102756,2710,2016-05-29,Southeast Asia,Singapore,Singapore,Sports & Outdoors,Mountain Bike,2,136.5,0.047,260.17,54.97,0.2947,106.7529,Standard Class,Corporate
DC-102757,1598,2015-04-23,Oceania,Australia,New South Wales,Office Supplies,Printer Paper,2,814.76,0.187,1324.8,365.08,-33.8758,150.3355,Standard Class,Home Office
DC-102758,3092,2016-04-17,South,United States,Florida,Office Supplies,Stapler,2,382.18,0.081,702.45,9.21,27.2784,-81.5735,Standard Class,Corporate
DC-102759,5051,2015-01-29,Western Europe,France,Ile-de-France,Sports & Outdoors,Running Shoes,1,153.12,0.191,123.87,30.87,47.8795,0.8097,Standard Class,Corporate
DC-102760,3118,2017-04-19,West,United States,California,Furniture,Office Chair,4,716.33,0.202,2286.53,371.1,37.9028,-117.6946,Standard Class,Corporate
DC-102761,7907,2016-01-27,Western Europe,France,Ile-de-France,Furniture,Bookshelf,1,260.7,0.158,219.51,59.56,48.3899,0.9912,Second Class,Corporate
DC-102762,1919,2017-01-04,East,United States,New York,Technology,Apple Smart Device,3,617.58,0.077,1710.08,150.0,43.3816,-76.687,Second Class,Consumer
DC-102763,6222,2017-05-17,Western Europe,France,Ile-de-France,Technology,LED Monitor,5,830.57,0.283,2977.59,299.29,49.6926,1.0873,Second Class,Consumer
DC-102764,3681,2017-12-19,South Asia,India,Maharashtra,Office Supplies,File Folder,4,177.79,0.155,600.93,73.46,17.7031,74.2237,Second Class,Consumer
DC-102765,3539,2017-02-09,Northern Europe,United Kingdom,England,Technology,Laptop Computer,3,99.95,0.172,248.28,-4.12,51.4608,-0.9419,First Class,Home Office
DC-102766,5371,2015-01-18,Canada,Canada,Ontario,Sports & Outdoors,Camping Tent,5,186.65,0.007,926.72,120.15,44.1061,-80.7988,Second Class,Corporate
DC-102767,1773,2016-06-01,West,United States,California,Technology,Bluetooth Headset,3,619.58,0.208,1472.12,141.34,36.4366,-120.6959,Standard Class,Consumer
DC-102768,5380,2017-02-15,Central,United States,Texas,Furniture,Conference Table,2,118.52,0.041,227.32,-13.97,30.5791,-100.9096,Standard Class,Consumer
DC-102769,1655,2015-07-27,Central,United States,Texas,Furniture,Wooden Desk,3,368.72,0.296,778.74,34.64,30.3534,-101.1657,First Class,Consumer
DC-102770,7810,2017-07-12,Southeast Asia,Singapore,Singapore,Office Supplies,Pen Set,1,274.15,0.169,227.82,-12.52,0.99,104.7962,Standard Class,Consumer
DC-102771,3085,2016-02-04,Central,United States,Texas,Sports & Outdoors,Mountain Bike,1,391.16,0.156,330.14,52.4,30.6276,-98.8634,Standard Class,Corporate
DC-102772,2367,2017-01-12,Central,United States,Texas,Sports & Outdoors,Mountain Bike,4,186.99,0.193,603.6,139.49,29.9317,-99.6926,Standard Class,Consumer
DC-102773,2073,2016-04-15,Central,United States,Texas,Office Supplies,Stapler,4,383.88,0.169,1276.02,38.31,32.6145,-99.649,Standard Class,Home Office
DC-102774,2272,2015-10-23,Western Europe,France,Ile-de-France,Office Supplies,Stapler,3,88.71,0.048,253.36,-22.51,49.4949,3.5705,Standard Class,Consumer
DC-102775,2598,2016-02-14,East,United States,New York,Sports & Outdoors,Fitness Equipment,4,532.33,0.202,1699.2,474.81,42.3534,-74.2941,Standard Class,Home Office
DC-102776,1132,2015-07-25,Canada,Canada,Ontario,Furniture,Bookshelf,1,533.19,0.234,408.42,97.36,42.469,-78.9942,Second Class,Home Office
DC-102777,3993,2017-03-12,East,United States,New York,Technology,LED Monitor,3,462.55,0.275,1006.05,216.75,43.3887,-75.5796,Second Class,Corporate
DC-102778,7977,2017-01-02,South,United States,Florida,Technology,LED Monitor,5,781.82,0.222,3041.28,-263.44,27.2958,-80.8385,Standard Class,Corporate
DC-102779,1306,2015-01-12,Canada,Canada,Ontario,Technology,LED Monitor,1,821.43,0.288,584.86,-38.0,44.5034,-77.4859,Standard Class,Corporate
DC-102780,6153,2015-10-07,South,United States,Florida,Office Supplies,File Folder,5,340.4,0.106,1521.59,266.66,26.9398,-81.3045,Standard Class,Consumer
DC-102781,5775,2015-04-22,West,United States,California,Technology,Wireless Keyboard,3,63.29,0.19,153.79,23.57,36.2973,-119.6171,Standard Class,Home Office
DC-102782,5655,2015-01-19,Southeast Asia,Singapore,Singapore,Furniture,Bookshelf,3,795.85,0.189,1936.3,-201.61,1.4179,103.3906,Standard Class,Corporate
DC-102783,7450,2015-03-06,East,United States,New York,Furniture,Conference Table,1,361.67,0.204,287.89,21.8,43.3548,-72.3488,Standard Class,Consumer
DC-102784,5686,2016-07-30,Northern Europe,United Kingdom,England,Office Supplies,Printer Paper,2,13.15,0.256,19.57,-2.31,50.4198,-1.8885,Standard Class,Consumer
DC-102785,7053,2016-09-27,Central,United States,Texas,Sports & Outdoors,Fitness Equipment,2,564.22,0.021,1104.74,252.03,29.9946,-99.3495,Standard Class,Consumer
DC-102786,3360,2017-07-05,Oceania,Australia,New South Wales,Sports & Outdoors,Camping Tent,3,393.75,0.01,1169.44,109.34,-33.4098,152.9817,First Class,Home Office
DC-102787,6692,2017-06-24,East,United States,New York,Sports & Outdoors,Camping Tent,4,769.59,0.017,3026.03,121.91,41.4611,-77.4401,Standard Class,Home Office
DC-102788,5617,2016-07-18,West,United States,California,Technology,Laptop Computer,3,704.06,0.166,1761.56,-10.15,36.4223,-120.3614,First Class,Home Office
DC-102789,4472,2015-08-17,Northern Europe,United Kingdom,England,Technology,Laptop Computer,1,567.23,0.185,462.29,9.03,53.063,0.0021,First Class,Corporate
DC-102790,5509,2017-03-01,Western Europe,France,Ile-de-France,Office Supplies,File Folder,1,117.58,0.132,102.06,6.61,49.6806,3.0783,Standard Class,Consumer
DC-102791,7987,2017-05-25,Central,United States,Texas,Office Supplies,Notebook,2,444.11,0.072,824.27,-13.68,29.5643,-100.0279,Same Day,Corporate
DC-102792,5669,2015-02-23,South Asia,India,Maharashtra,Furniture,Storage Cabinet,3,571.27,0.074,1586.99,-70.06,19.0709,75.1751,Same Day,Consumer
DC-102793,6656,2016-01-02,Southeast Asia,Singapore,Singapore,Office Supplies,Notebook,5,184.51,0.197,740.81,200.99,-0.7923,104.7412,Same Day,Consumer
DC-102794,4886,2016-01-20,Central,United States,Texas,Sports & Outdoors,Sports Bag,4,742.44,0.05,2821.27,113.03,30.9296,-99.8518,Second Class,Consumer
DC-102795,5896,2015-06-25,South Asia,India,Maharashtra,Sports & Outdoors,Fitness Equipment,5,47.36,0.264,174.28,4.27,21.2278,76.1524,Standard Class,Home Office
DC-102796,4535,2017-12-24,Northern Europe,United Kingdom,England,Technology,Apple Smart Device,2,563.34,0.128,982.46,84.25,54.2728,-3.3233,First Class,Consumer
DC-102797,2002,2016-02-17,Northern Europe,United Kingdom,England,Office Supplies,Notebook,4,661.87,0.206,2102.1,146.0,51.3792,-2.2558,Standard Class,Consumer
DC-102798,2999,2017-12-21,South Asia,India,Maharashtra,Furniture,Conference Table,2,765.59,0.013,1511.27,-175.8,19.1331,75.5122,Standard Class,Consumer
DC-102799,4759,2017-04-19,Central,United States,Texas,Office Supplies,Stapler,4,257.3,0.147,877.91,-92.71,30.8724,-101.099,First Class,Corporate
DC-102800,2534,2015-04-10,Southeast Asia,Singapore,Singapore,Office Supplies,Stapler,1,191.51,0.231,147.27,-1.04,1.6182,105.269,Standard Class,Consumer
DC-102801,3068,2016-06-14,Western Europe,France,Ile-de-France,Office Supplies,Pen Set,5,339.45,0.175,1400.23,73.44,48.8628,2.906,Standard Class,Consumer
DC-102802,3124,2015-06-25,East,United States,New York,Furniture,Storage Cabinet,3,543.03,0.1,1466.18,-85.15,43.6716,-76.7245,Second Class,Corporate
DC-102803,5175,2016-06-26,South,United States,Florida,Technology,Bluetooth Headset,4,789.74,0.194,2546.12,-222.69,27.5472,-81.6347,Standard Class,Consumer
DC-102804,1632,2015-06-10,West,United States,California,Sports & Outdoors,Camping Tent,2,358.62,0.035,692.14,42.01,35.4986,-119.3226,Second Class,Consumer
DC-102805,3469,2018-01-26,Southeast Asia,Singapore,Singapore,Sports & Outdoors,Fitness Equipment,4,311.5,0.29,884.66,83.3,1.3761,106.91,Standard Class,Corporate
DC-102806,4739,2017-07-14,South,United States,Florida,Sports & Outdoors,Fitness Equipment,2,548.33,0.126,958.48,255.46,28.1288,-81.8589,Standard Class,Consumer
DC-102807,1299,2017-01-25,Central,United States,Texas,Furniture,Office Chair,5,808.13,0.083,3705.28,436.78,30.442,-99.867,Standard Class,Consumer
DC-102808,1145,2015-03-24,Northern Europe,United Kingdom,England,Office Supplies,Notebook,1,371.73,0.295,262.07,-16.86,51.7558,-3.0757,Standard Class,Consumer
DC-102809,5710,2016-01-08,West,United States,California,Furniture,Office Chair,4,679.2,0.059,2556.51,430.24,36.6226,-117.0152,Second Class,Consumer
DC-102810,5653,2015-05-07,Southeast Asia,Singapore,Singapore,Technology,Apple Smart Device,5,872.51,0.241,3311.18,-114.46,0.3883,103.4655,Standard Class,Corporate
DC-102811,6238,2017-12-31,Southeast Asia,Singapore,Singapore,Office Supplies,File Folder,5,464.43,0.092,2108.51,56.74,2.3494,107.1036,Standard Class,Corporate
DC-102812,5788,2016-11-10,South Asia,India,Maharashtra,Furniture,Bookshelf,5,793.14,0.112,3521.54,-164.69,18.8419,77.4523,Standard Class,Home Office
DC-102813,2836,2015-05-22,Oceania,Australia,New South Wales,Technology,LED Monitor,3,593.06,0.264,1309.48,292.01,-34.377,149.2351,Same Day,Home Office
DC-102814,3770,2016-07-16,Canada,Canada,Ontario,Technology,Wireless Keyboard,3,541.06,0.18,1331.01,103.13,44.0784,-80.5697,First Class,Corporate
DC-102815,5294,2017-06-24,Oceania,Australia,New South Wales,Office Supplies,File Folder,2,767.19,0.027,1492.95,-4.93,-32.3514,148.6415,Standard Class,Home Office
DC-102816,4695,2015-04-09,Southeast Asia,Singapore,Singapore,Furniture,Wooden Desk,1,786.62,0.075,727.62,201.98,0.4841,106.8617,Standard Class,Consumer
DC-102817,7623,2016-04-11,Central,United States,Texas,Furniture,Conference Table,4,436.5,0.105,1562.67,310.63,30.7358,-99.1139,First Class,Consumer
DC-102818,2368,2015-06-21,West,United States,California,Technology,Wireless Keyboard,5,653.37,0.055,3087.17,-23.9,37.5666,-117.4031,Standard Class,Consumer
DC-102819,6757,2016-09-14,Northern Europe,United Kingdom,England,Sports & Outdoors,Sports Bag,2,207.23,0.108,369.7,96.8,53.1689,0.0991,Standard Class,Consumer
DC-102820,2096,2017-09-09,Oceania,Australia,New South Wales,Sports & Outdoors,Camping Tent,3,295.16,0.259,656.14,90.87,-32.9521,150.4613,Standard Class,Consumer
DC-102821,1557,2016-12-07,Southeast Asia,Singapore,Singapore,Furniture,Storage Cabinet,5,720.57,0.157,3037.2,415.33,1.4243,102.6912,Second Class,Consumer
DC-102822,6556,2016-08-09,Oceania,Australia,New South Wales,Office Supplies,Printer Paper,1,63.6,0.034,61.44,-0.06,-34.0907,152.3806,Standard Class,Consumer
DC-102823,5761,2017-05-13,West,United States,California,Furniture,Conference Table,4,824.45,0.251,2470.05,13.78,37.9629,-117.053,First Class,Consumer
DC-102824,2830,2018-01-29,Central,United States,Texas,Furniture,Office Chair,3,526.36,0.119,1391.17,-150.38,30.2336,-99.7454,First Class,Home Office
DC-102825,3888,2017-04-20,South,United States,Florida,Sports & Outdoors,Camping Tent,2,49.08,0.26,72.64,17.79,27.7639,-81.2011,Standard Class,Home Office
DC-102826,4222,2015-09-17,Western Europe,France,Ile-de-France,Office Supplies,File Folder,2,118.3,0.032,229.03,9.97,48.8584,2.2759,First Class,Consumer
DC-102827,1910,2015-10-14,South,United States,Florida,Furniture,Wooden Desk,1,14.57,0.255,10.85,0.7,28.1965,-81.2256,Standard Class,Consumer
DC-102828,1371,2017-10-15,East,United States,New York,Sports & Outdoors,Fitness Equipment,3,666.34,0.034,1931.05,-180.35,42.5584,-75.0887,First Class,Consumer
DC-102829,7435,2015-08-15,Western Europe,France,Ile-de-France,Office Supplies,Pen Set,3,208.87,0.208,496.28,43.14,47.3181,0.1778,Second Class,Home Office
DC-102830,1724,2017-05-22,Southeast Asia,Singapore,Singapore,Office Supplies,Stapler,3,258.79,0.174,641.28,56.71,1.2108,102.6927,Standard Class,Corporate
DC-102831,1915,2017-02-08,West,United States,California,Furniture,Storage Cabinet,3,385.73,0.091,1051.89,122.34,35.6968,-117.5532,First Class,Consumer
DC-102832,5215,2015-09-05,West,United States,California,Technology,Bluetooth Headset,1,570.09,0.293,403.05,49.46,38.416,-121.0457,Second Class,Corporate
DC-102833,6315,2016-09-24,Northern Europe,United Kingdom,England,Sports & Outdoors,Camping Tent,1,297.58,0.246,224.38,46.94,52.1826,0.801,Second Class,Corporate
DC-102834,3149,2017-12-21,Southeast Asia,Singapore,Singapore,Furniture,Storage Cabinet,5,683.31,0.083,3132.98,769.96,2.0268,104.6431,Same Day,Consumer
DC-102835,7472,2015-12-01,Canada,Canada,Ontario,Furniture,Storage Cabinet,4,32.08,0.253,95.86,10.7,45.2694,-78.7307,Standard Class,Consumer
DC-102836,4368,2017-02-22,Southeast Asia,Singapore,Singapore,Sports & Outdoors,Mountain Bike,1,212.41,0.113,188.41,-8.69,2.1964,104.3476,Standard Class,Consumer
DC-102837,4336,2018-01-15,Oceania,Australia,New South Wales,Office Supplies,Printer Paper,1,558.48,0.065,522.18,32.42,-33.1946,150.2278,Standard Class,Home Office
DC-102838,6318,2016-08-13,Central,United States,Texas,Sports & Outdoors,Sports Bag,3,235.81,0.074,655.08,108.04,32.2078,-98.9827,Same Day,Consumer
DC-102839,1482,2017-08-13,Central,United States,Texas,Office Supplies,Stapler,1,703.88,0.271,513.13,-40.86,30.8531,-98.4193,Standard Class,Home Office
DC-102840,7891,2015-10-04,South Asia,India,Maharashtra,Furniture,Wooden Desk,2,831.51,0.222,1293.83,-22.19,21.8881,77.241,First Class,Corporate
DC-102841,2079,2016-05-01,Canada,Canada,Ontario,Sports & Outdoors,Running Shoes,5,487.31,0.299,1708.02,52.75,43.3332,-79.2453,Standard Class,Consumer
DC-102842,1115,2015-08-27,West,United States,California,Furniture,Bookshelf,2,210.3,0.245,317.55,10.71,34.6895,-120.871,Second Class,Consumer
DC-102843,6132,2016-01-03,Western Europe,France,Ile-de-France,Office Supplies,Stapler,4,24.02,0.193,77.54,-6.66,48.7662,3.1158,First Class,Consumer
DC-102844,4709,2015-06-26,Western Europe,France,Ile-de-France,Sports & Outdoors,Sports Bag,1,65.34,0.112,58.02,-2.5,48.0451,2.8211,Second Class,Corporate
DC-102845,4658,2017-07-29,Northern Europe,United Kingdom,England,Office Supplies,Printer Paper,5,783.28,0.254,2921.63,471.27,50.9505,1.4685,Standard Class,Consumer
DC-102846,5159,2016-12-08,Northern Europe,United Kingdom,England,Sports & Outdoors,Running Shoes,4,49.55,0.24,150.63,-9.66,52.0354,-1.9372,Standard Class,Consumer
DC-102847,5563,2015-07-03,Western Europe,France,Ile-de-France,Technology,LED Monitor,4,845.9,0.149,2879.44,-63.48,49.7379,2.3972,Standard Class,Corporate
DC-102848,4164,2016-05-08,Western Europe,France,Ile-de-France,Sports & Outdoors,Mountain Bike,1,503.36,0.05,478.19,-13.52,46.1183,2.0575,Standard Class,Consumer
DC-102849,5943,2016-08-02,Western Europe,France,Ile-de-France,Sports & Outdoors,Camping Tent,4,144.2,0.17,478.74,16.7,48.6802,3.1012,Standard Class,Consumer
DC-102850,3482,2017-03-26,Canada,Canada,Ontario,Furniture,Storage Cabinet,3,421.55,0.015,1245.68,-93.73,45.876,-79.8616,Second Class,Corporate
DC-102851,5758,2016-03-30,South,United States,Florida,Office Supplies,Printer Paper,4,130.29,0.091,473.73,104.77,27.276,-80.5119,Standard Class,Corporate
DC-102852,6990,2017-11-14,Southeast Asia,Singapore,Singapore,Office Supplies,Stapler,1,373.29,0.097,337.08,69.32,0.7452,101.6955,Same Day,Corporate
DC-102853,3704,2016-08-03,Northern Europe,United Kingdom,England,Furniture,Storage Cabinet,5,249.02,0.017,1223.93,241.77,51.8242,-1.5103,Second Class,Consumer
DC-102854,4632,2016-01-29,South Asia,India,Maharashtra,Office Supplies,Stapler,1,94.34,0.058,88.87,-10.18,19.9069,73.1517,Standard Class,Consumer
DC-102855,3876,2016-04-12,Canada,Canada,Ontario,Furniture,Conference Table,5,717.5,0.175,2959.69,457.91,44.2667,-78.6746,Standard Class,Corporate
DC-102856,2032,2017-03-31,Central,United States,Texas,Office Supplies,Printer Paper,1,304.49,0.081,279.83,8.46,32.033,-101.2751,Same Day,Consumer
DC-102857,6328,2015-07-26,Oceania,Australia,New South Wales,Technology,Laptop Computer,3,192.34,0.179,473.73,29.19,-34.0629,149.5633,Standard Class,Consumer
DC-102858,7930,2015-05-06,Canada,Canada,Ontario,Technology,LED Monitor,3,500.33,0.075,1388.42,177.58,43.0125,-78.151,Standard Class,Consumer
DC-102859,4505,2017-07-17,Southeast Asia,Singapore,Singapore,Technology,Laptop Computer,2,333.51,0.26,493.59,26.99,0.4278,104.1858,Standard Class,Consumer
DC-102860,7169,2016-07-11,Canada,Canada,Ontario,Technology,Apple Smart Device,2,99.62,0.138,171.74,21.55,42.228,-81.3584,Second Class,Home Office
DC-102861,3739,2015-09-17,Canada,Canada,Ontario,Office Supplies,Printer Paper,1,723.68,0.268,529.73,-23.3,43.4709,-81.9802,Standard Class,Home Office
DC-102862,1749,2017-10-21,Canada,Canada,Ontario,Furniture,Conference Table,4,459.49,0.116,1624.76,-63.6,43.6728,-80.7194,Standard Class,Consumer
DC-102863,2126,2017-09-02,South Asia,India,Maharashtra,Office Supplies,Notebook,4,525.74,0.089,1915.8,65.67,18.0922,74.7968,Standard Class,Consumer
DC-102864,7306,2016-09-27,Western Europe,France,Ile-de-France,Office Supplies,Notebook,5,54.87,0.276,198.63,4.06,48.1931,3.7506,First Class,Consumer
DC-102865,4086,2017-09-05,Southeast Asia,Singapore,Singapore,Office Supplies,File Folder,4,622.41,0.233,1909.55,306.82,2.3494,102.2033,Same Day,Corporate
DC-102866,6661,2017-08-19,Oceania,Australia,New South Wales,Technology,Apple Smart Device,4,692.5,0.236,2116.28,136.33,-32.4987,151.963,Standard Class,Consumer
DC-102867,1914,2015-08-12,Southeast Asia,Singapore,Singapore,Technology,Wireless Keyboard,3,273.2,0.108,731.08,104.22,1.3638,106.2456,Standard Class,Corporate
DC-102868,5891,2016-12-22,South Asia,India,Maharashtra,Sports & Outdoors,Camping Tent,2,257.05,0.062,482.23,20.01,19.1282,78.8327,Standard Class,Consumer
DC-102869,6171,2016-04-30,Central,United States,Texas,Sports & Outdoors,Running Shoes,5,695.59,0.291,2465.87,225.1,30.822,-98.5779,Same Day,Consumer
DC-102870,4261,2015-09-07,Central,United States,Texas,Furniture,Bookshelf,1,251.57,0.229,193.96,21.88,32.2569,-101.5561,Standard Class,Home Office
DC-102871,6052,2015-04-27,Oceania,Australia,New South Wales,Sports & Outdoors,Running Shoes,5,300.72,0.2,1202.88,-117.96,-32.5004,149.5455,Standard Class,Corporate
DC-102872,1045,2017-08-28,South Asia,India,Maharashtra,Sports & Outdoors,Running Shoes,2,63.7,0.062,119.5,-13.37,19.8928,77.3843,Second Class,Consumer
DC-102873,6832,2016-08-16,Northern Europe,United Kingdom,England,Technology,Bluetooth Headset,4,367.51,0.039,1412.71,-73.28,52.4304,-1.2021,Standard Class,Corporate
DC-102874,4282,2017-10-03,Southeast Asia,Singapore,Singapore,Sports & Outdoors,Mountain Bike,4,45.03,0.1,162.11,13.08,1.0745,102.9708,Standard Class,Corporate
DC-102875,6085,2017-11-01,Northern Europe,United Kingdom,England,Office Supplies,File Folder,4,159.05,0.153,538.86,103.66,51.3648,-1.4682,Standard Class,Consumer
DC-102876,5834,2015-02-10,West,United States,California,Furniture,Bookshelf,4,493.64,0.261,1459.2,116.36,35.6482,-119.1473,First Class,Consumer
DC-102877,4837,2017-01-15,Northern Europe,United Kingdom,England,Furniture,Storage Cabinet,5,89.68,0.237,342.13,-21.96,51.1287,-1.0456,Standard Class,Home Office
DC-102878,7264,2016-06-07,West,United States,California,Sports & Outdoors,Fitness Equipment,3,266.87,0.007,795.01,-38.62,35.7389,-118.843,Standard Class,Consumer
DC-102879,4851,2017-02-09,Northern Europe,United Kingdom,England,Sports & Outdoors,Camping Tent,3,380.54,0.132,990.93,120.15,54.6448,-1.9047,First Class,Consumer
DC-102880,1683,2016-08-29,Western Europe,France,Ile-de-France,Office Supplies,Printer Paper,5,480.25,0.029,2331.61,216.72,49.238,2.6913,Standard Class,Corporate
DC-102881,1395,2015-11-26,South Asia,India,Maharashtra,Furniture,Storage Cabinet,2,895.86,0.271,1306.16,78.38,19.6701,76.2895,Second Class,Consumer
DC-102882,1424,2015-11-18,South,United States,Florida,Sports & Outdoors,Running Shoes,4,894.62,0.238,2726.8,402.41,29.6976,-80.7272,Second Class,Home Office
DC-102883,6398,2017-12-17,Canada,Canada,Ontario,Technology,LED Monitor,1,848.7,0.043,812.21,72.17,44.3956,-80.5964,Standard Class,Home Office
DC-102884,3192,2015-03-14,Western Europe,France,Ile-de-France,Sports & Outdoors,Mountain Bike,1,345.29,0.001,344.94,-33.43,46.8762,1.8239,First Class,Consumer
DC-102885,7607,2017-04-16,West,United States,California,Furniture,Office Chair,4,474.98,0.264,1398.34,300.31,37.5815,-118.6187,Standard Class,Consumer
DC-102886,5315,2016-04-30,Canada,Canada,Ontario,Sports & Outdoors,Running Shoes,2,390.66,0.149,664.9,54.68,44.2192,-79.6059,Standard Class,Consumer
DC-102887,2480,2015-11-23,West,United States,California,Furniture,Bookshelf,2,846.94,0.289,1204.35,209.92,37.1922,-120.6635,Standard Class,Home Office
DC-102888,6842,2017-04-04,West,United States,California,Technology,Bluetooth Headset,5,863.39,0.101,3880.94,287.72,37.185,-121.6068,Second Class,Consumer
DC-102889,5253,2017-12-05,Canada,Canada,Ontario,Office Supplies,Pen Set,5,413.82,0.169,1719.42,133.43,43.6886,-77.937,Standard Class,Consumer
DC-102890,4641,2017-03-02,South,United States,Florida,Furniture,Conference Table,1,29.75,0.157,25.08,0.97,31.5779,-82.0668,Standard Class,Corporate
DC-102891,5663,2015-12-27,Canada,Canada,Ontario,Sports & Outdoors,Running Shoes,2,439.3,0.037,846.09,38.64,43.0232,-81.798,Second Class,Consumer
DC-102892,2620,2016-09-03,Southeast Asia,Singapore,Singapore,Office Supplies,File Folder,5,796.88,0.033,3852.91,1068.83,3.9606,102.9387,Standard Class,Consumer
DC-102893,4473,2015-03-21,Southeast Asia,Singapore,Singapore,Technology,Laptop Computer,4,881.66,0.054,3336.2,760.48,0.2468,106.6592,Standard Class,Corporate
DC-102894,2907,2017-02-15,Western Europe,France,Ile-de-France,Office Supplies,Printer Paper,2,61.33,0.144,105.0,-3.79,50.7958,1.4449,First Class,Consumer
DC-102895,6516,2015-03-23,South,United States,Florida,Furniture,Wooden Desk,1,231.77,0.036,223.43,2.41,27.2955,-82.7818,Same Day,Consumer
DC-102896,1749,2016-10-30,South Asia,India,Maharashtra,Office Supplies,File Folder,1,252.19,0.108,224.95,29.48,21.2435,76.9009,Standard Class,Corporate
DC-102897,2909,2017-09-09,West,United States,California,Office Supplies,Printer Paper,3,832.89,0.113,2216.32,195.17,37.7283,-118.8024,Second Class,Consumer
DC-102898,2157,2016-10-27,Western Europe,France,Ile-de-France,Sports & Outdoors,Running Shoes,5,146.58,0.03,710.91,96.72,48.6394,4.6011,Standard Class,Home Office
DC-102899,1459,2016-12-04,Western Europe,France,Ile-de-France,Technology,Bluetooth Headset,1,334.09,0.271,243.55,60.3,47.8128,3.1107,Second Class,Corporate
DC-102900,1754,2016-04-18,Oceania,Australia,New South Wales,Furniture,Wooden Desk,3,568.31,0.25,1278.7,232.0,-34.6551,148.9372,Second Class,Consumer
DC-102901,5887,2015-08-25,Western Europe,France,Ile-de-France,Furniture,Office Chair,1,355.24,0.225,275.31,-29.03,47.6334,0.4186,Same Day,Consumer
DC-102902,7163,2016-07-26,East,United States,New York,Technology,Apple Smart Device,4,355.18,0.098,1281.49,271.3,42.8617,-75.1376,Standard Class,Consumer
DC-102903,5347,2015-05-01,East,United States,New York,Furniture,Bookshelf,4,201.61,0.27,588.7,-49.07,42.4498,-75.5614,Standard Class,Corporate
DC-102904,2673,2016-01-14,Northern Europe,United Kingdom,England,Office Supplies,Pen Set,1,569.43,0.043,544.94,140.74,53.6479,-2.5391,First Class,Home Office
DC-102905,6878,2016-12-31,Oceania,Australia,New South Wales,Technology,LED Monitor,3,313.09,0.163,786.17,192.07,-35.6494,149.7412,First Class,Consumer
DC-102906,5914,2016-01-19,South Asia,India,Maharashtra,Office Supplies,Pen Set,2,578.73,0.203,922.5,178.02,18.3862,77.0325,Standard Class,Consumer
DC-102907,3141,2016-04-25,Central,United States,Texas,Technology,Wireless Keyboard,5,556.77,0.296,1959.83,-196.96,31.2716,-100.1792,First Class,Consumer
DC-102908,7514,2017-05-17,East,United States,New York,Technology,LED Monitor,2,472.04,0.128,823.24,176.34,42.2727,-72.5621,Standard Class,Consumer
DC-102909,1600,2015-08-20,Canada,Canada,Ontario,Technology,Wireless Keyboard,4,599.48,0.078,2210.88,360.87,44.7426,-79.1571,Standard Class,Corporate
DC-102910,7702,2015-09-08,Oceania,Australia,New South Wales,Furniture,Bookshelf,5,737.93,0.229,2844.72,201.52,-33.34,150.9132,Standard Class,Consumer
DC-102911,1954,2016-08-20,Southeast Asia,Singapore,Singapore,Technology,Apple Smart Device,3,792.32,0.048,2262.87,439.14,-0.6228,103.7936,Standard Class,Consumer
DC-102912,7542,2016-04-18,East,United States,New York,Technology,Laptop Computer,5,835.63,0.115,3697.66,121.03,41.6638,-75.8564,Standard Class,Home Office
DC-102913,1777,2015-09-23,South Asia,India,Maharashtra,Furniture,Wooden Desk,3,864.03,0.184,2115.15,-50.88,20.8312,73.7388,Standard Class,Corporate
DC-102914,1863,2017-08-31,Western Europe,France,Ile-de-France,Technology,Apple Smart Device,2,774.11,0.203,1233.93,-127.64,47.7851,2.6338,Standard Class,Consumer
DC-102915,5713,2017-11-13,West,United States,California,Furniture,Bookshelf,1,656.45,0.245,495.62,116.37,36.0815,-115.4672,First Class,Consumer
DC-102916,1837,2016-12-28,Canada,Canada,Ontario,Office Supplies,Notebook,5,840.22,0.293,2970.18,-7.56,41.3183,-80.3652,Second Class,Consumer
DC-102917,1018,2016-10-18,Northern Europe,United Kingdom,England,Office Supplies,Printer Paper,4,297.91,0.242,903.26,39.23,54.157,-2.6062,Standard Class,Home Office
DC-102918,2006,2017-06-05,South Asia,India,Maharashtra,Technology,Wireless Keyboard,4,871.41,0.14,2997.65,80.42,19.6662,73.2707,Standard Class,Consumer
DC-102919,7274,2015-06-21,Oceania,Australia,New South Wales,Furniture,Storage Cabinet,2,824.94,0.18,1352.9,-26.71,-33.204,151.2032,First Class,Corporate
DC-102920,3318,2015-01-29,Western Europe,France,Ile-de-France,Office Supplies,Notebook,3,759.92,0.27,1664.22,462.59,48.3344,2.0489,First Class,Consumer
DC-102921,4976,2015-04-26,Oceania,Australia,New South Wales,Sports & Outdoors,Sports Bag,1,885.0,0.16,743.4,-28.43,-34.4965,152.6458,Second Class,Consumer
DC-102922,6783,2016-07-18,Southeast Asia,Singapore,Singapore,Furniture,Office Chair,2,159.3,0.081,292.79,-6.94,0.517,103.5666,Standard Class,Corporate
DC-102923,7043,2017-08-15,Oceania,Australia,New South Wales,Sports & Outdoors,Mountain Bike,1,326.6,0.218,255.4,65.55,-33.513,150.4213,Second Class,Consumer
DC-102924,5950,2015-08-19,East,United States,New York,Sports & Outdoors,Fitness Equipment,4,310.05,0.041,1189.35,92.56,40.1944,-76.5596,Standard Class,Consumer
DC-102925,6131,2016-02-06,South,United States,Florida,Sports & Outdoors,Fitness Equipment,3,83.81,0.243,190.33,34.62,27.8311,-84.7913,Second Class,Corporate
DC-102926,6059,2017-08-25,Western Europe,France,Ile-de-France,Technology,Wireless Keyboard,2,222.2,0.106,397.29,-24.73,47.5964,1.8455,First Class,Corporate
DC-102927,5940,2015-07-30,Oceania,Australia,New South Wales,Office Supplies,Notebook,5,452.21,0.28,1627.96,149.52,-33.4704,149.681,First Class,Consumer
DC-102928,1710,2017-07-14,Oceania,Australia,New South Wales,Sports & Outdoors,Mountain Bike,2,705.57,0.164,1179.71,288.38,-34.2478,150.7751,Standard Class,Consumer
DC-102929,1806,2015-10-30,Northern Europe,United Kingdom,England,Technology,LED Monitor,3,191.18,0.05,544.86,25.44,50.6437,-1.0238,Second Class,Corporate
DC-102930,6634,2017-10-09,South,United States,Florida,Furniture,Conference Table,1,216.7,0.058,204.13,46.47,27.737,-83.6031,Standard Class,Corporate
DC-102931,4162,2016-11-19,Central,United States,Texas,Office Supplies,Stapler,1,783.79,0.2,627.03,32.68,30.2915,-99.9497,Second Class,Consumer
DC-102932,3753,2017-09-17,Central,United States,Texas,Technology,Apple Smart Device,3,40.3,0.052,114.61,-9.37,31.7492,-101.9363,Standard Class,Consumer
DC-102933,6163,2016-12-21,Southeast Asia,Singapore,Singapore,Technology,LED Monitor,4,737.61,0.284,2112.52,28.03,2.6364,103.0792,Second Class,Consumer
DC-102934,2522,2017-10-24,East,United States,New York,Office Supplies,Notebook,2,617.14,0.055,1166.39,-79.81,41.1013,-74.1528,Second Class,Consumer
DC-102935,5768,2015-03-18,South,United States,Florida,Technology,Wireless Keyboard,2,867.07,0.22,1352.63,-85.62,27.3684,-80.5353,Standard Class,Consumer
DC-102936,1754,2016-06-04,South,United States,Florida,Office Supplies,Stapler,1,431.48,0.094,390.92,-32.7,28.0142,-83.765,Standard Class,Consumer
DC-102937,3307,2017-10-09,South,United States,Florida,Technology,Laptop Computer,1,811.98,0.02,795.74,140.87,26.61,-81.8753,Standard Class,Consumer
DC-102938,4250,2015-06-07,Western Europe,France,Ile-de-France,Office Supplies,Printer Paper,2,480.57,0.206,763.15,-21.83,48.8439,3.0216,Standard Class,Corporate
DC-102939,5337,2016-02-16,South Asia,India,Maharashtra,Technology,LED Monitor,5,847.58,0.188,3441.17,807.09,20.1996,76.7825,First Class,Consumer
DC-102940,1141,2015-07-27,West,United States,California,Technology,Laptop Computer,1,231.09,0.238,176.09,20.23,37.3038,-115.5652,Second Class,Corporate
DC-102941,5936,2015-09-15,East,United States,New York,Sports & Outdoors,Fitness Equipment,4,447.76,0.081,1645.97,-19.42,42.9497,-73.7416,First Class,Corporate
DC-102942,6204,2017-04-10,Canada,Canada,Ontario,Technology,Bluetooth Headset,5,788.48,0.227,3047.48,-216.15,44.4551,-80.1543,Standard Class,Home Office
DC-102943,1778,2017-02-09,Central,United States,Texas,Sports & Outdoors,Sports Bag,1,585.47,0.037,563.81,-15.06,30.2256,-98.1599,First Class,Consumer
DC-102944,5431,2017-01-04,Canada,Canada,Ontario,Office Supplies,Printer Paper,4,856.5,0.068,3193.03,483.6,42.0457,-81.5358,Second Class,Consumer
DC-102945,7445,2015-01-30,South,United States,Florida,Furniture,Wooden Desk,1,247.8,0.143,212.36,-16.24,28.7684,-81.8712,Standard Class,Consumer
DC-102946,6220,2015-08-21,Oceania,Australia,New South Wales,Sports & Outdoors,Sports Bag,2,662.67,0.282,951.59,149.69,-33.8552,150.8723,Standard Class,Consumer
DC-102947,3725,2017-12-08,Central,United States,Texas,Sports & Outdoors,Camping Tent,4,296.47,0.193,957.01,-24.82,28.4629,-98.1466,Standard Class,Corporate
DC-102948,2903,2016-09-11,Central,United States,Texas,Technology,Apple Smart Device,3,486.25,0.209,1153.87,-7.32,30.9388,-98.9464,Standard Class,Consumer
DC-102949,4889,2016-04-23,West,United States,California,Office Supplies,Printer Paper,5,116.64,0.088,531.88,75.63,36.8115,-118.831,Standard Class,Consumer
DC-102950,7514,2017-08-30,Oceania,Australia,New South Wales,Furniture,Conference Table,4,249.29,0.089,908.41,84.03,-33.3649,149.0715,Standard Class,Consumer
DC-102951,3140,2016-09-02,Northern Europe,United Kingdom,England,Office Supplies,Printer Paper,3,579.39,0.277,1256.7,286.27,52.8164,0.228,Standard Class,Corporate
DC-102952,2923,2017-08-25,South,United States,Florida,Technology,Wireless Keyboard,2,455.8,0.043,872.4,208.42,26.3173,-80.8994,First Class,Consumer
DC-102953,5851,2017-11-08,South,United States,Florida,Sports & Outdoors,Fitness Equipment,4,657.9,0.205,2092.12,-219.87,28.1846,-82.8224,Standard Class,Consumer
DC-102954,1559,2015-09-22,West,United States,California,Office Supplies,Pen Set,1,455.89,0.085,417.14,-46.53,36.1785,-117.9398,Standard Class,Corporate
DC-102955,2586,2015-11-01,South Asia,India,Maharashtra,Technology,Wireless Keyboard,1,440.14,0.129,383.36,72.97,19.8228,73.1029,First Class,Corporate
DC-102956,1407,2015-09-13,Canada,Canada,Ontario,Office Supplies,Notebook,3,448.66,0.046,1284.06,311.82,43.8995,-79.6208,First Class,Consumer
DC-102957,4968,2016-09-18,South,United States,Florida,Sports & Outdoors,Mountain Bike,5,424.81,0.198,1703.49,81.24,26.2239,-78.0991,Standard Class,Home Office
DC-102958,7944,2016-10-25,Canada,Canada,Ontario,Technology,Apple Smart Device,2,304.68,0.021,596.56,139.08,42.7174,-82.5793,Second Class,Consumer
DC-102959,1891,2016-06-25,West,United States,California,Sports & Outdoors,Camping Tent,1,869.1,0.298,610.11,-1.94,38.1221,-119.6907,Second Class,Consumer
DC-102960,2150,2017-05-26,West,United States,California,Furniture,Bookshelf,4,366.84,0.231,1128.4,-125.31,37.0021,-119.1021,First Class,Consumer
DC-102961,7451,2017-12-11,Canada,Canada,Ontario,Technology,LED Monitor,2,558.47,0.16,938.23,-13.33,43.8624,-80.8948,Standard Class,Corporate
DC-102962,7595,2015-02-28,West,United States,California,Furniture,Conference Table,4,311.02,0.063,1165.7,38.96,36.3017,-120.7228,Standard Class,Corporate
DC-102963,2652,2017-05-29,Central,United States,Texas,Office Supplies,Printer Paper,2,130.49,0.264,192.08,7.73,31.4921,-100.6327,First Class,Home Office
DC-102964,7442,2016-04-17,Oceania,Australia,New South Wales,Sports & Outdoors,Sports Bag,2,216.01,0.104,387.09,57.75,-31.7038,150.4371,Standard Class,Corporate
DC-102965,4688,2015-12-26,Oceania,Australia,New South Wales,Technology,Apple Smart Device,3,14.12,0.185,34.52,-1.45,-34.072,154.6884,Second Class,Home Office
DC-102966,3551,2016-12-07,Western Europe,France,Ile-de-France,Office Supplies,Printer Paper,4,147.8,0.229,455.82,-14.38,48.0447,1.5676,Standard Class,Consumer
DC-102967,5287,2017-09-16,Western Europe,France,Ile-de-France,Technology,Laptop Computer,3,666.49,0.241,1517.6,70.81,47.8902,2.4598,Second Class,Consumer
DC-102968,2417,2015-02-14,Northern Europe,United Kingdom,England,Sports & Outdoors,Mountain Bike,5,430.3,0.109,1916.99,-173.98,51.0728,0.3822,First Class,Corporate
DC-102969,5431,2017-02-24,South Asia,India,Maharashtra,Sports & Outdoors,Mountain Bike,2,71.62,0.099,129.06,7.97,18.8038,76.5381,Second Class,Consumer
DC-102970,2689,2015-06-27,Canada,Canada,Ontario,Technology,LED Monitor,5,626.8,0.103,2811.2,-6.05,42.796,-77.6355,Standard Class,Consumer
DC-102971,1691,2015-01-29,Southeast Asia,Singapore,Singapore,Furniture,Wooden Desk,1,835.15,0.196,671.46,-79.3,3.956,100.733,Standard Class,Consumer
DC-102972,7557,2017-08-17,Southeast Asia,Singapore,Singapore,Furniture,Conference Table,1,600.76,0.295,423.54,37.67,-0.0496,102.9343,Standard Class,Consumer
DC-102973,5964,2016-04-01,Northern Europe,United Kingdom,England,Technology,Laptop Computer,5,785.57,0.044,3755.02,197.73,50.9775,-3.4311,Standard Class,Consumer
DC-102974,1920,2016-12-07,Northern Europe,United Kingdom,England,Technology,LED Monitor,4,102.29,0.2,327.33,21.33,52.5286,-1.174,Second Class,Consumer
DC-102975,4542,2017-07-20,West,United States,California,Sports & Outdoors,Mountain Bike,3,702.08,0.296,1482.79,-71.93,38.0666,-117.2562,First Class,Consumer
DC-102976,3901,2017-04-29,Central,United States,Texas,Furniture,Bookshelf,2,589.15,0.023,1151.2,186.9,32.1971,-99.9296,Standard Class,Consumer
DC-102977,4622,2015-04-11,South,United States,Florida,Furniture,Conference Table,5,35.44,0.184,144.6,-15.37,28.0425,-82.8886,Standard Class,Corporate
DC-102978,7116,2016-02-15,South,United States,Florida,Technology,Laptop Computer,2,853.89,0.116,1509.68,47.11,27.9761,-81.8226,First Class,Consumer
DC-102979,2110,2015-05-03,West,United States,California,Furniture,Bookshelf,1,337.62,0.272,245.79,-5.19,36.2232,-118.4934,Standard Class,Consumer
DC-102980,5218,2016-06-02,East,United States,New York,Furniture,Conference Table,2,645.73,0.251,967.3,40.55,40.7455,-72.2275,Standard Class,Corporate
DC-102981,1691,2016-03-13,South,United States,Florida,Sports & Outdoors,Fitness Equipment,2,236.37,0.223,367.32,-41.07,27.5923,-83.8194,Same Day,Consumer
DC-102982,7729,2018-01-07,Oceania,Australia,New South Wales,Furniture,Wooden Desk,4,794.19,0.115,2811.43,160.61,-34.572,151.9563,Same Day,Corporate
DC-102983,5354,2015-03-12,Canada,Canada,Ontario,Furniture,Storage Cabinet,2,117.65,0.269,172.0,-8.45,44.2642,-78.3172,First Class,Home Office
DC-102984,3595,2017-12-06,Northern Europe,United Kingdom,England,Office Supplies,Printer Paper,5,557.35,0.04,2675.28,-179.99,52.7341,0.3135,Standard Class,Consumer
DC-102985,7971,2015-10-05,Southeast Asia,Singapore,Singapore,Technology,Apple Smart Device,4,620.5,0.061,2330.6,559.79,3.6896,104.2789,Second Class,Corporate
DC-102986,6255,2016-11-13,Western Europe,France,Ile-de-France,Office Supplies,Printer Paper,3,501.16,0.109,1339.6,-158.61,50.1022,3.9675,Second Class,Consumer
DC-102987,2242,2017-09-02,Canada,Canada,Ontario,Furniture,Storage Cabinet,2,357.05,0.133,619.12,132.48,42.4013,-77.1666,Standard Class,Home Office
DC-102988,1010,2015-07-10,South Asia,India,Maharashtra,Sports & Outdoors,Mountain Bike,5,538.59,0.209,2130.12,454.98,21.2671,76.8444,Standard Class,Corporate
DC-102989,4833,2015-03-28,South,United States,Florida,Sports & Outdoors,Fitness Equipment,2,462.56,0.045,883.49,67.23,24.6613,-79.8754,Standard Class,Corporate
DC-102990,2554,2017-10-10,Central,United States,Texas,Sports & Outdoors,Sports Bag,4,363.52,0.036,1401.73,167.75,30.2357,-100.4177,First Class,Consumer
DC-102991,2708,2016-09-29,Northern Europe,United Kingdom,England,Sports & Outdoors,Camping Tent,3,649.14,0.045,1859.79,79.5,52.0205,0.8736,Second Class,Consumer
DC-102992,3721,2017-04-17,South Asia,India,Maharashtra,Office Supplies,Pen Set,5,305.87,0.031,1481.94,-81.36,20.6723,76.5972,Standard Class,Consumer
DC-102993,7126,2015-02-27,East,United States,New York,Technology,LED Monitor,3,101.81,0.086,279.16,69.33,40.0928,-74.3297,Second Class,Corporate
DC-102994,5137,2017-04-24,Western Europe,France,Ile-de-France,Furniture,Office Chair,2,519.46,0.041,996.32,-51.47,49.5977,4.2109,Second Class,Corporate
DC-102995,7090,2018-01-14,East,United States,New York,Furniture,Wooden Desk,4,757.56,0.289,2154.5,276.33,42.8237,-73.7036,Standard Class,Consumer
DC-102996,7952,2015-06-01,West,United States,California,Sports & Outdoors,Mountain Bike,2,831.48,0.115,1471.72,330.65,39.4229,-121.5096,Standard Class,Consumer
DC-102997,6114,2017-02-16,Southeast Asia,Singapore,Singapore,Furniture,Conference Table,1,502.47,0.027,488.9,122.14,2.5164,101.8145,Second Class,Consumer
DC-102998,1483,2016-01-19,West,United States,California,Technology,Apple Smart Device,5,759.41,0.127,3314.82,857.66,34.814,-117.8738,Standard Class,Corporate
DC-102999,5266,2017-06-25,Northern Europe,United Kingdom,England,Technology,LED Monitor,1,601.22,0.269,439.49,40.68,53.7901,-2.256,Standard Class,Consumer
DC-103000,6651,2017-08-28,Western Europe,France,Ile-de-France,Technology,Wireless Keyboard,5,16.29,0.101,73.22,-7.7,47.7452,5.9262,Standard Class,Consumer
DC-103001,6502,2015-04-10,Southeast Asia,Singapore,Singapore,Sports & Outdoors,Mountain Bike,3,763.32,0.182,1873.19,197.16,2.2015,102.854,Second Class,Corporate
DC-103002,6074,2016-03-14,Northern Europe,United Kingdom,England,Technology,Laptop Computer,1,879.58,0.026,856.71,124.46,54.5788,-0.5594,Standard Class,Consumer
DC-103003,2103,2015-01-02,South Asia,India,Maharashtra,Office Supplies,Pen Set,5,658.0,0.235,2516.85,-162.03,19.7717,76.8859,Second Class,Corporate
DC-103004,5370,2017-01-03,Northern Europe,United Kingdom,England,Sports & Outdoors,Camping Tent,4,612.36,0.144,2096.72,485.58,52.2526,-2.3677,Second Class,Consumer
DC-103005,4463,2017-04-05,South Asia,India,Maharashtra,Sports & Outdoors,Camping Tent,3,225.94,0.07,630.37,143.59,18.7393,77.6852,Standard Class,Consumer
DC-103006,5246,2015-09-18,West,United States,California,Furniture,Conference Table,2,150.64,0.111,267.84,-1.85,36.9946,-119.8703,Standard Class,Consumer
DC-103007,3640,2017-04-11,Western Europe,France,Ile-de-France,Sports & Outdoors,Camping Tent,5,635.28,0.218,2483.94,514.52,49.0025,4.4824,Standard Class,Corporate
DC-103008,1830,2015-01-21,Oceania,Australia,New South Wales,Furniture,Storage Cabinet,2,449.02,0.252,671.73,143.31,-33.5124,153.0608,First Class,Consumer
DC-103009,4798,2016-05-20,Oceania,Australia,New South Wales,Sports & Outdoors,Running Shoes,3,899.35,0.17,2239.38,507.31,-32.2633,153.0604,First Class,Home Office
DC-103010,6218,2017-01-28,West,United States,California,Sports & Outdoors,Fitness Equipment,3,762.92,0.107,2043.86,486.71,37.0657,-118.2173,Standard Class,Consumer
DC-103011,1826,2016-12-26,East,United States,New York,Sports & Outdoors,Mountain Bike,5,442.95,0.066,2068.58,-94.56,42.9882,-75.918,Standard Class,Corporate
DC-103012,1682,2016-12-17,Oceania,Australia,New South Wales,Furniture,Bookshelf,4,343.1,0.257,1019.69,171.82,-32.8883,151.1448,Standard Class,Consumer
DC-103013,1305,2015-04-06,West,United States,California,Technology,Bluetooth Headset,3,870.93,0.242,1980.49,149.19,37.1786,-120.4923,Second Class,Consumer
DC-103014,5001,2017-01-18,South Asia,India,Maharashtra,Sports & Outdoors,Mountain Bike,4,880.92,0.019,3456.73,-305.49,19.3165,73.0239,Standard Class,Consumer
DC-103015,3205,2017-04-12,East,United States,New York,Furniture,Office Chair,5,439.72,0.299,1541.22,-8.95,44.9135,-73.6906,Second Class,Consumer
DC-103016,4276,2017-09-24,South,United States,Florida,Office Supplies,Printer Paper,4,96.31,0.088,351.34,70.66,27.7789,-78.8899,Standard Class,Consumer
DC-103017,7408,2015-04-20,Southeast Asia,Singapore,Singapore,Office Supplies,Notebook,3,690.46,0.145,1771.03,-102.97,1.2167,103.629,Second Class,Home Office
DC-103018,4419,2017-10-16,West,United States,California,Office Supplies,Stapler,1,719.14,0.127,627.81,175.17,37.2563,-124.3896,Standard Class,Corporate
DC-103019,3420,2015-03-30,South Asia,India,Maharashtra,Office Supplies,Notebook,5,370.12,0.071,1719.21,136.61,17.0915,75.5608,Standard Class,Consumer
DC-103020,2375,2017-06-05,South Asia,India,Maharashtra,Furniture,Storage Cabinet,4,318.04,0.243,963.03,-68.25,19.6594,75.43,Standard Class,Corporate
DC-103021,2062,2016-10-22,South Asia,India,Maharashtra,Technology,LED Monitor,5,603.08,0.053,2855.58,-268.45,21.1336,73.7021,Standard Class,Corporate
DC-103022,3565,2016-12-30,Canada,Canada,Ontario,Office Supplies,Printer Paper,4,203.19,0.27,593.31,156.53,41.349,-80.1102,First Class,Consumer
DC-103023,1443,2017-04-12,Canada,Canada,Ontario,Furniture,Wooden Desk,2,725.69,0.03,1407.84,82.27,42.6908,-80.9595,Standard Class,Consumer
DC-103024,1799,2015-07-10,South,United States,Florida,Technology,LED Monitor,2,828.95,0.121,1457.29,44.77,25.881,-82.773,Standard Class,Consumer
DC-103025,3617,2016-08-18,Oceania,Australia,New South Wales,Furniture,Office Chair,5,65.8,0.144,281.62,5.14,-32.3865,151.0715,Standard Class,Consumer
DC-103026,1057,2016-10-07,Southeast Asia,Singapore,Singapore,Technology,Laptop Computer,1,228.23,0.097,206.09,-16.84,-1.6403,105.7469,Standard Class,Consumer
DC-103027,7889,2017-09-28,West,United States,California,Sports & Outdoors,Fitness Equipment,3,466.45,0.193,1129.28,311.65,36.8111,-119.4579,Standard Class,Corporate
DC-103028,3121,2017-09-15,East,United States,New York,Sports & Outdoors,Running Shoes,1,684.18,0.19,554.19,95.11,45.225,-76.253,Standard Class,Corporate
DC-103029,3124,2017-01-28,South,United States,Florida,Furniture,Bookshelf,4,677.38,0.224,2102.59,-18.98,26.2021,-84.8074,Standard Class,Corporate
DC-103030,3332,2015-12-28,Oceania,Australia,New South Wales,Office Supplies,Stapler,1,750.17,0.017,737.42,40.78,-35.3371,152.2409,Standard Class,Consumer
DC-103031,2722,2017-10-02,Northern Europe,United Kingdom,England,Technology,Wireless Keyboard,4,246.41,0.188,800.34,18.16,51.0716,-1.8732,Same Day,Consumer
DC-103032,6823,2017-03-11,Central,United States,Texas,Furniture,Office Chair,5,86.78,0.093,393.55,-44.03,31.2847,-98.0971,Standard Class,Corporate
DC-103033,2140,2017-09-26,Western Europe,France,Ile-de-France,Technology,Wireless Keyboard,4,773.09,0.08,2844.97,132.93,47.4572,1.7987,Standard Class,Consumer
DC-103034,4708,2017-09-22,West,United States,California,Sports & Outdoors,Sports Bag,3,536.86,0.072,1494.62,212.78,36.782,-120.8036,Standard Class,Consumer
DC-103035,1965,2016-03-30,South Asia,India,Maharashtra,Technology,Laptop Computer,5,795.62,0.221,3098.94,-157.37,18.5352,76.2447,Second Class,Consumer
DC-103036,5628,2015-01-21,Canada,Canada,Ontario,Technology,Laptop Computer,2,844.69,0.137,1457.93,280.38,43.497,-79.9298,Standard Class,Corporate
DC-103037,6084,2016-07-07,Canada,Canada,Ontario,Technology,Wireless Keyboard,4,640.3,0.072,2376.79,446.11,43.9984,-77.685,First Class,Consumer
DC-103038,5606,2018-01-06,Canada,Canada,Ontario,Office Supplies,Stapler,4,354.07,0.0,1416.28,172.43,43.9894,-79.1809,First Class,Consumer
DC-103039,7473,2016-02-23,Western Europe,France,Ile-de-France,Sports & Outdoors,Running Shoes,5,833.07,0.047,3969.58,857.32,49.5614,3.2346,Standard Class,Corporate
DC-103040,2509,2017-12-22,Central,United States,Texas,Technology,LED Monitor,2,360.75,0.172,597.4,-66.68,29.2449,-100.5182,Standard Class,Corporate
DC-103041,4176,2016-09-03,Canada,Canada,Ontario,Sports & Outdoors,Fitness Equipment,4,443.14,0.015,1745.97,-155.76,43.8473,-80.9287,Second Class,Consumer
DC-103042,7806,2015-02-01,Northern Europe,United Kingdom,England,Sports & Outdoors,Mountain Bike,3,106.37,0.228,246.35,-6.54,52.7937,1.6121,Standard Class,Corporate
DC-103043,4613,2015-04-06,West,United States,California,Technology,Wireless Keyboard,5,113.73,0.221,442.98,60.72,35.4382,-117.8844,First Class,Consumer
DC-103044,4115,2016-05-08,Oceania,Australia,New South Wales,Office Supplies,File Folder,5,312.46,0.222,1215.47,286.23,-33.494,151.2455,Second Class,Home Office
DC-103045,5478,2016-06-09,South,United States,Florida,Office Supplies,Printer Paper,4,402.16,0.111,1430.08,178.77,27.4075,-81.1973,Standard Class,Home Office
DC-103046,5797,2015-12-13,South,United States,Florida,Technology,Wireless Keyboard,5,671.85,0.283,2408.58,-104.45,28.6825,-80.7396,Second Class,Corporate
DC-103047,4082,2018-01-12,South Asia,India,Maharashtra,Technology,LED Monitor,4,148.89,0.061,559.23,17.11,18.7433,76.6949,Standard Class,Home Office
DC-103048,5710,2015-11-01,Northern Europe,United Kingdom,England,Office Supplies,Pen Set,1,457.26,0.259,338.83,48.67,51.9399,-0.282,Standard Class,Consumer
DC-103049,5738,2016-09-23,South,United States,Florida,Sports & Outdoors,Camping Tent,3,585.65,0.086,1605.85,228.54,26.2706,-80.2286,Same Day,Consumer
DC-103050,7037,2016-09-05,Northern Europe,United Kingdom,England,Sports & Outdoors,Camping Tent,2,383.43,0.261,566.71,89.1,52.0193,-1.4657,First Class,Corporate
DC-103051,7277,2016-03-09,Western Europe,France,Ile-de-France,Furniture,Office Chair,3,581.41,0.168,1451.2,104.41,47.8716,3.5408,Standard Class,Corporate
DC-103052,4269,2017-08-30,West,United States,California,Office Supplies,Stapler,3,537.62,0.158,1358.03,-1.61,35.9558,-118.3067,Same Day,Home Office
DC-103053,7550,2016-05-09,Central,United States,Texas,Furniture,Storage Cabinet,2,105.58,0.117,186.45,-15.72,32.4294,-97.1472,Standard Class,Corporate
DC-103054,3381,2015-08-30,Western Europe,France,Ile-de-France,Technology,LED Monitor,3,743.57,0.286,1592.73,242.8,47.5038,4.2407,Standard Class,Consumer
DC-103055,3320,2017-06-24,Central,United States,Texas,Office Supplies,Stapler,4,222.26,0.206,705.9,-31.62,31.2062,-100.9331,Second Class,Consumer
DC-103056,2757,2015-04-18,South,United States,Florida,Technology,Apple Smart Device,4,224.07,0.247,674.9,14.82,26.6517,-80.7258,Standard Class,Consumer
DC-103057,1431,2017-11-20,South,United States,Florida,Furniture,Storage Cabinet,2,22.21,0.23,34.2,1.1,28.2273,-81.9505,Second Class,Home Office
DC-103058,7735,2016-12-14,South Asia,India,Maharashtra,Office Supplies,Stapler,5,644.38,0.195,2593.63,362.7,17.5311,74.4496,Second Class,Consumer
DC-103059,3214,2016-11-21,South Asia,India,Maharashtra,Furniture,Conference Table,5,138.4,0.281,497.55,98.15,20.3737,75.5656,Standard Class,Consumer
DC-103060,1186,2017-06-30,Oceania,Australia,New South Wales,Sports & Outdoors,Camping Tent,4,112.32,0.272,327.08,-9.86,-34.3926,148.9495,Standard Class,Corporate
DC-103061,1093,2015-03-02,Oceania,Australia,New South Wales,Sports & Outdoors,Camping Tent,5,70.89,0.13,308.37,24.28,-34.6657,148.8863,First Class,Corporate
DC-103062,2046,2017-12-31,Northern Europe,United Kingdom,England,Office Supplies,Stapler,5,114.99,0.114,509.41,120.53,53.1402,1.5537,Standard Class,Corporate
DC-103063,2311,2017-02-28,Canada,Canada,Ontario,Sports & Outdoors,Running Shoes,5,25.88,0.128,112.84,15.32,43.4382,-82.1406,Standard Class,Corporate
DC-103064,5528,2017-03-04,Northern Europe,United Kingdom,England,Sports & Outdoors,Fitness Equipment,5,54.9,0.266,201.48,-18.85,51.469,0.8772,First Class,Home Office
DC-103065,1262,2015-11-20,South,United States,Florida,Furniture,Storage Cabinet,2,298.76,0.196,480.41,97.31,26.6232,-81.2482,Same Day,Home Office
DC-103066,7637,2015-12-27,Oceania,Australia,New South Wales,Furniture,Bookshelf,2,50.69,0.245,76.54,-3.02,-34.508,149.9479,Second Class,Consumer
DC-103067,4976,2015-10-02,Southeast Asia,Singapore,Singapore,Technology,Laptop Computer,3,805.07,0.026,2352.41,222.81,0.9124,103.6475,Second Class,Consumer
DC-103068,3220,2016-10-11,Western Europe,France,Ile-de-France,Technology,Wireless Keyboard,1,479.33,0.169,398.32,-39.06,48.1488,4.2464,Standard Class,Home Office
DC-103069,2599,2015-11-15,Northern Europe,United Kingdom,England,Sports & Outdoors,Camping Tent,5,336.86,0.05,1600.09,145.94,53.083,-0.3697,First Class,Corporate
DC-103070,6754,2016-12-22,South Asia,India,Maharashtra,Office Supplies,File Folder,3,394.58,0.118,1044.06,167.15,20.4927,76.6986,Standard Class,Consumer
DC-103071,1660,2016-05-07,Oceania,Australia,New South Wales,Technology,Wireless Keyboard,4,317.8,0.153,1076.71,138.52,-33.4354,152.9572,Standard Class,Home Office
DC-103072,6861,2015-03-29,South,United States,Florida,Furniture,Wooden Desk,4,23.0,0.006,91.45,22.3,27.6262,-81.309,Second Class,Consumer
DC-103073,3916,2015-01-02,Western Europe,France,Ile-de-France,Office Supplies,Printer Paper,2,883.04,0.014,1741.35,121.56,50.7369,5.1346,Second Class,Corporate
DC-103074,6315,2017-06-28,West,United States,California,Technology,LED Monitor,3,390.24,0.286,835.89,189.91,36.3632,-119.2388,Standard Class,Corporate
DC-103075,4589,2017-01-18,East,United States,New York,Furniture,Conference Table,4,486.0,0.206,1543.54,52.54,41.8532,-76.9816,Standard Class,Corporate
DC-103076,6686,2017-03-13,South,United States,Florida,Furniture,Storage Cabinet,3,428.64,0.299,901.43,-60.19,27.8705,-80.8498,First Class,Home Office
DC-103077,3683,2016-05-01,West,United States,California,Office Supplies,Pen Set,2,488.36,0.278,705.19,47.51,37.0713,-118.5448,Standard Class,Consumer
DC-103078,2934,2017-02-21,Western Europe,France,Ile-de-France,Furniture,Conference Table,1,296.3,0.281,213.04,39.67,48.661,2.5609,Second Class,Consumer
DC-103079,2878,2015-01-26,South Asia,India,Maharashtra,Furniture,Conference Table,4,728.96,0.258,2163.55,-24.75,18.7069,78.2834,First Class,Home Office
DC-103080,1904,2015-02-03,South Asia,India,Maharashtra,Furniture,Office Chair,4,220.15,0.11,783.73,103.4,18.7352,77.1198,Second Class,Consumer
DC-103081,3687,2017-10-30,Southeast Asia,Singapore,Singapore,Office Supplies,Stapler,2,351.39,0.011,695.05,76.22,0.9002,104.5582,Standard Class,Home Office
DC-103082,2885,2017-10-15,Southeast Asia,Singapore,Singapore,Furniture,Bookshelf,4,756.86,0.167,2521.86,453.3,2.7414,102.9876,Standard Class,Consumer
DC-103083,4186,2017-03-17,Oceania,Australia,New South Wales,Furniture,Bookshelf,1,896.96,0.012,886.2,3.31,-31.2366,149.4945,First Class,Corporate
DC-103084,1217,2017-12-25,South,United States,Florida,Sports & Outdoors,Running Shoes,1,498.49,0.037,480.05,40.78,27.3494,-80.1058,Second Class,Home Office
DC-103085,5241,2016-12-10,East,United States,New York,Technology,Bluetooth Headset,3,570.83,0.166,1428.22,327.39,41.2898,-75.752,Second Class,Home Office
DC-103086,3472,2015-08-05,Southeast Asia,Singapore,Singapore,Sports & Outdoors,Sports Bag,1,699.08,0.17,580.24,83.13,-0.5599,103.7356,Standard Class,Home Office
DC-103087,2151,2015-11-26,Canada,Canada,Ontario,Furniture,Office Chair,1,374.32,0.188,303.95,84.81,41.9599,-74.6315,Standard Class,Home Office
DC-103088,4950,2015-08-06,Oceania,Australia,New South Wales,Office Supplies,Stapler,4,797.6,0.226,2469.37,-118.86,-33.2031,150.6861,Standard Class,Corporate
DC-103089,4330,2017-08-24,South Asia,India,Maharashtra,Sports & Outdoors,Sports Bag,2,384.81,0.138,663.41,128.93,20.9652,76.742,Second Class,Home Office
DC-103090,5973,2016-09-02,South,United States,Florida,Sports & Outdoors,Sports Bag,3,710.78,0.002,2128.08,110.07,26.7687,-81.3971,First Class,Consumer
DC-103091,6280,2017-11-30,South Asia,India,Maharashtra,Sports & Outdoors,Camping Tent,1,748.18,0.008,742.19,67.34,22.1177,75.9896,Second Class,Consumer
DC-103092,6313,2015-10-20,Canada,Canada,Ontario,Sports & Outdoors,Camping Tent,5,729.52,0.258,2706.52,240.74,42.6393,-81.3997,First Class,Consumer
DC-103093,5191,2015-09-06,South Asia,India,Maharashtra,Furniture,Conference Table,1,384.43,0.032,372.13,99.86,19.2348,74.5999,Second Class,Consumer
DC-103094,6844,2016-11-15,West,United States,California,Office Supplies,Printer Paper,2,392.83,0.121,690.6,-53.76,36.4195,-120.2173,Standard Class,Corporate
DC-103095,5928,2016-05-29,Southeast Asia,Singapore,Singapore,Office Supplies,Printer Paper,5,46.31,0.113,205.38,25.37,0.1441,104.1535,Standard Class,Home Office
DC-103096,5183,2016-09-02,South,United States,Florida,Furniture,Conference Table,1,44.57,0.071,41.41,-0.67,27.1418,-81.6578,Standard Class,Consumer
DC-103097,4507,2016-05-30,Central,United States,Texas,Furniture,Bookshelf,2,874.14,0.238,1332.19,280.63,31.7996,-99.2759,First Class,Corporate
DC-103098,7856,2017-12-20,Central,United States,Texas,Furniture,Bookshelf,3,39.42,0.246,89.17,21.17,33.13,-99.5529,Standard Class,Consumer
DC-103099,6721,2015-02-16,South Asia,India,Maharashtra,Sports & Outdoors,Camping Tent,1,196.35,0.01,194.39,25.64,19.4751,78.2331,First Class,Home Office
DC-103100,6176,2017-06-20,South Asia,India,Maharashtra,Technology,LED Monitor,2,366.8,0.047,699.12,168.76,19.4591,75.8439,Standard Class,Consumer
DC-103101,5789,2017-07-20,Southeast Asia,Singapore,Singapore,Sports & Outdoors,Fitness Equipment,3,855.87,0.111,2282.61,159.19,1.2368,103.0891,Second Class,Consumer
DC-103102,5153,2016-09-13,West,United States,California,Furniture,Bookshelf,4,137.18,0.258,407.15,-8.73,37.9557,-118.4297,Standard Class,Corporate
DC-103103,2903,2016-10-06,Southeast Asia,Singapore,Singapore,Sports & Outdoors,Fitness Equipment,2,637.05,0.169,1058.78,-21.72,2.6012,101.2926,Standard Class,Consumer
DC-103104,6811,2016-05-01,South Asia,India,Maharashtra,Technology,Apple Smart Device,5,428.37,0.164,1790.59,27.15,20.4765,77.2749,Standard Class,Consumer
DC-103105,6640,2017-04-25,Western Europe,France,Ile-de-France,Sports & Outdoors,Fitness Equipment,4,177.52,0.088,647.59,102.83,49.2047,-0.6542,Second Class,Corporate
DC-103106,1306,2016-06-23,Northern Europe,United Kingdom,England,Technology,Wireless Keyboard,5,51.74,0.234,198.16,46.38,49.7696,-3.7142,Second Class,Consumer
DC-103107,4173,2017-02-20,Canada,Canada,Ontario,Office Supplies,Notebook,5,42.6,0.151,180.84,36.84,45.2129,-77.8617,Standard Class,Corporate
DC-103108,4547,2015-12-15,Oceania,Australia,New South Wales,Office Supplies,Pen Set,3,805.38,0.079,2225.26,168.63,-33.3966,149.4329,Standard Class,Corporate
DC-103109,6285,2016-12-01,West,United States,California,Technology,Bluetooth Headset,2,696.49,0.263,1026.63,114.93,36.5715,-120.2198,Standard Class,Corporate
DC-103110,2832,2016-09-11,Southeast Asia,Singapore,Singapore,Sports & Outdoors,Fitness Equipment,2,640.11,0.171,1061.3,9.34,1.902,105.9557,Second Class,Consumer
DC-103111,4033,2016-11-23,Northern Europe,United Kingdom,England,Office Supplies,Stapler,5,333.67,0.266,1224.57,189.14,50.8674,0.5602,Second Class,Consumer
DC-103112,7519,2015-09-17,Northern Europe,United Kingdom,England,Sports & Outdoors,Mountain Bike,5,875.06,0.134,3789.01,676.75,53.8379,0.9061,Standard Class,Consumer
DC-103113,7844,2016-01-03,East,United States,New York,Technology,LED Monitor,5,655.81,0.146,2800.31,375.25,44.5848,-73.3253,Standard Class,Consumer
DC-103114,2859,2016-01-20,Central,United States,Texas,Office Supplies,Pen Set,5,537.77,0.26,1989.75,191.94,31.2612,-100.8698,Second Class,Corporate
DC-103115,6934,2016-10-17,Southeast Asia,Singapore,Singapore,Technology,Apple Smart Device,4,329.75,0.065,1233.27,261.73,1.0365,103.9358,First Class,Corporate
DC-103116,2861,2017-08-21,Western Europe,France,Ile-de-France,Technology,Bluetooth Headset,5,60.18,0.03,291.87,-6.36,49.4652,0.4329,Standard Class,Home Office
DC-103117,7822,2015-04-12,Northern Europe,United Kingdom,England,Sports & Outdoors,Camping Tent,2,28.33,0.18,46.46,5.79,51.583,-0.7539,Standard Class,Corporate
DC-103118,1263,2017-01-28,Southeast Asia,Singapore,Singapore,Sports & Outdoors,Camping Tent,5,843.37,0.061,3959.62,-244.39,1.7077,102.6383,Standard Class,Consumer
DC-103119,4961,2017-07-20,Central,United States,Texas,Furniture,Wooden Desk,5,576.18,0.112,2558.24,-40.64,31.505,-98.8292,First Class,Corporate
DC-103120,3883,2015-11-29,Canada,Canada,Ontario,Sports & Outdoors,Mountain Bike,5,421.42,0.219,1645.65,446.48,43.3995,-79.8946,First Class,Consumer
DC-103121,6431,2017-06-20,Canada,Canada,Ontario,Furniture,Bookshelf,1,519.75,0.022,508.32,-53.82,44.201,-76.4115,Standard Class,Consumer
DC-103122,6355,2017-09-09,South,United States,Florida,Technology,Bluetooth Headset,3,495.98,0.191,1203.74,205.86,27.4939,-82.3287,Second Class,Consumer
DC-103123,6024,2016-07-03,Canada,Canada,Ontario,Technology,Apple Smart Device,3,309.04,0.293,655.47,-32.26,43.1482,-80.3999,Standard Class,Consumer
DC-103124,5602,2015-12-14,West,United States,California,Sports & Outdoors,Sports Bag,3,803.15,0.065,2252.84,168.99,35.754,-119.8764,Standard Class,Home Office
DC-103125,2387,2016-03-03,East,United States,New York,Sports & Outdoors,Sports Bag,2,835.85,0.111,1486.14,386.24,43.283,-77.5087,First Class,Corporate
DC-103126,4433,2015-04-15,Central,United States,Texas,Sports & Outdoors,Sports Bag,5,641.44,0.282,2302.77,67.12,29.8863,-98.6405,Second Class,Consumer
DC-103127,3325,2015-07-02,Oceania,Australia,New South Wales,Office Supplies,Pen Set,1,796.08,0.25,597.06,-19.57,-33.9568,150.0491,Second Class,Home Office
DC-103128,6060,2016-07-31,Northern Europe,United Kingdom,England,Technology,Wireless Keyboard,1,284.61,0.27,207.77,12.71,52.3576,-1.8572,Standard Class,Corporate
DC-103129,4288,2016-10-13,East,United States,New York,Office Supplies,Printer Paper,5,746.31,0.09,3395.71,-133.36,42.4236,-70.7465,Standard Class,Corporate
DC-103130,6167,2017-05-28,Canada,Canada,Ontario,Technology,Apple Smart Device,4,54.28,0.076,200.62,26.61,43.3954,-79.4498,Standard Class,Corporate
DC-103131,1354,2015-09-01,East,United States,New York,Sports & Outdoors,Fitness Equipment,3,104.29,0.215,245.6,30.47,42.7659,-75.5061,Standard Class,Home Office
DC-103132,3619,2017-11-30,Southeast Asia,Singapore,Singapore,Technology,Bluetooth Headset,2,452.19,0.026,880.87,110.23,-1.0882,103.6385,Second Class,Corporate
DC-103133,7962,2017-09-09,Western Europe,France,Ile-de-France,Technology,Wireless Keyboard,2,585.88,0.206,930.38,52.54,49.4075,2.1601,Standard Class,Consumer
DC-103134,5142,2015-02-02,East,United States,New York,Sports & Outdoors,Running Shoes,4,67.08,0.147,228.88,63.15,43.2004,-75.294,Standard Class,Home Office
DC-103135,1945,2017-07-21,Southeast Asia,Singapore,Singapore,Technology,Bluetooth Headset,2,26.07,0.267,38.22,4.37,2.358,102.3991,Standard Class,Consumer
DC-103136,6547,2016-04-19,South,United States,Florida,Sports & Outdoors,Fitness Equipment,1,235.93,0.123,206.91,30.45,27.8867,-81.014,Second Class,Corporate
DC-103137,1047,2017-04-20,East,United States,New York,Technology,Wireless Keyboard,4,875.05,0.231,2691.65,681.36,44.2591,-77.6608,Same Day,Consumer
DC-103138,5341,2015-09-12,Southeast Asia,Singapore,Singapore,Technology,Bluetooth Headset,5,846.41,0.007,4202.43,119.02,3.5858,102.6257,Same Day,Consumer
DC-103139,3506,2016-04-24,South,United States,Florida,Furniture,Bookshelf,5,533.95,0.161,2239.92,246.36,28.9013,-82.3303,First Class,Home Office
DC-103140,5987,2017-03-13,Southeast Asia,Singapore,Singapore,Technology,LED Monitor,4,144.85,0.3,405.58,-42.7,3.8367,104.2257,Standard Class,Corporate
DC-103141,3018,2015-01-19,Canada,Canada,Ontario,Technology,Apple Smart Device,4,256.99,0.179,843.96,-28.17,42.2154,-78.6435,Standard Class,Consumer
DC-103142,2151,2015-02-10,Oceania,Australia,New South Wales,Sports & Outdoors,Camping Tent,1,509.96,0.028,495.68,31.14,-35.348,150.8748,Standard Class,Corporate
DC-103143,7235,2016-11-22,Oceania,Australia,New South Wales,Furniture,Office Chair,1,379.07,0.131,329.41,60.51,-34.5596,151.5693,Standard Class,Consumer
DC-103144,7748,2017-04-21,Western Europe,France,Ile-de-France,Office Supplies,Printer Paper,2,791.53,0.12,1393.09,76.65,49.918,2.0969,Second Class,Consumer
DC-103145,6628,2016-02-15,South,United States,Florida,Office Supplies,File Folder,1,887.9,0.221,691.67,80.44,28.7344,-82.782,First Class,Home Office
DC-103146,7472,2017-12-16,Northern Europe,United Kingdom,England,Office Supplies,Notebook,5,876.83,0.062,4112.33,429.01,53.4479,-1.6042,Standard Class,Corporate
DC-103147,7923,2016-01-08,Western Europe,France,Ile-de-France,Technology,Wireless Keyboard,5,114.36,0.131,496.89,-0.92,48.3313,0.3757,Second Class,Consumer
DC-103148,7845,2016-03-12,Northern Europe,United Kingdom,England,Office Supplies,Pen Set,5,296.3,0.154,1253.35,-86.19,53.0147,-2.7756,Standard Class,Home Office
DC-103149,4630,2017-11-06,West,United States,California,Sports & Outdoors,Fitness Equipment,3,231.22,0.017,681.87,-32.75,37.0638,-120.1248,First Class,Consumer
DC-103150,7298,2017-01-06,Northern Europe,United Kingdom,England,Furniture,Bookshelf,5,58.24,0.114,258.0,-12.69,51.3815,-0.5925,Standard Class,Consumer
DC-103151,5969,2016-01-20,Western Europe,France,Ile-de-France,Technology,LED Monitor,2,812.36,0.077,1499.62,412.99,50.8692,1.7112,Standard Class,Consumer
DC-103152,7474,2016-05-06,Northern Europe,United Kingdom,England,Sports & Outdoors,Fitness Equipment,1,19.39,0.198,15.55,-0.08,50.874,-1.9443,Standard Class,Consumer
DC-103153,7932,2016-07-28,Southeast Asia,Singapore,Singapore,Furniture,Wooden Desk,4,220.47,0.092,800.75,-81.41,0.5151,104.3672,First Class,Corporate
DC-103154,6979,2017-07-13,South,United States,Florida,Sports & Outdoors,Fitness Equipment,1,45.71,0.116,40.41,4.57,26.5859,-82.9247,First Class,Corporate
DC-103155,6546,2015-09-18,South Asia,India,Maharashtra,Sports & Outdoors,Sports Bag,2,864.4,0.104,1549.0,-169.98,22.835,74.7702,Standard Class,Consumer
DC-103156,3280,2016-12-04,Western Europe,France,Ile-de-France,Sports & Outdoors,Running Shoes,3,474.22,0.262,1049.92,121.39,49.5534,2.8717,Standard Class,Consumer
DC-103157,6645,2017-11-09,South,United States,Florida,Sports & Outdoors,Fitness Equipment,3,440.77,0.152,1121.32,65.52,27.5116,-82.0877,Standard Class,Corporate
DC-103158,2811,2015-08-12,Western Europe,France,Ile-de-France,Office Supplies,Pen Set,4,565.24,0.183,1847.2,124.24,50.0205,3.5751,Standard Class,Consumer
DC-103159,1565,2015-12-06,Northern Europe,United Kingdom,England,Sports & Outdoors,Camping Tent,5,620.82,0.025,3026.5,354.76,52.4993,-2.7815,First Class,Consumer
DC-103160,4959,2016-08-08,South Asia,India,Maharashtra,Furniture,Wooden Desk,4,802.27,0.192,2592.94,139.96,20.2649,76.5814,Standard Class,Consumer
DC-103161,3733,2017-04-21,Canada,Canada,Ontario,Office Supplies,Pen Set,4,269.27,0.046,1027.53,98.6,41.8302,-81.6827,Standard Class,Consumer
DC-103162,1186,2016-03-17,Oceania,Australia,New South Wales,Office Supplies,File Folder,1,249.03,0.168,207.19,30.59,-33.96,149.5529,First Class,Consumer
DC-103163,5545,2015-05-10,South Asia,India,Maharashtra,Technology,Bluetooth Headset,1,160.56,0.12,141.29,16.58,18.2061,76.7185,First Class,Corporate
DC-103164,1309,2016-05-22,Oceania,Australia,New South Wales,Sports & Outdoors,Sports Bag,5,414.01,0.139,1782.31,63.39,-34.5494,151.6542,Standard Class,Consumer
DC-103165,4293,2017-08-17,Western Europe,France,Ile-de-France,Sports & Outdoors,Running Shoes,1,781.24,0.116,690.62,121.7,49.2306,1.1491,Second Class,Consumer
DC-103166,5485,2017-12-26,South Asia,India,Maharashtra,Office Supplies,Printer Paper,5,200.82,0.212,791.23,163.61,18.3307,76.9613,Standard Class,Consumer
DC-103167,1741,2016-05-15,South,United States,Florida,Office Supplies,Stapler,5,96.93,0.078,446.85,87.05,27.128,-80.2851,Standard Class,Consumer
DC-103168,6949,2017-11-05,East,United States,New York,Sports & Outdoors,Running Shoes,2,456.13,0.095,825.6,161.56,44.2834,-72.2857,Standard Class,Consumer
DC-103169,4319,2017-06-12,Western Europe,France,Ile-de-France,Sports & Outdoors,Fitness Equipment,4,102.73,0.232,315.59,80.98,49.5656,2.5403,Standard Class,Consumer
DC-103170,1121,2015-09-08,Western Europe,France,Ile-de-France,Furniture,Bookshelf,1,554.16,0.09,504.29,73.43,49.3647,2.3879,Standard Class,Corporate
DC-103171,6717,2017-04-24,South Asia,India,Maharashtra,Furniture,Conference Table,2,676.36,0.052,1282.38,131.42,19.7146,75.9365,First Class,Consumer
DC-103172,7426,2017-07-14,Southeast Asia,Singapore,Singapore,Technology,LED Monitor,1,865.86,0.238,659.79,72.53,1.9549,101.8157,Standard Class,Consumer
DC-103173,1156,2015-09-21,Northern Europe,United Kingdom,England,Office Supplies,Printer Paper,1,399.42,0.15,339.51,79.12,51.9203,-2.1309,Second Class,Corporate
DC-103174,2050,2016-09-27,South,United States,Florida,Technology,Wireless Keyboard,5,618.26,0.21,2442.13,558.85,26.6345,-81.5006,Standard Class,Consumer
DC-103175,5256,2017-03-04,Oceania,Australia,New South Wales,Technology,Laptop Computer,1,376.17,0.0,376.17,38.36,-33.2862,149.1837,Standard Class,Corporate
DC-103176,3122,2016-07-29,Oceania,Australia,New South Wales,Sports & Outdoors,Sports Bag,2,185.61,0.238,282.87,-31.18,-33.7869,151.2405,Standard Class,Corporate
DC-103177,3379,2015-04-28,South,United States,Florida,Sports & Outdoors,Camping Tent,2,236.47,0.259,350.45,69.64,27.6859,-81.3068,Second Class,Consumer
DC-103178,6966,2015-09-05,Northern Europe,United Kingdom,England,Sports & Outdoors,Sports Bag,3,79.33,0.2,190.39,37.57,50.852,-0.2199,Standard Class,Consumer
DC-103179,6025,2016-03-19,East,United States,New York,Sports & Outdoors,Camping Tent,5,784.0,0.281,2818.48,571.68,40.8301,-75.6664,Same Day,Consumer
DC-103180,5458,2015-09-11,Western Europe,France,Ile-de-France,Furniture,Storage Cabinet,5,861.1,0.226,3332.46,587.08,49.9753,2.9227,Standard Class,Consumer
DC-103181,6255,2015-11-04,South Asia,India,Maharashtra,Technology,Laptop Computer,2,209.03,0.227,323.16,54.57,19.8827,76.1115,Second Class,Consumer
DC-103182,7993,2016-03-26,Oceania,Australia,New South Wales,Technology,Apple Smart Device,2,701.45,0.057,1322.93,242.85,-35.3794,151.8429,Standard Class,Home Office
DC-103183,5665,2016-04-24,Western Europe,France,Ile-de-France,Sports & Outdoors,Mountain Bike,3,60.75,0.265,133.95,13.41,50.2435,1.5775,Standard Class,Consumer
DC-103184,2003,2017-12-23,Northern Europe,United Kingdom,England,Office Supplies,Printer Paper,1,271.61,0.132,235.76,30.22,51.7384,-1.3567,Standard Class,Home Office
DC-103185,7895,2016-07-15,Central,United States,Texas,Sports & Outdoors,Camping Tent,3,895.59,0.11,2391.23,316.55,33.1958,-97.1653,Second Class,Home Office
DC-103186,7113,2015-08-12,Canada,Canada,Ontario,Technology,Bluetooth Headset,4,640.71,0.05,2434.7,-265.47,40.7878,-80.5396,Standard Class,Home Office
DC-103187,6156,2017-11-20,Central,United States,Texas,Office Supplies,Printer Paper,3,200.65,0.069,560.42,56.92,30.6667,-101.263,Standard Class,Consumer
DC-103188,5773,2015-07-03,South,United States,Florida,Technology,Bluetooth Headset,5,543.31,0.084,2488.36,484.67,28.0953,-82.1453,Standard Class,Corporate
DC-103189,1855,2016-05-12,Canada,Canada,Ontario,Technology,LED Monitor,4,617.49,0.11,2198.26,528.77,44.9619,-77.8874,Standard Class,Consumer
DC-103190,4857,2017-01-10,South Asia,India,Maharashtra,Office Supplies,File Folder,4,283.97,0.284,813.29,91.06,17.2797,75.8742,Standard Class,Consumer
DC-103191,7594,2015-09-14,South Asia,India,Maharashtra,Office Supplies,Printer Paper,5,464.02,0.05,2204.09,323.27,18.6018,76.4503,Second Class,Consumer
DC-103192,1065,2015-12-08,Oceania,Australia,New South Wales,Technology,LED Monitor,2,398.19,0.27,581.36,-6.35,-34.0873,150.3301,Second Class,Consumer
DC-103193,6953,2016-01-08,South,United States,Florida,Technology,Apple Smart Device,5,100.53,0.172,416.19,109.76,25.1984,-82.5668,Standard Class,Corporate
DC-103194,2967,2017-02-18,Central,United States,Texas,Office Supplies,Stapler,1,216.94,0.039,208.48,-24.19,29.6808,-98.3087,First Class,Home Office
DC-103195,5613,2016-11-09,South,United States,Florida,Technology,LED Monitor,5,806.15,0.039,3873.55,563.03,27.2394,-79.2039,Standard Class,Consumer
DC-103196,1200,2017-04-10,South,United States,Florida,Office Supplies,File Folder,4,184.01,0.031,713.22,140.42,28.2043,-79.0025,First Class,Corporate
DC-103197,2964,2016-12-31,South Asia,India,Maharashtra,Technology,Bluetooth Headset,4,462.04,0.08,1700.31,185.65,18.3165,74.2398,First Class,Consumer
DC-103198,4606,2017-03-31,Oceania,Australia,New South Wales,Office Supplies,File Folder,1,15.67,0.084,14.35,0.61,-33.8805,153.0949,Second Class,Consumer
DC-103199,3735,2016-06-21,East,United States,New York,Furniture,Wooden Desk,5,583.5,0.161,2447.78,156.34,43.4666,-74.1773,Standard Class,Consumer
DC-103200,3179,2017-06-09,Southeast Asia,Singapore,Singapore,Sports & Outdoors,Running Shoes,2,880.06,0.004,1753.08,-85.79,1.5831,106.5589,Second Class,Home Office
DC-103201,3917,2016-06-10,Central,United States,Texas,Technology,Laptop Computer,1,621.66,0.037,598.66,139.86,33.433,-102.3162,First Class,Consumer
DC-103202,3852,2016-01-22,West,United States,California,Technology,LED Monitor,3,35.41,0.213,83.6,22.15,35.6046,-117.8697,Standard Class,Consumer
DC-103203,2359,2017-05-13,Canada,Canada,Ontario,Office Supplies,Pen Set,3,418.87,0.097,1134.72,-36.91,44.4565,-82.6081,Standard Class,Consumer
DC-103204,6689,2017-05-08,Northern Europe,United Kingdom,England,Office Supplies,Stapler,2,193.53,0.263,285.26,-24.01,55.0244,0.3827,Second Class,Corporate
DC-103205,7693,2017-07-04,Oceania,Australia,New South Wales,Sports & Outdoors,Sports Bag,4,704.86,0.096,2548.77,-71.26,-32.9827,151.5152,Standard Class,Consumer
DC-103206,3967,2015-09-12,Western Europe,France,Ile-de-France,Office Supplies,Printer Paper,4,245.83,0.075,909.57,-63.07,47.436,3.9449,First Class,Consumer
DC-103207,5978,2018-01-17,West,United States,California,Sports & Outdoors,Camping Tent,2,468.53,0.217,733.72,45.52,35.7845,-119.2205,Second Class,Home Office
DC-103208,7698,2017-04-27,Oceania,Australia,New South Wales,Furniture,Office Chair,2,345.37,0.011,683.14,125.02,-33.8702,150.8833,Second Class,Corporate
DC-103209,7588,2016-02-22,Southeast Asia,Singapore,Singapore,Office Supplies,Stapler,4,845.22,0.184,2758.8,602.6,1.6286,102.2644,First Class,Consumer
DC-103210,6237,2016-03-04,Oceania,Australia,New South Wales,Technology,Laptop Computer,2,228.81,0.1,411.86,-41.13,-33.5392,154.153,Standard Class,Consumer
DC-103211,1315,2016-06-09,Canada,Canada,Ontario,Sports & Outdoors,Fitness Equipment,1,132.81,0.121,116.74,18.92,44.1613,-77.559,Standard Class,Consumer
DC-103212,6391,2017-06-27,West,United States,California,Technology,Laptop Computer,5,396.27,0.013,1955.59,85.98,35.569,-117.4773,Standard Class,Consumer
DC-103213,7268,2016-09-17,Oceania,Australia,New South Wales,Technology,Wireless Keyboard,1,600.67,0.083,550.81,74.82,-31.0911,149.8201,Second Class,Consumer
DC-103214,2981,2017-03-05,East,United States,New York,Technology,Apple Smart Device,3,389.46,0.257,868.11,-95.11,42.0773,-74.2898,Standard Class,Consumer
DC-103215,5016,2015-09-28,West,United States,California,Furniture,Bookshelf,5,650.75,0.211,2567.21,147.87,35.1891,-118.8824,Standard Class,Home Office
DC-103216,6588,2017-12-25,Central,United States,Texas,Office Supplies,Stapler,4,807.48,0.11,2874.63,686.52,32.8921,-99.8601,First Class,Consumer
DC-103217,7976,2018-01-10,Central,United States,Texas,Office Supplies,File Folder,3,506.13,0.269,1109.94,-26.93,31.85,-99.8504,Standard Class,Consumer
DC-103218,2399,2016-10-21,West,United States,California,Sports & Outdoors,Mountain Bike,4,484.19,0.224,1502.93,410.51,35.5712,-118.9879,Second Class,Consumer
DC-103219,1262,2015-12-06,Canada,Canada,Ontario,Furniture,Storage Cabinet,4,426.32,0.097,1539.87,30.46,44.3513,-80.4945,First Class,Home Office
DC-103220,1601,2017-04-28,Central,United States,Texas,Furniture,Storage Cabinet,2,778.27,0.242,1179.86,16.09,31.1171,-98.3739,Standard Class,Consumer
DC-103221,7920,2017-01-06,Northern Europe,United Kingdom,England,Technology,Bluetooth Headset,3,230.58,0.239,526.41,-7.26,52.7377,-4.3689,Standard Class,Consumer
DC-103222,6941,2015-01-30,Northern Europe,United Kingdom,England,Technology,Wireless Keyboard,1,530.73,0.114,470.23,26.33,51.293,-2.4365,Standard Class,Consumer
DC-103223,6051,2017-08-16,South,United States,Florida,Sports & Outdoors,Running Shoes,2,330.3,0.087,603.13,99.16,30.0265,-83.1817,Second Class,Home Office
DC-103224,2523,2016-05-07,South,United States,Florida,Sports & Outdoors,Camping Tent,1,729.25,0.054,689.87,108.74,26.678,-82.0675,Standard Class,Consumer
DC-103225,1245,2016-01-14,South,United States,Florida,Sports & Outdoors,Running Shoes,1,299.87,0.117,264.79,32.85,28.8391,-80.9931,Second Class,Consumer
DC-103226,1332,2016-07-04,Southeast Asia,Singapore,Singapore,Technology,Laptop Computer,1,273.89,0.07,254.72,-16.66,2.5325,105.0224,Second Class,Consumer
DC-103227,1202,2017-08-01,Oceania,Australia,New South Wales,Sports & Outdoors,Fitness Equipment,5,432.86,0.166,1805.03,171.75,-35.1994,150.9348,Second Class,Consumer
DC-103228,4778,2016-08-10,South,United States,Florida,Office Supplies,Notebook,5,117.69,0.052,557.85,29.67,26.8119,-83.882,First Class,Corporate
DC-103229,6862,2016-06-09,Central,United States,Texas,Furniture,Office Chair,2,81.69,0.07,151.94,6.81,28.3419,-99.7969,Standard Class,Corporate
DC-103230,4919,2015-11-23,Western Europe,France,Ile-de-France,Technology,LED Monitor,2,470.43,0.132,816.67,148.79,50.782,1.4915,Second Class,Consumer
DC-103231,7733,2016-09-29,East,United States,New York,Sports & Outdoors,Sports Bag,4,862.14,0.078,3179.57,424.81,42.7292,-73.3068,Standard Class,Consumer
DC-103232,7611,2017-11-27,Canada,Canada,Ontario,Office Supplies,Notebook,1,682.1,0.206,541.59,-24.28,41.9426,-79.9129,First Class,Consumer
DC-103233,2531,2015-10-14,South,United States,Florida,Office Supplies,File Folder,1,472.05,0.136,407.85,-46.28,27.8593,-81.0948,Standard Class,Home Office
DC-103234,1337,2016-03-01,South,United States,Florida,Technology,LED Monitor,3,389.17,0.202,931.67,190.72,27.4259,-84.1464,First Class,Consumer
DC-103235,5069,2017-09-27,Central,United States,Texas,Technology,Bluetooth Headset,3,703.3,0.249,1584.53,58.2,33.5611,-100.2328,Standard Class,Consumer
DC-103236,1945,2016-01-14,Oceania,Australia,New South Wales,Sports & Outdoors,Camping Tent,5,192.08,0.148,818.26,31.15,-34.5113,153.4572,Same Day,Consumer
DC-103237,1072,2017-03-02,Canada,Canada,Ontario,Sports & Outdoors,Mountain Bike,1,703.66,0.21,555.89,38.07,44.2185,-79.7033,Standard Class,Corporate
DC-103238,3425,2015-06-27,Central,United States,Texas,Technology,Bluetooth Headset,4,304.98,0.219,952.76,124.57,32.2721,-100.7963,Standard Class,Consumer
DC-103239,7336,2015-04-09,West,United States,California,Technology,Apple Smart Device,3,80.6,0.159,203.35,23.53,37.5346,-118.2667,Second Class,Corporate
DC-103240,6210,2016-07-25,Western Europe,France,Ile-de-France,Technology,Laptop Computer,1,58.7,0.191,47.49,13.28,49.4249,3.8426,Second Class,Home Office
DC-103241,6970,2016-04-25,Oceania,Australia,New South Wales,Furniture,Bookshelf,5,832.95,0.229,3211.02,691.16,-30.8385,149.151,Second Class,Home Office
DC-103242,7726,2017-01-31,Northern Europe,United Kingdom,England,Technology,Apple Smart Device,3,101.7,0.056,288.01,-10.43,52.6905,-0.1305,Standard Class,Consumer
DC-103243,5887,2015-02-14,Western Europe,France,Ile-de-France,Furniture,Storage Cabinet,3,714.88,0.194,1728.58,111.58,49.4525,2.2284,Second Class,Home Office
DC-103244,5230,2017-04-23,South,United States,Florida,Technology,LED Monitor,1,122.77,0.088,111.97,20.24,28.3432,-84.2357,Second Class,Home Office
DC-103245,5804,2016-02-25,Western Europe,France,Ile-de-France,Office Supplies,Pen Set,3,354.43,0.024,1037.77,-40.73,46.9739,3.3001,Standard Class,Corporate
DC-103246,5656,2017-09-15,West,United States,California,Technology,Bluetooth Headset,4,630.16,0.155,2129.94,407.8,36.4664,-117.7994,Standard Class,Corporate
DC-103247,1051,2017-01-12,Oceania,Australia,New South Wales,Furniture,Bookshelf,2,649.11,0.19,1051.56,113.02,-35.7285,152.2754,Standard Class,Corporate
DC-103248,3119,2016-03-14,South Asia,India,Maharashtra,Sports & Outdoors,Fitness Equipment,5,420.79,0.275,1525.36,102.46,20.2275,74.7158,Standard Class,Consumer
DC-103249,5935,2017-03-22,Northern Europe,United Kingdom,England,Office Supplies,File Folder,2,639.26,0.271,932.04,91.57,51.534,-3.7492,Standard Class,Corporate
DC-103250,5252,2017-04-13,Central,United States,Texas,Office Supplies,Notebook,4,291.78,0.142,1001.39,226.28,33.0516,-102.1042,Standard Class,Consumer
DC-103251,5104,2017-11-22,Northern Europe,United Kingdom,England,Furniture,Office Chair,3,705.3,0.066,1976.25,64.59,52.079,-3.2988,Second Class,Consumer
DC-103252,4017,2016-09-23,Central,United States,Texas,Furniture,Storage Cabinet,5,668.1,0.017,3283.71,-168.95,29.8832,-103.1452,Second Class,Corporate
DC-103253,2736,2015-06-29,Central,United States,Texas,Sports & Outdoors,Running Shoes,2,694.36,0.014,1369.28,70.14,31.5344,-99.4076,Second Class,Consumer
DC-103254,5912,2017-01-27,West,United States,California,Sports & Outdoors,Mountain Bike,4,429.25,0.056,1620.85,394.03,35.4186,-118.4099,Standard Class,Consumer
DC-103255,7204,2017-02-20,Southeast Asia,Singapore,Singapore,Sports & Outdoors,Camping Tent,5,382.24,0.1,1720.08,57.45,1.5109,107.4793,First Class,Consumer
DC-103256,2513,2015-04-11,South Asia,India,Maharashtra,Technology,Wireless Keyboard,5,816.57,0.171,3384.68,-93.77,19.6869,77.1692,Second Class,Corporate
DC-103257,4887,2015-06-29,Canada,Canada,Ontario,Office Supplies,Stapler,4,733.34,0.22,2288.02,-239.42,42.1941,-80.2241,Standard Class,Consumer
DC-103258,7726,2016-12-12,West,United States,California,Technology,LED Monitor,3,465.77,0.241,1060.56,-61.82,36.5538,-119.286,Second Class,Consumer
DC-103259,2240,2016-10-13,East,United States,New York,Office Supplies,Pen Set,1,285.2,0.167,237.57,50.28,43.692,-75.1852,Second Class,Home Office
DC-103260,2174,2016-04-11,Oceania,Australia,New South Wales,Sports & Outdoors,Fitness Equipment,5,326.03,0.177,1341.61,-51.07,-33.7548,154.2547,Standard Class,Corporate
DC-103261,3136,2016-10-21,East,United States,New York,Office Supplies,Notebook,4,636.5,0.138,2194.65,343.02,44.6982,-74.3763,Same Day,Corporate
DC-103262,2192,2015-09-21,Central,United States,Texas,Sports & Outdoors,Fitness Equipment,1,761.76,0.144,652.07,-47.45,30.4803,-101.234,Standard Class,Consumer
DC-103263,3061,2015-01-18,Northern Europe,United Kingdom,England,Technology,Apple Smart Device,1,21.45,0.022,20.98,-0.95,51.7016,1.199,Standard Class,Consumer
DC-103264,6417,2015-02-07,South Asia,India,Maharashtra,Furniture,Conference Table,1,226.02,0.063,211.78,-2.4,21.654,74.4997,Standard Class,Consumer
DC-103265,1860,2015-10-20,South,United States,Florida,Furniture,Wooden Desk,3,126.93,0.197,305.77,-31.29,26.6126,-81.1942,Standard Class,Consumer
DC-103266,3013,2015-12-19,Southeast Asia,Singapore,Singapore,Technology,Bluetooth Headset,3,440.87,0.183,1080.57,218.47,1.9022,105.5478,Standard Class,Corporate
DC-103267,7611,2017-05-31,Western Europe,France,Ile-de-France,Office Supplies,Printer Paper,4,630.9,0.259,1869.99,-57.83,49.3595,2.5247,Standard Class,Home Office
DC-103268,2548,2017-10-24,Canada,Canada,Ontario,Sports & Outdoors,Camping Tent,4,368.47,0.031,1428.19,374.94,44.8982,-79.9546,Second Class,Consumer
DC-103269,6038,2017-06-18,South Asia,India,Maharashtra,Furniture,Wooden Desk,2,611.8,0.063,1146.51,-66.32,18.9442,75.6087,Standard Class,Consumer
DC-103270,2681,2015-02-06,West,United States,California,Technology,Wireless Keyboard,5,531.79,0.291,1885.2,489.39,36.377,-119.6848,Same Day,Consumer
DC-103271,4488,2015-05-16,Central,United States,Texas,Sports & Outdoors,Fitness Equipment,5,353.13,0.266,1295.99,99.96,29.3707,-101.5616,Same Day,Consumer
DC-103272,6551,2017-07-01,Central,United States,Texas,Sports & Outdoors,Fitness Equipment,2,183.48,0.229,282.93,54.1,29.5039,-98.1551,Standard Class,Corporate
DC-103273,4020,2015-01-28,West,United States,California,Sports & Outdoors,Sports Bag,5,634.3,0.15,2695.78,45.2,36.9313,-121.8914,Second Class,Corporate
DC-103274,3533,2016-07-17,Central,United States,Texas,Furniture,Storage Cabinet,2,143.76,0.002,286.94,79.89,30.6568,-99.2312,First Class,Consumer
DC-103275,6054,2015-07-09,Canada,Canada,Ontario,Office Supplies,Notebook,4,526.4,0.107,1880.3,341.24,41.4927,-77.763,Standard Class,Consumer
DC-103276,3134,2017-08-31,South,United States,Florida,Technology,Laptop Computer,5,422.84,0.216,1657.53,-34.41,28.1224,-80.2169,Standard Class,Consumer
DC-103277,4557,2016-11-02,East,United States,New York,Sports & Outdoors,Camping Tent,1,700.67,0.226,542.32,-21.02,42.8571,-74.2284,Second Class,Consumer
DC-103278,5499,2015-06-11,Western Europe,France,Ile-de-France,Furniture,Bookshelf,4,411.12,0.013,1623.1,-149.77,50.1751,2.992,Standard Class,Consumer
DC-103279,6195,2016-08-19,Southeast Asia,Singapore,Singapore,Sports & Outdoors,Running Shoes,2,524.77,0.17,871.12,66.68,0.7476,102.6829,Same Day,Consumer
DC-103280,7094,2015-11-25,East,United States,New York,Office Supplies,File Folder,2,419.29,0.155,708.6,-32.99,43.8798,-73.4927,Same Day,Consumer
DC-103281,1127,2017-07-18,Central,United States,Texas,Technology,Bluetooth Headset,1,315.31,0.288,224.5,12.87,31.8065,-99.3832,Second Class,Consumer
DC-103282,4323,2016-06-23,East,United States,New York,Furniture,Conference Table,2,655.29,0.035,1264.71,64.73,43.2325,-74.3979,Second Class,Corporate
DC-103283,7699,2016-02-09,East,United States,New York,Furniture,Conference Table,4,843.45,0.191,2729.4,-231.93,46.1031,-75.7298,First Class,Corporate
DC-103284,1468,2017-05-01,East,United States,New York,Office Supplies,Pen Set,4,62.22,0.083,228.22,33.6,42.0067,-73.0461,Second Class,Consumer
DC-103285,7781,2015-09-07,Canada,Canada,Ontario,Technology,Laptop Computer,4,830.72,0.151,2821.13,-60.2,42.62,-79.0111,Standard Class,Consumer
DC-103286,4394,2017-09-24,Northern Europe,United Kingdom,England,Technology,LED Monitor,4,554.43,0.179,1820.75,302.57,52.3792,0.9649,Standard Class,Corporate
DC-103287,2291,2016-08-07,Canada,Canada,Ontario,Sports & Outdoors,Mountain Bike,4,322.19,0.234,987.19,106.17,43.3433,-79.8967,First Class,Corporate
DC-103288,3677,2016-05-12,Central,United States,Texas,Sports & Outdoors,Mountain Bike,5,594.67,0.096,2687.91,-297.67,29.324,-101.5792,Standard Class,Consumer
DC-103289,7833,2017-05-17,Western Europe,France,Ile-de-France,Technology,Laptop Computer,2,583.0,0.031,1129.85,89.74,47.5762,0.0116,Standard Class,Consumer
DC-103290,5261,2015-06-13,South Asia,India,Maharashtra,Sports & Outdoors,Camping Tent,5,371.99,0.294,1313.12,68.46,19.2187,77.061,Standard Class,Consumer
DC-103291,6714,2015-06-05,East,United States,New York,Technology,LED Monitor,2,626.62,0.08,1152.98,307.35,41.441,-76.7128,Standard Class,Home Office
DC-103292,4849,2016-07-31,Western Europe,France,Ile-de-France,Technology,Bluetooth Headset,1,400.77,0.108,357.49,43.93,47.7904,3.2243,Standard Class,Home Office
DC-103293,6186,2017-07-13,Central,United States,Texas,Technology,Bluetooth Headset,2,467.1,0.212,736.15,40.55,32.2528,-99.9242,Same Day,Consumer
DC-103294,5545,2016-03-19,South Asia,India,Maharashtra,Office Supplies,Notebook,4,759.41,0.208,2405.81,194.89,19.0877,76.8093,Standard Class,Corporate
DC-103295,7878,2015-02-10,Western Europe,France,Ile-de-France,Furniture,Wooden Desk,5,203.97,0.11,907.67,224.01,48.5073,4.1299,First Class,Consumer
DC-103296,7334,2015-07-09,Canada,Canada,Ontario,Office Supplies,Notebook,2,44.87,0.283,64.34,-6.09,43.6781,-79.7767,First Class,Consumer
DC-103297,4345,2015-07-24,South Asia,India,Maharashtra,Furniture,Wooden Desk,4,564.85,0.223,1755.55,291.81,19.605,76.0271,Standard Class,Consumer
DC-103298,6405,2015-12-15,South Asia,India,Maharashtra,Sports & Outdoors,Fitness Equipment,4,322.41,0.297,906.62,16.06,20.224,74.6377,Second Class,Consumer
DC-103299,1400,2015-09-07,Oceania,Australia,New South Wales,Technology,Wireless Keyboard,3,285.97,0.087,783.27,206.85,-34.4686,153.193,First Class,Consumer
DC-103300,4478,2016-12-11,South,United States,Florida,Furniture,Office Chair,1,480.9,0.024,469.36,126.74,27.9714,-82.3296,Standard Class,Corporate
DC-103301,6303,2017-07-17,East,United States,New York,Sports & Outdoors,Fitness Equipment,2,42.16,0.265,61.98,7.56,43.3138,-77.4997,Standard Class,Consumer
DC-103302,1055,2015-07-28,East,United States,New York,Sports & Outdoors,Sports Bag,2,696.91,0.239,1060.7,64.95,42.3103,-75.9497,Standard Class,Corporate
DC-103303,7323,2015-02-11,Northern Europe,United Kingdom,England,Technology,LED Monitor,4,650.73,0.183,2126.59,363.19,53.6163,0.3837,Standard Class,Consumer
DC-103304,6301,2017-03-04,Central,United States,Texas,Sports & Outdoors,Fitness Equipment,3,366.02,0.189,890.53,-19.98,29.1356,-99.2944,Standard Class,Consumer
DC-103305,1034,2016-07-22,Western Europe,France,Ile-de-France,Furniture,Storage Cabinet,5,608.99,0.072,2825.71,458.96,48.4593,3.3067,Second Class,Consumer
DC-103306,6702,2017-08-02,Western Europe,France,Ile-de-France,Furniture,Bookshelf,2,182.67,0.038,351.46,9.27,47.2751,2.2722,Standard Class,Corporate
DC-103307,1554,2015-07-14,South Asia,India,Maharashtra,Office Supplies,Pen Set,5,846.07,0.225,3278.52,896.54,19.5444,75.141,Standard Class,Home Office
DC-103308,2238,2017-08-30,South Asia,India,Maharashtra,Office Supplies,Notebook,3,105.71,0.014,312.69,-15.71,20.1885,73.9087,First Class,Corporate
DC-103309,4004,2015-04-27,South Asia,India,Maharashtra,Office Supplies,File Folder,4,186.58,0.191,603.77,8.54,19.0588,76.5212,Second Class,Consumer
DC-103310,5877,2016-07-26,West,United States,California,Furniture,Office Chair,2,639.93,0.175,1055.88,117.3,37.2922,-120.8797,First Class,Consumer
DC-103311,1623,2016-07-16,Oceania,Australia,New South Wales,Office Supplies,File Folder,5,551.13,0.299,1931.71,-77.59,-35.4871,150.1764,Same Day,Home Office
DC-103312,3458,2015-04-28,Oceania,Australia,New South Wales,Furniture,Storage Cabinet,2,159.14,0.008,315.73,47.44,-34.3172,153.0032,Standard Class,Consumer
DC-103313,4592,2016-05-20,Central,United States,Texas,Sports & Outdoors,Camping Tent,1,69.16,0.035,66.74,-2.62,29.8899,-100.1447,Standard Class,Corporate
DC-103314,6195,2015-12-01,East,United States,New York,Office Supplies,File Folder,2,712.38,0.278,1028.68,-4.6,43.1527,-73.4164,Second Class,Corporate
DC-103315,2647,2017-02-25,East,United States,New York,Technology,Laptop Computer,5,371.57,0.138,1601.47,-133.5,43.4374,-73.9496,Standard Class,Consumer
DC-103316,6724,2016-07-31,West,United States,California,Furniture,Conference Table,5,149.1,0.126,651.57,144.33,36.6377,-119.7582,Standard Class,Home Office
DC-103317,4939,2017-11-04,South Asia,India,Maharashtra,Furniture,Bookshelf,2,432.92,0.285,619.08,63.62,18.5168,80.0682,Standard Class,Home Office
DC-103318,3887,2015-05-07,West,United States,California,Technology,Wireless Keyboard,5,865.15,0.164,3616.33,744.16,36.9788,-118.5377,Standard Class,Corporate
DC-103319,6639,2015-09-06,Southeast Asia,Singapore,Singapore,Furniture,Wooden Desk,3,872.25,0.263,1928.54,523.65,1.632,105.3152,Second Class,Corporate
DC-103320,1540,2017-11-09,Western Europe,France,Ile-de-France,Office Supplies,File Folder,3,794.32,0.29,1691.9,63.25,47.7909,1.3059,Standard Class,Consumer
DC-103321,7988,2017-12-26,South Asia,India,Maharashtra,Furniture,Conference Table,2,730.59,0.272,1063.74,188.52,19.7188,76.203,Standard Class,Consumer
DC-103322,4762,2015-10-27,South Asia,India,Maharashtra,Office Supplies,File Folder,1,198.55,0.291,140.77,30.65,19.8227,76.8913,Second Class,Consumer
DC-103323,5201,2015-12-17,West,United States,California,Sports & Outdoors,Fitness Equipment,5,266.89,0.298,936.78,134.78,35.4271,-118.8017,Second Class,Consumer
DC-103324,2272,2017-08-30,Canada,Canada,Ontario,Technology,LED Monitor,3,662.12,0.176,1636.76,269.22,42.2279,-77.195,First Class,Consumer
DC-103325,1599,2017-02-18,Western Europe,France,Ile-de-France,Office Supplies,File Folder,4,778.54,0.038,2995.82,542.31,48.3936,3.4429,Standard Class,Corporate
DC-103326,1291,2015-04-04,West,United States,California,Sports & Outdoors,Fitness Equipment,3,852.92,0.281,1839.75,-13.23,36.461,-119.9042,Standard Class,Corporate
DC-103327,4023,2017-05-06,South Asia,India,Maharashtra,Office Supplies,Pen Set,1,773.38,0.145,661.24,153.09,20.2136,76.08,Second Class,Consumer
DC-103328,3993,2015-05-09,Central,United States,Texas,Furniture,Bookshelf,4,28.69,0.105,102.71,13.7,31.5302,-102.2385,Standard Class,Corporate
DC-103329,5709,2017-12-05,East,United States,New York,Technology,Bluetooth Headset,3,102.1,0.055,289.45,10.34,42.9713,-75.0654,Standard Class,Corporate
DC-103330,2577,2016-05-17,Oceania,Australia,New South Wales,Office Supplies,File Folder,5,693.82,0.127,3028.52,197.13,-33.7918,152.8892,Second Class,Consumer
DC-103331,4439,2017-10-18,Southeast Asia,Singapore,Singapore,Technology,LED Monitor,3,548.3,0.112,1460.67,-129.74,2.2165,105.9265,Second Class,Consumer
DC-103332,7817,2015-01-10,Western Europe,France,Ile-de-France,Technology,Wireless Keyboard,4,753.51,0.259,2233.4,-265.58,48.0586,0.4813,First Class,Consumer
DC-103333,4327,2015-07-28,Canada,Canada,Ontario,Office Supplies,File Folder,5,437.58,0.201,1748.13,243.96,42.7735,-78.8818,Standard Class,Consumer
DC-103334,4374,2015-01-24,West,United States,California,Furniture,Wooden Desk,2,335.09,0.044,640.69,-59.24,37.5577,-121.2901,Standard Class,Consumer
DC-103335,1513,2017-09-20,Western Europe,France,Ile-de-France,Technology,Apple Smart Device,4,109.8,0.169,364.98,33.57,49.0409,3.286,First Class,Corporate
DC-103336,6249,2015-06-21,East,United States,New York,Sports & Outdoors,Camping Tent,1,354.5,0.016,348.83,10.82,43.7925,-74.2949,Standard Class,Corporate
DC-103337,3075,2017-09-04,South,United States,Florida,Technology,Bluetooth Headset,2,329.47,0.103,591.07,47.96,27.7383,-80.3051,Standard Class,Corporate
DC-103338,6152,2017-08-08,South Asia,India,Maharashtra,Sports & Outdoors,Sports Bag,4,583.43,0.042,2235.7,159.72,20.3163,76.2237,Second Class,Consumer
DC-103339,3063,2016-03-07,Western Europe,France,Ile-de-France,Furniture,Wooden Desk,5,161.16,0.079,742.14,64.66,49.6491,2.0053,Standard Class,Consumer
DC-103340,5834,2016-03-24,Canada,Canada,Ontario,Furniture,Storage Cabinet,1,62.62,0.073,58.05,12.95,44.0047,-79.3741,Standard Class,Home Office
DC-103341,4119,2015-11-12,Southeast Asia,Singapore,Singapore,Office Supplies,Pen Set,2,513.42,0.062,963.18,7.57,1.4943,104.7341,Standard Class,Corporate
DC-103342,4584,2017-04-27,Western Europe,France,Ile-de-France,Sports & Outdoors,Fitness Equipment,5,202.7,0.018,995.26,77.46,49.5579,1.1585,Standard Class,Consumer
DC-103343,7469,2015-09-07,South Asia,India,Maharashtra,Technology,Apple Smart Device,4,577.35,0.214,1815.19,-175.05,20.5497,75.9238,Second Class,Consumer
DC-103344,4501,2015-05-31,Canada,Canada,Ontario,Technology,LED Monitor,1,870.99,0.088,794.34,161.02,43.8689,-77.6136,Standard Class,Consumer
DC-103345,2409,2015-04-04,Oceania,Australia,New South Wales,Office Supplies,Printer Paper,5,404.99,0.093,1836.63,345.38,-34.887,149.4397,Standard Class,Corporate
DC-103346,3956,2016-01-06,East,United States,New York,Sports & Outdoors,Running Shoes,4,69.16,0.257,205.54,34.94,40.7264,-75.8831,First Class,Consumer
DC-103347,3930,2017-10-18,Northern Europe,United Kingdom,England,Technology,Apple Smart Device,2,548.8,0.265,806.74,38.38,51.3161,-0.298,Standard Class,Consumer
DC-103348,4361,2016-12-22,Oceania,Australia,New South Wales,Furniture,Bookshelf,3,26.22,0.005,78.27,-4.58,-32.0042,149.4267,Standard Class,Consumer
DC-103349,2001,2017-01-22,Southeast Asia,Singapore,Singapore,Sports & Outdoors,Sports Bag,2,245.12,0.091,445.63,83.55,-0.1978,104.3564,Standard Class,Consumer
DC-103350,7097,2015-07-21,West,United States,California,Furniture,Storage Cabinet,2,296.16,0.124,518.87,82.76,38.2015,-118.5092,Standard Class,Corporate
DC-103351,4160,2015-10-25,East,United States,New York,Furniture,Conference Table,3,668.4,0.125,1754.55,348.24,42.4271,-76.8613,Standard Class,Consumer
DC-103352,1980,2016-05-19,Northern Europe,United Kingdom,England,Sports & Outdoors,Sports Bag,3,341.39,0.079,943.26,122.95,53.0353,-1.2342,Second Class,Consumer
DC-103353,2912,2015-07-04,Oceania,Australia,New South Wales,Furniture,Wooden Desk,4,843.01,0.064,3156.23,-205.87,-33.7123,148.1151,Standard Class,Consumer
DC-103354,1940,2017-07-23,East,United States,New York,Technology,Bluetooth Headset,1,619.48,0.096,560.01,-12.42,44.6447,-75.3472,Second Class,Corporate
DC-103355,4321,2015-10-30,West,United States,California,Furniture,Wooden Desk,1,452.5,0.258,335.75,21.2,37.7357,-122.5021,Standard Class,Consumer
DC-103356,3147,2015-01-21,Western Europe,France,Ile-de-France,Office Supplies,Stapler,2,863.09,0.217,1351.6,306.91,48.4853,1.6135,First Class,Consumer
DC-103357,6636,2016-01-22,Northern Europe,United Kingdom,England,Technology,Bluetooth Headset,1,371.15,0.03,360.02,35.64,50.4734,-2.4559,Second Class,Consumer
DC-103358,6603,2016-06-19,Canada,Canada,Ontario,Furniture,Conference Table,5,266.51,0.22,1039.39,268.87,43.8241,-80.8257,Standard Class,Corporate
DC-103359,1276,2015-01-04,East,United States,New York,Sports & Outdoors,Camping Tent,2,464.78,0.045,887.73,21.22,44.0659,-73.9217,Second Class,Home Office
DC-103360,4620,2016-03-30,South,United States,Florida,Sports & Outdoors,Running Shoes,4,218.64,0.296,615.69,-35.76,25.433,-84.4842,Standard Class,Consumer
DC-103361,6317,2016-08-06,South,United States,Florida,Furniture,Office Chair,4,419.92,0.211,1325.27,308.82,27.5744,-83.162,Second Class,Consumer
DC-103362,1282,2015-07-17,Southeast Asia,Singapore,Singapore,Office Supplies,File Folder,3,101.44,0.082,279.37,1.77,-0.1394,103.6037,Standard Class,Home Office
DC-103363,7857,2017-02-17,Central,United States,Texas,Furniture,Office Chair,1,123.83,0.103,111.08,-11.86,31.7796,-99.4124,Second Class,Consumer
DC-103364,6319,2017-07-08,Western Europe,France,Ile-de-France,Office Supplies,Notebook,3,111.38,0.259,247.6,21.88,47.671,2.6067,Standard Class,Consumer
DC-103365,4707,2015-05-06,West,United States,California,Furniture,Wooden Desk,5,754.33,0.052,3575.52,38.5,38.548,-116.0283,Standard Class,Corporate
DC-103366,2786,2016-11-25,South Asia,India,Maharashtra,Technology,Wireless Keyboard,5,864.98,0.021,4234.08,-27.65,18.1694,76.5852,Second Class,Corporate
DC-103367,2079,2015-06-30,South,United States,Florida,Furniture,Storage Cabinet,5,423.94,0.062,1988.28,112.36,25.9685,-82.6706,First Class,Corporate
DC-103368,5397,2017-05-06,Southeast Asia,Singapore,Singapore,Sports & Outdoors,Fitness Equipment,3,365.84,0.202,875.82,54.85,0.9441,104.8266,Standard Class,Corporate
DC-103369,5782,2015-06-07,Northern Europe,United Kingdom,England,Sports & Outdoors,Camping Tent,3,537.09,0.224,1250.35,30.28,51.2616,0.0454,First Class,Consumer
DC-103370,6354,2015-03-12,South,United States,Florida,Furniture,Bookshelf,1,392.46,0.136,339.09,-14.41,28.2153,-84.8451,Second Class,Consumer
DC-103371,1059,2017-02-19,Oceania,Australia,New South Wales,Sports & Outdoors,Camping Tent,1,623.37,0.054,589.71,27.18,-32.9341,149.187,Second Class,Consumer
DC-103372,3285,2016-09-08,Western Europe,France,Ile-de-France,Furniture,Conference Table,2,539.01,0.032,1043.52,-36.31,49.7563,3.101,Second Class,Consumer
DC-103373,6772,2015-07-07,Oceania,Australia,New South Wales,Office Supplies,Printer Paper,2,611.53,0.123,1072.62,21.0,-32.235,150.2855,Standard Class,Consumer
DC-103374,1773,2017-12-14,Canada,Canada,Ontario,Technology,Wireless Keyboard,2,715.79,0.261,1057.94,295.43,44.3166,-78.5051,Standard Class,Consumer
DC-103375,7407,2017-02-24,South Asia,India,Maharashtra,Technology,Apple Smart Device,4,271.56,0.045,1037.36,84.56,21.4683,73.6132,Standard Class,Consumer
DC-103376,3321,2016-01-26,Central,United States,Texas,Technology,Wireless Keyboard,2,274.39,0.238,418.17,34.96,31.7835,-100.1456,Standard Class,Consumer
DC-103377,2908,2016-02-25,East,United States,New York,Office Supplies,File Folder,3,473.66,0.062,1332.88,-150.39,43.3466,-75.3346,Second Class,Home Office
DC-103378,5609,2016-10-27,South,United States,Florida,Office Supplies,Printer Paper,1,85.55,0.108,76.31,15.02,28.5556,-82.7487,Standard Class,Consumer
DC-103379,6943,2017-03-28,South Asia,India,Maharashtra,Furniture,Wooden Desk,1,664.2,0.253,496.16,-8.75,19.3573,76.1714,Second Class,Consumer
DC-103380,6135,2017-03-31,Oceania,Australia,New South Wales,Furniture,Conference Table,2,840.86,0.122,1476.55,53.41,-33.8295,151.2937,First Class,Consumer
DC-103381,5622,2015-01-15,South Asia,India,Maharashtra,Office Supplies,Printer Paper,2,706.76,0.133,1225.52,254.13,20.2318,74.6098,Same Day,Home Office
DC-103382,7998,2017-11-29,Central,United States,Texas,Office Supplies,Notebook,5,706.4,0.228,2726.7,296.67,32.8751,-101.7761,Second Class,Corporate
DC-103383,6853,2017-02-21,Canada,Canada,Ontario,Sports & Outdoors,Sports Bag,4,183.98,0.266,540.17,-51.62,44.1006,-80.8665,Standard Class,Consumer
DC-103384,7054,2017-01-21,South,United States,Florida,Technology,LED Monitor,4,327.48,0.271,954.93,20.44,28.942,-81.6189,First Class,Consumer
DC-103385,2052,2017-09-11,South Asia,India,Maharashtra,Office Supplies,File Folder,2,70.26,0.118,123.94,18.26,19.5555,74.6545,Standard Class,Corporate
DC-103386,5817,2016-02-08,West,United States,California,Furniture,Office Chair,4,313.75,0.298,881.01,16.22,37.1781,-119.0246,Second Class,Consumer
DC-103387,2453,2016-06-24,Canada,Canada,Ontario,Technology,Wireless Keyboard,2,705.44,0.265,1037.0,69.44,42.6352,-76.6606,Second Class,Consumer
DC-103388,1264,2015-02-03,South Asia,India,Maharashtra,Furniture,Wooden Desk,3,299.61,0.232,690.3,160.09,19.3038,76.7965,Standard Class,Consumer
DC-103389,1908,2016-12-04,South,United States,Florida,Office Supplies,File Folder,3,331.17,0.144,850.44,15.82,29.4084,-84.6075,Second Class,Consumer
DC-103390,6348,2017-10-12,Northern Europe,United Kingdom,England,Technology,Wireless Keyboard,3,826.87,0.153,2101.08,9.02,52.5526,0.7969,Standard Class,Consumer
DC-103391,1705,2017-04-16,Central,United States,Texas,Furniture,Conference Table,1,62.93,0.137,54.31,10.72,31.4404,-95.5146,Standard Class,Consumer
DC-103392,1390,2017-03-03,Oceania,Australia,New South Wales,Sports & Outdoors,Running Shoes,2,782.07,0.15,1329.52,-146.45,-33.0062,150.6361,Standard Class,Consumer
DC-103393,4194,2016-02-02,Western Europe,France,Ile-de-France,Sports & Outdoors,Fitness Equipment,4,662.04,0.29,1880.19,303.92,47.9659,3.3372,Second Class,Corporate
DC-103394,7655,2015-11-06,East,United States,New York,Office Supplies,Stapler,4,505.45,0.086,1847.93,144.28,40.9126,-76.619,First Class,Consumer
DC-103395,2643,2015-02-17,West,United States,California,Sports & Outdoors,Running Shoes,1,380.69,0.069,354.42,33.24,36.6641,-117.7209,Same Day,Consumer
DC-103396,2865,2015-09-17,East,United States,New York,Technology,Wireless Keyboard,4,136.91,0.244,414.02,105.26,42.4853,-73.1996,Standard Class,Consumer
DC-103397,6464,2017-06-16,Southeast Asia,Singapore,Singapore,Office Supplies,Printer Paper,1,162.27,0.041,155.62,5.2,1.0797,102.1441,First Class,Corporate
DC-103398,6214,2016-03-07,Western Europe,France,Ile-de-France,Technology,Wireless Keyboard,4,724.51,0.107,2587.95,429.75,48.9417,5.0041,Second Class,Consumer
DC-103399,4651,2015-10-07,South,United States,Florida,Technology,Wireless Keyboard,1,246.71,0.286,176.15,26.71,27.54,-81.4576,Second Class,Consumer
DC-103400,5925,2017-07-28,South,United States,Florida,Furniture,Wooden Desk,3,634.88,0.294,1344.68,12.77,29.3671,-83.722,Standard Class,Consumer
DC-103401,6506,2017-12-22,Southeast Asia,Singapore,Singapore,Furniture,Wooden Desk,4,151.18,0.206,480.15,43.52,1.1115,104.9247,Second Class,Consumer
DC-103402,5325,2017-07-19,West,United States,California,Technology,Laptop Computer,4,832.46,0.25,2497.38,-130.77,37.4009,-121.1218,First Class,Corporate
DC-103403,3028,2017-07-09,Northern Europe,United Kingdom,England,Furniture,Office Chair,5,148.81,0.186,605.66,102.11,52.8236,-2.0084,Same Day,Home Office
DC-103404,3286,2015-06-10,Oceania,Australia,New South Wales,Office Supplies,Printer Paper,5,613.59,0.176,2527.99,675.31,-34.4898,153.8773,Standard Class,Home Office
DC-103405,1027,2017-08-11,Central,United States,Texas,Furniture,Storage Cabinet,2,726.88,0.033,1405.79,202.13,30.3026,-99.935,Second Class,Consumer
DC-103406,6040,2015-02-05,Western Europe,France,Ile-de-France,Office Supplies,File Folder,3,826.91,0.145,2121.02,-183.93,46.9101,0.6805,First Class,Consumer
DC-103407,3076,2018-01-07,Western Europe,France,Ile-de-France,Technology,Laptop Computer,3,508.26,0.246,1149.68,285.59,49.9875,3.6207,First Class,Corporate
DC-103408,4532,2015-12-30,South,United States,Florida,Sports & Outdoors,Mountain Bike,2,787.67,0.293,1113.77,-73.97,28.5608,-80.8266,Standard Class,Consumer
DC-103409,2481,2015-07-06,Southeast Asia,Singapore,Singapore,Office Supplies,Stapler,1,884.44,0.007,878.25,139.37,1.7448,105.5893,First Class,Consumer
DC-103410,3673,2017-02-15,South,United States,Florida,Office Supplies,Pen Set,2,73.09,0.097,132.0,29.86,27.8723,-80.9715,Second Class,Consumer
DC-103411,5836,2016-01-05,Western Europe,France,Ile-de-France,Furniture,Conference Table,3,163.92,0.101,442.09,121.53,49.2762,0.6152,Second Class,Corporate
DC-103412,4356,2015-05-17,West,United States,California,Sports & Outdoors,Fitness Equipment,4,109.92,0.093,398.79,92.18,37.3481,-120.0937,Standard Class,Corporate
DC-103413,1812,2016-10-09,South Asia,India,Maharashtra,Technology,Bluetooth Headset,1,687.48,0.191,556.17,55.98,19.3861,75.859,Second Class,Home Office
DC-103414,2068,2015-05-09,East,United States,New York,Technology,Apple Smart Device,4,490.17,0.265,1441.1,-154.16,42.8682,-73.9736,Second Class,Corporate
DC-103415,4829,2018-01-11,West,United States,California,Furniture,Bookshelf,4,851.83,0.254,2541.86,-203.13,37.7805,-119.3958,Standard Class,Consumer
DC-103416,1234,2016-03-28,West,United States,California,Furniture,Storage Cabinet,1,835.91,0.002,834.24,229.18,37.6054,-118.8609,Standard Class,Consumer
DC-103417,5955,2016-07-25,West,United States,California,Technology,Wireless Keyboard,3,33.39,0.223,77.83,12.77,36.3368,-117.2729,Standard Class,Corporate
DC-103418,5863,2016-07-01,Central,United States,Texas,Furniture,Bookshelf,5,291.06,0.247,1095.84,6.86,29.3854,-98.0053,Second Class,Home Office
DC-103419,7020,2015-07-13,East,United States,New York,Furniture,Conference Table,3,385.47,0.15,982.95,241.47,41.1738,-73.9272,Second Class,Consumer
DC-103420,2397,2018-01-22,Oceania,Australia,New South Wales,Sports & Outdoors,Running Shoes,2,484.7,0.115,857.92,211.68,-35.4752,151.9655,Second Class,Consumer
DC-103421,1629,2016-11-23,Northern Europe,United Kingdom,England,Technology,Apple Smart Device,3,619.91,0.144,1591.93,194.57,54.4499,-3.1027,Second Class,Consumer
DC-103422,6095,2015-08-23,Western Europe,France,Ile-de-France,Office Supplies,Printer Paper,5,23.0,0.248,86.48,-2.95,47.2167,2.5697,Second Class,Corporate
DC-103423,5571,2017-10-26,Canada,Canada,Ontario,Office Supplies,Stapler,1,70.06,0.282,50.3,9.23,43.4764,-77.9786,Second Class,Consumer
DC-103424,1867,2015-05-08,Central,United States,Texas,Office Supplies,Pen Set,2,677.37,0.061,1272.1,197.33,32.9404,-98.3224,First Class,Corporate
DC-103425,1562,2015-09-07,East,United States,New York,Furniture,Storage Cabinet,3,99.17,0.044,284.42,-22.87,40.9947,-75.9771,Standard Class,Corporate
DC-103426,1373,2017-09-04,South Asia,India,Maharashtra,Sports & Outdoors,Fitness Equipment,4,466.14,0.047,1776.93,-128.49,16.605,75.0835,Standard Class,Home Office
DC-103427,2076,2016-10-18,Oceania,Australia,New South Wales,Furniture,Bookshelf,4,304.14,0.011,1203.18,107.87,-34.0473,152.4907,Second Class,Consumer
DC-103428,4420,2016-09-21,Canada,Canada,Ontario,Sports & Outdoors,Fitness Equipment,1,268.45,0.285,191.94,28.5,43.9954,-79.5116,Second Class,Corporate
DC-103429,2921,2015-08-30,Western Europe,France,Ile-de-France,Office Supplies,Pen Set,3,596.06,0.14,1537.83,346.77,50.4222,1.4706,Standard Class,Consumer
DC-103430,4475,2016-10-11,Oceania,Australia,New South Wales,Sports & Outdoors,Running Shoes,2,140.25,0.159,235.9,-10.51,-32.2391,149.5926,Standard Class,Consumer
DC-103431,3258,2016-12-20,South,United States,Florida,Sports & Outdoors,Fitness Equipment,4,714.33,0.024,2788.74,-127.35,25.1963,-80.2253,Standard Class,Consumer
DC-103432,6645,2016-12-06,Canada,Canada,Ontario,Furniture,Wooden Desk,1,758.06,0.26,560.96,135.76,41.6156,-78.3767,Second Class,Consumer
DC-103433,6427,2016-01-18,Oceania,Australia,New South Wales,Technology,Bluetooth Headset,1,294.23,0.211,232.15,-25.33,-35.1537,152.0157,First Class,Consumer
DC-103434,6972,2015-08-29,Central,United States,Texas,Sports & Outdoors,Camping Tent,1,470.04,0.079,432.91,-6.14,29.9362,-102.1223,Standard Class,Consumer
DC-103435,2719,2017-01-24,Canada,Canada,Ontario,Furniture,Wooden Desk,5,517.42,0.079,2382.72,621.53,44.5404,-80.7513,Standard Class,Home Office
DC-103436,4606,2017-11-23,Western Europe,France,Ile-de-France,Sports & Outdoors,Camping Tent,5,894.01,0.17,3710.14,-233.85,48.2135,2.8932,Standard Class,Consumer
DC-103437,1546,2015-12-24,West,United States,California,Sports & Outdoors,Sports Bag,4,797.82,0.058,3006.19,796.15,36.1366,-121.4837,Second Class,Consumer
DC-103438,7410,2016-09-14,Southeast Asia,Singapore,Singapore,Office Supplies,File Folder,2,270.96,0.093,491.52,88.26,2.0044,105.4692,Standard Class,Home Office
DC-103439,4975,2017-05-17,South Asia,India,Maharashtra,Sports & Outdoors,Running Shoes,1,38.85,0.291,27.54,4.73,19.0311,76.2527,Second Class,Consumer
DC-103440,4988,2015-11-22,East,United States,New York,Technology,Bluetooth Headset,4,157.8,0.106,564.29,-37.28,44.1721,-75.3183,Second Class,Consumer
DC-103441,1476,2015-12-07,South Asia,India,Maharashtra,Office Supplies,Notebook,4,119.84,0.194,386.36,85.9,20.5085,75.5249,Same Day,Consumer
DC-103442,3638,2016-01-28,Central,United States,Texas,Office Supplies,Printer Paper,1,220.5,0.178,181.25,18.11,31.7766,-100.3197,Standard Class,Consumer
DC-103443,2244,2016-07-28,South,United States,Florida,Office Supplies,File Folder,3,135.62,0.089,370.65,75.2,26.4007,-80.4081,Standard Class,Consumer
DC-103444,2575,2017-12-05,Central,United States,Texas,Furniture,Wooden Desk,5,869.19,0.28,3129.08,-72.9,30.9611,-100.2016,First Class,Consumer
DC-103445,1412,2017-03-22,Southeast Asia,Singapore,Singapore,Office Supplies,Notebook,1,307.6,0.288,219.01,36.45,1.341,102.0166,Second Class,Consumer
DC-103446,6843,2017-05-30,Northern Europe,United Kingdom,England,Sports & Outdoors,Sports Bag,3,207.63,0.11,554.37,150.36,50.6103,-1.0105,Standard Class,Corporate
DC-103447,6899,2016-01-27,Western Europe,France,Ile-de-France,Sports & Outdoors,Fitness Equipment,1,90.94,0.22,70.93,4.1,50.6495,0.7279,Standard Class,Consumer
DC-103448,4143,2016-03-12,Southeast Asia,Singapore,Singapore,Furniture,Bookshelf,4,246.49,0.258,731.58,-43.48,-0.2535,101.1778,Standard Class,Consumer
DC-103449,6312,2016-01-20,Canada,Canada,Ontario,Furniture,Office Chair,1,305.46,0.006,303.63,5.27,43.0994,-81.0591,Standard Class,Consumer
DC-103450,5146,2015-12-25,South Asia,India,Maharashtra,Sports & Outdoors,Fitness Equipment,5,642.9,0.102,2886.62,151.36,18.9666,74.9486,Standard Class,Home Office
DC-103451,3954,2017-06-10,South Asia,India,Maharashtra,Office Supplies,Notebook,4,270.82,0.005,1077.86,38.53,19.6305,72.192,Second Class,Home Office
DC-103452,1625,2017-03-01,Canada,Canada,Ontario,Technology,LED Monitor,4,519.42,0.231,1597.74,405.04,45.5081,-79.3251,Second Class,Consumer
DC-103453,6245,2016-02-19,South Asia,India,Maharashtra,Office Supplies,Notebook,4,246.68,0.031,956.13,-30.88,20.3534,74.6181,Standard Class,Corporate
DC-103454,5240,2015-08-26,South,United States,Florida,Sports & Outdoors,Mountain Bike,4,107.12,0.141,368.06,20.93,26.8751,-80.1434,Standard Class,Consumer
DC-103455,2404,2016-12-20,Oceania,Australia,New South Wales,Sports & Outdoors,Sports Bag,5,814.15,0.141,3496.77,-299.33,-35.72,151.5889,Standard Class,Consumer
DC-103456,4331,2015-09-26,South,United States,Florida,Sports & Outdoors,Fitness Equipment,3,880.5,0.0,2641.5,-138.28,28.6987,-81.4214,Standard Class,Home Office
DC-103457,7559,2016-05-30,Western Europe,France,Ile-de-France,Technology,LED Monitor,4,24.22,0.119,85.35,5.48,47.2818,1.3604,Second Class,Consumer
DC-103458,6633,2015-11-05,Northern Europe,United Kingdom,England,Sports & Outdoors,Running Shoes,4,695.96,0.085,2547.21,248.52,51.7559,-0.6489,First Class,Corporate
DC-103459,4135,2016-07-23,Central,United States,Texas,Sports & Outdoors,Sports Bag,5,309.06,0.071,1435.58,72.71,31.5813,-100.4124,Standard Class,Home Office
DC-103460,6493,2015-09-12,Oceania,Australia,New South Wales,Technology,LED Monitor,5,787.35,0.216,3086.41,31.77,-36.2482,149.0328,Standard Class,Consumer
DC-103461,6216,2017-08-29,South Asia,India,Maharashtra,Technology,Bluetooth Headset,1,63.43,0.051,60.2,14.47,21.2223,78.121,First Class,Consumer
DC-103462,3705,2015-10-01,West,United States,California,Furniture,Office Chair,5,615.11,0.011,3041.72,-203.89,36.6997,-120.5336,Second Class,Consumer
DC-103463,5389,2015-09-09,Central,United States,Texas,Office Supplies,Pen Set,4,869.66,0.294,2455.92,663.97,30.8125,-99.8389,Standard Class,Consumer
DC-103464,2422,2016-08-28,Western Europe,France,Ile-de-France,Office Supplies,Notebook,1,52.43,0.012,51.8,3.01,49.9272,1.574,Standard Class,Corporate
DC-103465,1359,2015-06-01,South Asia,India,Maharashtra,Furniture,Office Chair,4,582.01,0.27,1699.47,262.86,19.9247,74.7015,Standard Class,Home Office
DC-103466,7974,2018-01-19,Western Europe,France,Ile-de-France,Sports & Outdoors,Fitness Equipment,5,325.94,0.15,1385.24,166.48,46.7509,5.1623,Standard Class,Corporate
DC-103467,1143,2016-01-05,Central,United States,Texas,Office Supplies,Stapler,4,48.07,0.157,162.09,12.52,28.7358,-100.82,Second Class,Consumer
DC-103468,2905,2017-09-01,South,United States,Florida,Technology,Laptop Computer,4,525.96,0.035,2030.21,368.28,27.1915,-78.3817,Second Class,Home Office
DC-103469,3409,2016-12-02,Southeast Asia,Singapore,Singapore,Furniture,Bookshelf,5,801.92,0.115,3548.5,83.9,2.7356,103.6074,Standard Class,Consumer
DC-103470,1626,2015-06-02,Western Europe,France,Ile-de-France,Sports & Outdoors,Camping Tent,5,722.14,0.231,2776.63,39.24,48.9883,0.9365,Standard Class,Consumer
DC-103471,1533,2016-10-01,Oceania,Australia,New South Wales,Sports & Outdoors,Fitness Equipment,1,267.1,0.234,204.6,14.5,-33.5807,150.1462,Standard Class,Consumer
DC-103472,5474,2017-05-12,Canada,Canada,Ontario,Sports & Outdoors,Camping Tent,2,503.81,0.044,963.28,241.22,42.3102,-79.3516,Standard Class,Corporate
DC-103473,3181,2017-04-03,West,United States,California,Office Supplies,Notebook,1,854.84,0.013,843.73,158.98,36.5558,-120.3029,Standard Class,Home Office
DC-103474,1682,2016-04-09,West,United States,California,Furniture,Office Chair,3,732.31,0.168,1827.85,-70.32,35.953,-118.3095,Standard Class,Consumer
DC-103475,6626,2016-04-11,South Asia,India,Maharashtra,Technology,Wireless Keyboard,5,253.41,0.149,1078.26,214.15,20.9401,73.5093,Standard Class,Corporate
DC-103476,2240,2016-05-31,Western Europe,France,Ile-de-France,Technology,Laptop Computer,5,833.93,0.073,3865.27,-427.81,46.9797,2.8173,Same Day,Corporate
DC-103477,7173,2018-01-01,Northern Europe,United Kingdom,England,Technology,LED Monitor,3,196.74,0.214,463.91,-21.04,50.8241,2.3459,Same Day,Corporate
DC-103478,4906,2016-09-06,Northern Europe,United Kingdom,England,Technology,Apple Smart Device,5,381.08,0.188,1547.18,124.35,52.0713,0.2673,Second Class,Corporate
DC-103479,3803,2017-06-11,South Asia,India,Maharashtra,Sports & Outdoors,Fitness Equipment,5,406.07,0.051,1926.8,187.29,19.5193,75.9533,Standard Class,Corporate
DC-103480,1665,2017-06-06,East,United States,New York,Furniture,Office Chair,1,801.65,0.081,736.72,-26.21,44.4492,-71.7938,Standard Class,Consumer
DC-103481,3415,2017-01-31,South Asia,India,Maharashtra,Technology,Apple Smart Device,2,394.38,0.29,560.02,136.97,19.0052,75.5005,Second Class,Home Office
DC-103482,2371,2016-01-14,West,United States,California,Office Supplies,Printer Paper,4,141.65,0.213,445.91,-42.76,37.3183,-118.7065,First Class,Home Office
DC-103483,4620,2016-10-03,Western Europe,France,Ile-de-France,Technology,Apple Smart Device,3,119.59,0.15,304.95,-31.03,50.3295,1.8642,Standard Class,Consumer
DC-103484,5925,2015-02-24,Canada,Canada,Ontario,Sports & Outdoors,Sports Bag,1,896.7,0.105,802.55,117.24,41.9997,-79.6693,Second Class,Consumer
DC-103485,5470,2017-11-12,Oceania,Australia,New South Wales,Office Supplies,Pen Set,5,756.19,0.18,3100.38,196.07,-33.7716,151.494,Second Class,Home Office
DC-103486,7525,2015-01-07,West,United States,California,Sports & Outdoors,Fitness Equipment,4,686.61,0.182,2246.59,400.65,37.0485,-119.0661,Second Class,Corporate
DC-103487,5473,2016-07-17,Canada,Canada,Ontario,Sports & Outdoors,Sports Bag,2,524.08,0.127,915.04,-50.13,43.9908,-77.2706,Same Day,Consumer
DC-103488,6418,2016-01-03,South Asia,India,Maharashtra,Office Supplies,Pen Set,5,288.97,0.206,1147.21,19.68,20.8898,75.4227,Standard Class,Consumer
DC-103489,5131,2015-09-15,East,United States,New York,Technology,Apple Smart Device,4,759.01,0.29,2155.59,378.26,43.4646,-73.2696,First Class,Consumer
DC-103490,2727,2015-07-08,West,United States,California,Office Supplies,Notebook,3,269.03,0.204,642.44,160.65,38.4588,-119.5286,Standard Class,Corporate
DC-103491,1641,2017-03-31,South,United States,Florida,Sports & Outdoors,Camping Tent,5,313.15,0.244,1183.71,-137.4,28.902,-83.3313,Standard Class,Corporate
DC-103492,4101,2017-06-20,Western Europe,France,Ile-de-France,Office Supplies,Pen Set,1,775.45,0.152,657.58,35.85,48.9965,2.8463,Second Class,Corporate
DC-103493,2495,2016-11-19,Central,United States,Texas,Furniture,Office Chair,3,865.98,0.118,2291.38,635.06,31.8693,-100.7583,Standard Class,Home Office
DC-103494,6571,2016-02-08,Central,United States,Texas,Technology,Laptop Computer,4,666.66,0.073,2471.98,471.68,30.9783,-98.9923,Standard Class,Corporate
DC-103495,4262,2015-03-06,Southeast Asia,Singapore,Singapore,Sports & Outdoors,Fitness Equipment,1,651.87,0.022,637.53,-13.71,1.6473,105.8706,Standard Class,Consumer
DC-103496,5769,2015-10-19,Northern Europe,United Kingdom,England,Office Supplies,Pen Set,1,39.84,0.284,28.53,-0.63,52.6966,-1.7543,Standard Class,Corporate
DC-103497,1766,2015-02-27,South,United States,Florida,Sports & Outdoors,Mountain Bike,2,864.35,0.021,1692.4,-156.94,25.38,-80.1744,First Class,Consumer
DC-103498,5905,2015-03-25,Central,United States,Texas,Office Supplies,Pen Set,4,82.11,0.268,240.42,-14.13,32.4397,-101.1634,Standard Class,Corporate
DC-103499,1139,2018-01-14,Northern Europe,United Kingdom,England,Technology,LED Monitor,3,19.15,0.229,44.29,7.54,51.9019,-0.7109,First Class,Consumer
DC-103500,4875,2015-12-19,East,United States,New York,Sports & Outdoors,Running Shoes,1,432.92,0.024,422.53,17.7,42.4126,-74.8275,Standard Class,Consumer
DC-103501,5530,2017-07-28,Northern Europe,United Kingdom,England,Sports & Outdoors,Running Shoes,3,63.15,0.099,170.69,-17.25,53.1657,2.3881,Second Class,Consumer
DC-103502,7096,2017-10-24,Central,United States,Texas,Sports & Outdoors,Fitness Equipment,4,153.92,0.083,564.58,29.78,29.7656,-101.331,Standard Class,Consumer
DC-103503,7437,2017-04-04,Northern Europe,United Kingdom,England,Technology,Laptop Computer,1,204.43,0.167,170.29,9.21,52.9455,-3.1573,Standard Class,Home Office
DC-103504,6599,2016-12-12,South,United States,Florida,Technology,Apple Smart Device,2,303.69,0.082,557.57,-33.64,28.7139,-81.0757,Second Class,Corporate
DC-103505,7447,2015-05-18,East,United States,New York,Sports & Outdoors,Fitness Equipment,1,403.18,0.273,293.11,71.56,43.1255,-74.3414,Second Class,Home Office
DC-103506,6550,2016-02-10,Oceania,Australia,New South Wales,Furniture,Wooden Desk,4,828.25,0.026,3226.86,886.6,-33.7667,152.8032,Second Class,Corporate
DC-103507,6145,2017-03-02,West,United States,California,Office Supplies,Notebook,3,776.01,0.142,1997.45,522.01,37.342,-120.5898,Standard Class,Consumer
DC-103508,7847,2015-12-12,Western Europe,France,Ile-de-France,Office Supplies,Stapler,2,150.75,0.119,265.62,31.49,49.8383,3.6731,First Class,Consumer
DC-103509,7644,2015-01-18,Western Europe,France,Ile-de-France,Technology,Bluetooth Headset,3,249.26,0.219,584.02,101.66,49.9405,2.4467,Standard Class,Home Office
DC-103510,7940,2017-06-30,West,United States,California,Technology,Wireless Keyboard,1,395.01,0.123,346.42,-4.93,36.1622,-118.2834,First Class,Consumer
DC-103511,6040,2017-01-07,Northern Europe,United Kingdom,England,Office Supplies,Printer Paper,3,227.39,0.258,506.17,93.45,51.7616,0.02,Standard Class,Consumer
DC-103512,2365,2017-06-12,Canada,Canada,Ontario,Technology,Laptop Computer,4,448.13,0.028,1742.33,327.34,42.1589,-78.7767,Second Class,Consumer
DC-103513,6135,2017-08-25,West,United States,California,Technology,Apple Smart Device,1,423.14,0.264,311.43,66.98,36.4177,-115.2357,Standard Class,Consumer
DC-103514,2948,2017-09-19,Southeast Asia,Singapore,Singapore,Technology,Wireless Keyboard,4,307.42,0.291,871.84,132.12,1.6988,106.3458,Second Class,Home Office
DC-103515,2769,2016-09-25,Western Europe,France,Ile-de-France,Technology,LED Monitor,4,250.72,0.274,728.09,-41.55,48.1122,1.3574,Standard Class,Consumer
DC-103516,6847,2016-06-27,Western Europe,France,Ile-de-France,Technology,Bluetooth Headset,3,815.5,0.134,2118.67,148.43,48.5037,4.7664,First Class,Consumer
DC-103517,1808,2015-07-10,South,United States,Florida,Office Supplies,Pen Set,3,773.41,0.213,1826.02,319.07,30.4974,-81.9206,Standard Class,Consumer
DC-103518,2712,2016-02-02,Western Europe,France,Ile-de-France,Sports & Outdoors,Camping Tent,5,42.81,0.041,205.27,11.23,49.3519,3.1361,First Class,Consumer
DC-103519,6841,2015-07-17,West,United States,California,Sports & Outdoors,Camping Tent,5,392.22,0.145,1676.74,198.2,36.2582,-118.3126,Standard Class,Corporate
DC-103520,4850,2015-01-31,Southeast Asia,Singapore,Singapore,Office Supplies,File Folder,3,477.82,0.235,1096.6,179.7,1.5033,103.1452,First Class,Home Office
DC-103521,6502,2015-12-09,Northern Europe,United Kingdom,England,Furniture,Storage Cabinet,1,898.28,0.087,820.13,75.85,53.0468,-0.4695,Standard Class,Corporate
DC-103522,4807,2016-04-10,Oceania,Australia,New South Wales,Sports & Outdoors,Camping Tent,3,13.28,0.243,30.16,4.48,-34.354,151.1864,Second Class,Consumer
DC-103523,4613,2017-02-08,South Asia,India,Maharashtra,Office Supplies,Printer Paper,1,448.69,0.188,364.34,29.34,20.7858,75.6511,Standard Class,Corporate
DC-103524,4426,2016-08-19,Northern Europe,United Kingdom,England,Office Supplies,Pen Set,5,559.83,0.193,2258.91,26.93,50.1113,-0.78,Second Class,Corporate
DC-103525,1728,2016-02-03,Southeast Asia,Singapore,Singapore,Technology,Apple Smart Device,1,764.36,0.211,603.08,2.57,1.8273,104.2808,Second Class,Consumer
DC-103526,2940,2017-06-06,Western Europe,France,Ile-de-France,Office Supplies,Pen Set,4,705.83,0.115,2498.64,471.77,47.5494,1.8756,Second Class,Corporate
DC-103527,4511,2016-04-25,Western Europe,France,Ile-de-France,Furniture,Office Chair,3,577.74,0.051,1644.83,-56.51,48.5785,-0.0457,Standard Class,Consumer
DC-103528,7309,2017-11-02,Oceania,Australia,New South Wales,Office Supplies,Pen Set,1,370.21,0.17,307.27,31.19,-32.1194,149.802,Standard Class,Consumer
DC-103529,4560,2017-12-05,Western Europe,France,Ile-de-France,Sports & Outdoors,Running Shoes,3,65.15,0.1,175.91,9.1,49.0052,1.9946,Second Class,Consumer
DC-103530,6994,2015-07-31,West,United States,California,Sports & Outdoors,Mountain Bike,4,236.45,0.296,665.84,-28.99,35.0133,-118.4547,Same Day,Consumer
DC-103531,3311,2017-11-10,Central,United States,Texas,Technology,Bluetooth Headset,1,203.72,0.243,154.22,-2.39,30.2889,-100.8641,Standard Class,Consumer
DC-103532,6073,2015-02-21,Western Europe,France,Ile-de-France,Furniture,Conference Table,4,839.45,0.222,2612.37,473.04,48.3195,1.0999,Second Class,Consumer
DC-103533,7046,2016-03-19,Central,United States,Texas,Office Supplies,Notebook,5,875.79,0.044,4186.28,59.35,31.272,-99.5253,Standard Class,Consumer
DC-103534,4721,2018-01-28,Northern Europe,United Kingdom,England,Technology,Bluetooth Headset,2,611.87,0.111,1087.9,94.71,53.1647,-0.4169,Standard Class,Home Office
DC-103535,1626,2015-08-05,East,United States,New York,Furniture,Conference Table,4,411.12,0.102,1476.74,31.26,42.1911,-76.0781,Second Class,Home Office
DC-103536,3184,2016-10-31,South Asia,India,Maharashtra,Sports & Outdoors,Running Shoes,5,490.04,0.19,1984.66,263.73,20.4009,74.5995,Standard Class,Consumer
DC-103537,5429,2015-08-24,Western Europe,France,Ile-de-France,Technology,Wireless Keyboard,5,230.33,0.261,851.07,-99.17,48.3487,1.167,Second Class,Corporate
DC-103538,1249,2016-06-29,South Asia,India,Maharashtra,Office Supplies,Stapler,1,614.18,0.037,591.46,38.16,18.0994,77.7748,Standard Class,Corporate
DC-103539,7108,2016-07-11,South,United States,Florida,Technology,Bluetooth Headset,4,488.01,0.141,1676.8,-112.69,29.4398,-81.0667,Standard Class,Consumer
DC-103540,7719,2017-03-08,Canada,Canada,Ontario,Sports & Outdoors,Fitness Equipment,4,480.69,0.292,1361.31,128.69,44.4006,-80.7719,First Class,Corporate
DC-103541,7113,2018-01-13,East,United States,New York,Furniture,Wooden Desk,2,54.07,0.219,84.46,9.89,41.055,-73.3642,First Class,Corporate
DC-103542,6498,2015-09-26,South,United States,Florida,Technology,Wireless Keyboard,2,461.33,0.066,861.76,199.78,26.9945,-83.5917,Standard Class,Corporate
DC-103543,1816,2015-06-21,Western Europe,France,Ile-de-France,Furniture,Bookshelf,1,278.88,0.12,245.41,42.08,47.634,5.3458,Standard Class,Corporate
DC-103544,3103,2015-12-26,Southeast Asia,Singapore,Singapore,Technology,Apple Smart Device,3,210.53,0.194,509.06,28.93,1.344,103.8291,Standard Class,Corporate
DC-103545,6206,2015-03-31,Oceania,Australia,New South Wales,Technology,Bluetooth Headset,4,500.99,0.183,1637.24,-78.26,-32.3968,152.0765,Standard Class,Consumer
DC-103546,4043,2015-10-09,East,United States,New York,Furniture,Conference Table,1,28.21,0.133,24.46,6.23,41.6464,-73.1559,Standard Class,Consumer
DC-103547,1439,2016-09-23,Central,United States,Texas,Furniture,Wooden Desk,1,562.67,0.098,507.53,71.3,28.9124,-99.7921,Standard Class,Consumer
DC-103548,1693,2015-02-02,South Asia,India,Maharashtra,Sports & Outdoors,Sports Bag,1,436.17,0.169,362.46,23.03,19.5265,75.3902,Second Class,Corporate
DC-103549,5569,2015-07-13,East,United States,New York,Technology,Wireless Keyboard,1,379.66,0.192,306.77,41.52,40.9713,-75.6993,Second Class,Corporate
DC-103550,4128,2016-02-10,Northern Europe,United Kingdom,England,Sports & Outdoors,Fitness Equipment,4,779.9,0.093,2829.48,-293.87,51.4028,0.9201,First Class,Consumer
DC-103551,4592,2016-04-23,Canada,Canada,Ontario,Office Supplies,Printer Paper,2,377.06,0.074,698.32,-36.0,43.7608,-81.4723,Standard Class,Consumer
DC-103552,3991,2017-01-14,Central,United States,Texas,Sports & Outdoors,Sports Bag,3,454.67,0.109,1215.33,44.81,30.7585,-98.8835,Standard Class,Home Office
DC-103553,4353,2016-06-21,Northern Europe,United Kingdom,England,Office Supplies,Printer Paper,3,224.32,0.292,476.46,61.06,50.9165,-2.5329,Second Class,Home Office
DC-103554,1595,2015-12-22,Oceania,Australia,New South Wales,Office Supplies,Notebook,5,267.0,0.194,1076.01,189.24,-34.4243,152.4167,Standard Class,Corporate
DC-103555,3750,2015-08-20,Central,United States,Texas,Office Supplies,File Folder,2,829.9,0.186,1351.08,-72.82,30.9749,-100.3938,Standard Class,Corporate
DC-103556,2151,2015-09-26,Western Europe,France,Ile-de-France,Technology,Apple Smart Device,4,785.06,0.067,2929.84,-61.64,49.3948,3.7922,Second Class,Consumer
DC-103557,5799,2016-09-13,South Asia,India,Maharashtra,Technology,Wireless Keyboard,1,74.01,0.298,51.96,12.48,20.1569,76.953,Standard Class,Corporate
DC-103558,1199,2017-09-21,South,United States,Florida,Office Supplies,Stapler,5,153.71,0.208,608.69,-8.14,27.3208,-79.4907,First Class,Corporate
DC-103559,7403,2016-09-01,Southeast Asia,Singapore,Singapore,Furniture,Office Chair,2,269.66,0.204,429.3,63.12,2.7708,103.4718,Second Class,Corporate
DC-103560,4315,2017-05-14,South,United States,Florida,Sports & Outdoors,Camping Tent,3,159.65,0.213,376.93,32.28,27.0976,-81.3982,Second Class,Consumer
DC-103561,1162,2015-08-13,East,United States,New York,Technology,Apple Smart Device,1,155.71,0.21,123.01,28.46,42.5221,-74.477,Second Class,Corporate
DC-103562,2861,2015-10-21,South,United States,Florida,Furniture,Wooden Desk,2,753.5,0.122,1323.15,91.94,30.3141,-78.9951,Standard Class,Consumer
DC-103563,1662,2016-08-13,Oceania,Australia,New South Wales,Furniture,Storage Cabinet,2,657.07,0.238,1001.37,224.64,-32.8814,150.7388,Standard Class,Consumer
DC-103564,7352,2017-08-18,Northern Europe,United Kingdom,England,Technology,LED Monitor,2,468.02,0.094,848.05,-7.78,51.0481,-1.5785,Second Class,Home Office
DC-103565,2029,2017-10-14,Central,United States,Texas,Sports & Outdoors,Fitness Equipment,5,359.24,0.267,1316.61,-89.76,29.9496,-99.2975,Standard Class,Consumer
DC-103566,6304,2015-03-23,Southeast Asia,Singapore,Singapore,Technology,LED Monitor,4,271.79,0.042,1041.5,257.58,2.2122,102.9617,Standard Class,Consumer
DC-103567,3434,2015-01-13,Western Europe,France,Ile-de-France,Furniture,Conference Table,1,514.47,0.019,504.7,-10.88,48.8577,2.0413,First Class,Consumer
DC-103568,7288,2017-03-11,South,United States,Florida,Sports & Outdoors,Fitness Equipment,3,177.23,0.154,449.81,82.88,26.0891,-81.4055,Second Class,Consumer
DC-103569,6881,2015-08-07,Canada,Canada,Ontario,Furniture,Bookshelf,3,366.62,0.269,804.0,19.9,44.6375,-75.0708,Standard Class,Consumer
DC-103570,1536,2016-07-18,South Asia,India,Maharashtra,Technology,Apple Smart Device,5,771.5,0.218,3016.57,717.02,19.4388,77.7927,Standard Class,Consumer
DC-103571,3867,2016-10-14,Northern Europe,United Kingdom,England,Furniture,Office Chair,5,91.93,0.249,345.2,83.55,52.4274,-0.1216,First Class,Corporate
DC-103572,3679,2015-10-14,Central,United States,Texas,Office Supplies,Notebook,3,33.02,0.093,89.85,-3.54,30.7853,-100.7514,Second Class,Consumer
DC-103573,7077,2016-04-25,Southeast Asia,Singapore,Singapore,Furniture,Office Chair,4,536.83,0.057,2024.92,-215.0,-1.4708,102.527,Standard Class,Consumer
DC-103574,3815,2015-11-08,Western Europe,France,Ile-de-France,Sports & Outdoors,Fitness Equipment,1,61.17,0.136,52.85,5.22,48.9365,-0.7192,Standard Class,Home Office
DC-103575,2897,2016-10-01,East,United States,New York,Technology,Bluetooth Headset,4,242.01,0.027,941.9,-40.18,44.9129,-75.5025,Same Day,Consumer
DC-103576,2647,2016-09-27,Central,United States,Texas,Technology,Laptop Computer,3,810.6,0.149,2069.46,-41.69,29.9851,-99.2255,Standard Class,Consumer
DC-103577,6118,2017-08-10,Central,United States,Texas,Furniture,Bookshelf,4,777.27,0.151,2639.61,122.23,31.5288,-98.0564,Second Class,Consumer
DC-103578,6858,2015-09-11,Southeast Asia,Singapore,Singapore,Technology,LED Monitor,3,616.01,0.051,1753.78,79.95,-0.5031,101.5894,Standard Class,Consumer
DC-103579,2752,2016-01-08,East,United States,New York,Sports & Outdoors,Sports Bag,4,21.81,0.291,61.85,4.75,42.9883,-75.5166,Second Class,Consumer
DC-103580,2728,2015-10-05,Southeast Asia,Singapore,Singapore,Furniture,Storage Cabinet,4,111.25,0.076,411.18,23.39,1.0582,105.0338,Standard Class,Consumer
DC-103581,6101,2016-11-16,Western Europe,France,Ile-de-France,Furniture,Office Chair,4,665.26,0.223,2067.63,-131.91,46.0605,1.0933,Second Class,Corporate
DC-103582,2403,2016-07-01,Central,United States,Texas,Sports & Outdoors,Sports Bag,2,51.93,0.047,98.98,-5.57,28.6858,-102.9148,First Class,Home Office
DC-103583,5490,2016-12-29,Northern Europe,United Kingdom,England,Furniture,Wooden Desk,1,842.57,0.023,823.19,7.71,52.7343,-1.1368,Standard Class,Home Office
DC-103584,7161,2018-01-10,Central,United States,Texas,Furniture,Conference Table,1,30.99,0.227,23.96,-1.35,30.5205,-100.9099,First Class,Home Office
DC-103585,6735,2017-12-15,West,United States,California,Sports & Outdoors,Running Shoes,1,465.72,0.051,441.97,112.16,36.3332,-119.5061,Standard Class,Home Office
DC-103586,4937,2015-09-20,East,United States,New York,Sports & Outdoors,Mountain Bike,1,296.87,0.255,221.17,46.16,42.6085,-74.6685,First Class,Corporate
DC-103587,5690,2017-06-24,Central,United States,Texas,Sports & Outdoors,Camping Tent,5,300.11,0.067,1400.01,208.33,32.2915,-98.042,Standard Class,Home Office
DC-103588,1228,2016-04-18,Oceania,Australia,New South Wales,Office Supplies,Printer Paper,5,192.78,0.013,951.37,263.04,-33.2974,150.8254,Standard Class,Home Office
DC-103589,1655,2015-02-08,South Asia,India,Maharashtra,Technology,Laptop Computer,1,824.78,0.123,723.33,-16.72,19.1894,74.0403,Standard Class,Corporate
DC-103590,1161,2016-11-10,Southeast Asia,Singapore,Singapore,Furniture,Storage Cabinet,2,169.81,0.045,324.34,70.44,1.9338,101.5621,Standard Class,Consumer
DC-103591,1254,2015-01-24,Southeast Asia,Singapore,Singapore,Sports & Outdoors,Mountain Bike,3,685.89,0.287,1467.12,14.18,1.3598,104.4984,First Class,Corporate
DC-103592,5938,2016-07-21,South Asia,India,Maharashtra,Office Supplies,Pen Set,5,261.13,0.029,1267.79,-112.65,21.0487,75.676,Second Class,Consumer
DC-103593,1161,2015-12-15,South Asia,India,Maharashtra,Technology,Laptop Computer,3,378.74,0.087,1037.37,-101.74,19.4261,76.6353,Standard Class,Consumer
DC-103594,5276,2015-02-26,Northern Europe,United Kingdom,England,Office Supplies,Pen Set,2,551.47,0.045,1053.31,171.31,51.3334,1.2806,First Class,Home Office
DC-103595,2414,2016-03-25,South Asia,India,Maharashtra,Office Supplies,Printer Paper,4,737.02,0.219,2302.45,143.28,20.1658,73.0182,Second Class,Corporate
DC-103596,6827,2017-08-21,East,United States,New York,Furniture,Storage Cabinet,5,606.77,0.269,2217.74,193.97,42.9591,-75.9585,Standard Class,Corporate
DC-103597,2157,2017-07-18,South Asia,India,Maharashtra,Furniture,Bookshelf,5,74.93,0.23,288.48,-17.75,18.1929,77.4086,First Class,Consumer
DC-103598,4950,2016-06-17,Central,United States,Texas,Office Supplies,Notebook,4,733.66,0.223,2280.22,-104.93,30.0806,-102.1798,Standard Class,Consumer
DC-103599,4763,2017-07-07,West,United States,California,Technology,LED Monitor,2,654.33,0.08,1203.97,124.66,34.6531,-120.251,Second Class,Consumer
DC-103600,3844,2017-06-17,Northern Europe,United Kingdom,England,Furniture,Conference Table,4,378.24,0.243,1145.31,295.69,53.0894,-2.2185,Same Day,Consumer
DC-103601,4717,2017-10-06,Oceania,Australia,New South Wales,Sports & Outdoors,Running Shoes,5,810.67,0.009,4016.87,673.79,-34.5549,153.937,First Class,Home Office
DC-103602,3486,2015-08-28,Oceania,Australia,New South Wales,Technology,Laptop Computer,3,467.01,0.114,1241.31,167.94,-33.0456,152.3842,Standard Class,Consumer
DC-103603,1408,2017-10-16,Central,United States,Texas,Office Supplies,File Folder,2,531.68,0.038,1022.95,122.33,31.0655,-100.3896,Same Day,Corporate
DC-103604,5722,2015-04-26,Northern Europe,United Kingdom,England,Sports & Outdoors,Sports Bag,4,249.61,0.29,708.89,-51.89,52.1006,-2.6956,Standard Class,Consumer
DC-103605,2083,2016-07-16,Western Europe,France,Ile-de-France,Office Supplies,File Folder,3,682.27,0.223,1590.37,59.9,47.0468,2.873,Standard Class,Consumer
DC-103606,6713,2018-01-29,Central,United States,Texas,Sports & Outdoors,Mountain Bike,5,416.16,0.185,1695.85,421.0,32.2311,-99.3795,Standard Class,Corporate
DC-103607,5008,2016-06-05,Canada,Canada,Ontario,Sports & Outdoors,Camping Tent,1,870.31,0.087,794.59,84.71,46.9919,-77.4238,Standard Class,Home Office
DC-103608,6452,2015-08-16,South,United States,Florida,Technology,Laptop Computer,4,90.27,0.012,356.75,35.75,27.138,-84.2112,Same Day,Consumer
DC-103609,7816,2017-08-01,East,United States,New York,Furniture,Wooden Desk,1,869.54,0.214,683.46,47.31,43.7232,-73.6364,Standard Class,Corporate
DC-103610,7185,2017-06-01,Southeast Asia,Singapore,Singapore,Sports & Outdoors,Running Shoes,3,153.95,0.265,339.46,-33.57,1.064,103.3796,Second Class,Corporate
DC-103611,7739,2017-06-14,Western Europe,France,Ile-de-France,Technology,Apple Smart Device,3,657.15,0.14,1695.45,-197.89,46.9009,4.437,Standard Class,Consumer
DC-103612,6867,2018-01-26,Central,United States,Texas,Sports & Outdoors,Camping Tent,1,291.86,0.262,215.39,10.44,31.1756,-100.8098,Standard Class,Home Office
DC-103613,5607,2017-05-15,West,United States,California,Technology,Wireless Keyboard,2,98.67,0.192,159.45,-4.13,35.1083,-119.15,Standard Class,Consumer
DC-103614,4631,2015-03-22,Canada,Canada,Ontario,Technology,Laptop Computer,4,126.86,0.051,481.56,54.15,44.5907,-78.4228,Standard Class,Consumer
DC-103615,2525,2017-01-30,South Asia,India,Maharashtra,Office Supplies,Printer Paper,5,588.1,0.024,2869.93,724.44,19.7157,76.8446,Second Class,Consumer
DC-103616,5492,2015-12-28,South Asia,India,Maharashtra,Technology,Apple Smart Device,5,70.42,0.06,330.97,0.84,21.8992,75.026,Standard Class,Consumer
DC-103617,3539,2015-01-25,Southeast Asia,Singapore,Singapore,Sports & Outdoors,Mountain Bike,3,567.07,0.159,1430.72,139.99,1.0899,102.6986,Standard Class,Consumer
DC-103618,7796,2017-11-30,Southeast Asia,Singapore,Singapore,Technology,Apple Smart Device,4,495.72,0.221,1544.66,283.24,0.9093,103.7934,Standard Class,Consumer
DC-103619,3076,2017-05-10,South Asia,India,Maharashtra,Office Supplies,Printer Paper,1,809.72,0.036,780.57,-81.2,19.594,76.7805,Standard Class,Consumer
DC-103620,7993,2015-11-09,Canada,Canada,Ontario,Furniture,Wooden Desk,2,70.97,0.132,123.2,6.55,44.7307,-82.1058,Same Day,Consumer
DC-103621,1165,2017-02-19,Western Europe,France,Ile-de-France,Sports & Outdoors,Fitness Equipment,4,27.92,0.247,84.1,-2.99,48.2869,3.1797,Standard Class,Consumer
DC-103622,7421,2017-07-22,Southeast Asia,Singapore,Singapore,Furniture,Conference Table,5,745.19,0.143,3193.14,394.38,2.8458,103.0489,Standard Class,Consumer
DC-103623,3370,2017-04-16,East,United States,New York,Sports & Outdoors,Camping Tent,4,263.65,0.207,836.3,205.88,43.8216,-75.2006,Standard Class,Corporate
DC-103624,4018,2016-12-10,West,United States,California,Technology,Bluetooth Headset,5,500.46,0.299,1754.11,205.31,35.5933,-117.6651,First Class,Corporate
DC-103625,6623,2017-02-10,Western Europe,France,Ile-de-France,Technology,Laptop Computer,2,489.25,0.25,733.88,171.73,48.2754,0.3982,Standard Class,Consumer
DC-103626,6523,2017-04-14,South Asia,India,Maharashtra,Office Supplies,Pen Set,3,599.01,0.247,1353.16,-32.63,20.7252,75.4932,Second Class,Home Office
DC-103627,4672,2015-08-17,South Asia,India,Maharashtra,Sports & Outdoors,Camping Tent,5,160.59,0.165,670.46,109.33,18.2351,75.3924,Second Class,Consumer
DC-103628,5313,2016-09-22,Oceania,Australia,New South Wales,Technology,LED Monitor,3,640.48,0.183,1569.82,199.44,-33.9295,150.5854,Standard Class,Consumer
DC-103629,5288,2015-03-02,Canada,Canada,Ontario,Technology,Bluetooth Headset,3,865.65,0.108,2316.48,612.25,43.1756,-78.9498,Second Class,Home Office
DC-103630,2450,2016-02-28,Oceania,Australia,New South Wales,Technology,Wireless Keyboard,1,464.41,0.024,453.26,25.14,-33.7487,148.8365,Standard Class,Corporate
DC-103631,6450,2016-04-08,South,United States,Florida,Furniture,Wooden Desk,4,423.73,0.003,1689.84,118.85,25.9262,-79.9489,Standard Class,Consumer
DC-103632,3289,2016-07-02,Canada,Canada,Ontario,Sports & Outdoors,Fitness Equipment,3,597.6,0.163,1500.57,187.15,43.0113,-78.9221,Standard Class,Consumer
DC-103633,1702,2017-04-21,Central,United States,Texas,Technology,Bluetooth Headset,3,125.76,0.172,312.39,5.6,32.5636,-101.9643,Standard Class,Corporate
DC-103634,5837,2017-10-11,Southeast Asia,Singapore,Singapore,Furniture,Bookshelf,4,820.55,0.086,2999.93,528.33,2.0154,102.737,Standard Class,Consumer
DC-103635,6517,2017-10-17,Canada,Canada,Ontario,Technology,Bluetooth Headset,2,833.94,0.005,1659.54,211.87,44.6698,-79.9614,Second Class,Consumer
DC-103636,1810,2017-06-27,Oceania,Australia,New South Wales,Furniture,Storage Cabinet,5,182.96,0.018,898.33,-104.81,-35.4967,149.8921,First Class,Home Office
DC-103637,2956,2015-05-06,East,United States,New York,Technology,Bluetooth Headset,4,469.69,0.07,1747.25,44.53,42.0815,-73.6894,First Class,Consumer
DC-103638,1869,2015-04-06,South Asia,India,Maharashtra,Furniture,Storage Cabinet,2,391.12,0.023,764.25,107.99,21.1326,75.195,Standard Class,Consumer
DC-103639,3137,2016-04-27,South,United States,Florida,Technology,LED Monitor,3,177.76,0.158,449.02,125.32,29.6652,-81.3386,First Class,Home Office
DC-103640,2645,2016-05-21,Western Europe,France,Ile-de-France,Sports & Outdoors,Fitness Equipment,2,677.16,0.061,1271.71,276.23,48.8723,3.1911,Standard Class,Home Office
DC-103641,6119,2016-02-15,Western Europe,France,Ile-de-France,Sports & Outdoors,Camping Tent,1,125.05,0.144,107.04,8.61,45.9461,4.1313,Standard Class,Consumer
DC-103642,3538,2015-05-25,Western Europe,France,Ile-de-France,Technology,Laptop Computer,1,699.42,0.043,669.34,34.47,50.2704,2.3847,Standard Class,Corporate
DC-103643,1154,2017-08-31,Central,United States,Texas,Furniture,Bookshelf,3,736.08,0.04,2119.91,435.05,31.759,-97.9171,First Class,Consumer
DC-103644,1324,2016-05-25,Canada,Canada,Ontario,Technology,Bluetooth Headset,2,182.36,0.288,259.68,6.09,43.0268,-79.0607,Same Day,Consumer
DC-103645,6587,2015-03-09,Central,United States,Texas,Office Supplies,Printer Paper,5,531.04,0.103,2381.71,159.37,30.8944,-98.823,Standard Class,Corporate
DC-103646,2043,2016-08-12,Central,United States,Texas,Technology,Wireless Keyboard,2,71.21,0.118,125.61,19.17,31.0941,-103.8648,Second Class,Consumer
DC-103647,7703,2016-01-15,Southeast Asia,Singapore,Singapore,Office Supplies,File Folder,1,155.43,0.223,120.77,14.28,1.7724,103.3801,Second Class,Consumer
DC-103648,5528,2017-10-27,Oceania,Australia,New South Wales,Office Supplies,Notebook,1,848.63,0.15,721.34,89.33,-33.6099,149.0026,Same Day,Consumer
DC-103649,1117,2017-03-13,Canada,Canada,Ontario,Sports & Outdoors,Sports Bag,2,71.7,0.253,107.12,28.46,44.2081,-80.3114,Second Class,Corporate
DC-103650,6937,2016-07-07,East,United States,New York,Sports & Outdoors,Camping Tent,2,376.26,0.089,685.55,32.47,41.8948,-75.5567,Standard Class,Consumer
DC-103651,3519,2015-05-22,East,United States,New York,Office Supplies,File Folder,4,217.24,0.298,610.01,42.93,43.4204,-73.9858,First Class,Consumer
DC-103652,6442,2016-01-03,South,United States,Florida,Technology,Wireless Keyboard,4,325.41,0.152,1103.79,-5.59,29.0676,-82.3031,Second Class,Corporate
DC-103653,2061,2016-01-28,South,United States,Florida,Technology,Apple Smart Device,3,122.37,0.251,274.97,56.58,26.2471,-81.219,Standard Class,Home Office
DC-103654,1639,2016-03-10,South Asia,India,Maharashtra,Technology,Bluetooth Headset,2,490.2,0.006,974.52,38.68,18.8436,78.3046,First Class,Consumer
DC-103655,2656,2016-04-17,South,United States,Florida,Office Supplies,Printer Paper,3,188.82,0.169,470.73,-45.61,28.9853,-80.6766,Standard Class,Corporate
DC-103656,1944,2015-04-26,Southeast Asia,Singapore,Singapore,Sports & Outdoors,Fitness Equipment,5,344.21,0.139,1481.82,142.14,1.9552,105.1516,Standard Class,Consumer
DC-103657,1513,2017-08-01,Canada,Canada,Ontario,Technology,Laptop Computer,3,24.15,0.09,65.93,-5.97,43.8161,-79.2059,Second Class,Consumer
DC-103658,3814,2016-02-29,South,United States,Florida,Furniture,Bookshelf,5,113.05,0.277,408.68,-5.55,29.5329,-84.0248,Second Class,Consumer
DC-103659,3285,2015-07-07,South Asia,India,Maharashtra,Technology,Laptop Computer,2,472.85,0.046,902.2,150.2,20.4015,77.4667,Second Class,Consumer
DC-103660,5681,2016-08-12,Northern Europe,United Kingdom,England,Furniture,Office Chair,2,591.75,0.098,1067.52,217.11,51.9112,-2.149,First Class,Corporate
DC-103661,3973,2015-10-21,South Asia,India,Maharashtra,Furniture,Bookshelf,5,443.04,0.137,1911.72,81.34,18.3022,76.7009,Second Class,Consumer
DC-103662,1290,2017-11-01,Western Europe,France,Ile-de-France,Furniture,Conference Table,2,524.92,0.107,937.51,88.89,48.8521,5.7521,Second Class,Consumer
DC-103663,7032,2016-10-30,Central,United States,Texas,Furniture,Storage Cabinet,2,217.16,0.269,317.49,49.61,31.1703,-99.4351,Standard Class,Home Office
DC-103664,7508,2016-05-18,East,United States,New York,Office Supplies,Printer Paper,3,184.44,0.205,439.89,-6.17,42.3085,-71.9677,First Class,Consumer
DC-103665,2394,2016-04-12,Western Europe,France,Ile-de-France,Technology,LED Monitor,3,587.88,0.003,1758.35,325.56,50.4284,1.2266,Standard Class,Consumer
DC-103666,7397,2016-05-03,Southeast Asia,Singapore,Singapore,Furniture,Bookshelf,4,315.91,0.155,1067.78,277.81,2.3886,106.9669,Standard Class,Consumer
DC-103667,1857,2015-10-20,East,United States,New York,Sports & Outdoors,Camping Tent,5,87.31,0.008,433.06,74.36,40.7818,-74.1533,Standard Class,Corporate
DC-103668,2516,2015-01-22,Canada,Canada,Ontario,Sports & Outdoors,Fitness Equipment,2,111.64,0.048,212.56,56.17,41.6361,-79.5481,Standard Class,Corporate
DC-103669,3630,2016-11-23,South,United States,Florida,Technology,Wireless Keyboard,2,496.1,0.274,720.34,25.62,27.4177,-82.8679,First Class,Home Office
DC-103670,6848,2016-03-03,East,United States,New York,Office Supplies,Printer Paper,3,587.57,0.011,1743.32,141.14,42.6175,-77.2871,Standard Class,Consumer
DC-103671,5292,2015-12-04,Western Europe,France,Ile-de-France,Furniture,Storage Cabinet,1,332.02,0.08,305.46,63.31,48.5913,2.2845,Standard Class,Consumer
DC-103672,5608,2017-06-09,Northern Europe,United Kingdom,England,Furniture,Wooden Desk,2,453.18,0.247,682.49,108.12,54.8478,-1.2664,Second Class,Consumer
DC-103673,7142,2017-06-15,Western Europe,France,Ile-de-France,Technology,Apple Smart Device,3,339.08,0.098,917.55,4.56,49.7406,1.3525,First Class,Home Office
DC-103674,3210,2017-09-13,East,United States,New York,Technology,Wireless Keyboard,5,704.52,0.25,2641.95,72.42,42.493,-73.4891,First Class,Corporate
DC-103675,2423,2017-06-14,East,United States,New York,Technology,Wireless Keyboard,2,414.76,0.139,714.22,155.15,43.7263,-76.2638,Second Class,Consumer
DC-103676,7552,2015-03-15,Southeast Asia,Singapore,Singapore,Furniture,Bookshelf,5,561.76,0.248,2112.22,124.15,-0.6721,104.2892,Standard Class,Home Office
DC-103677,1629,2015-07-01,Canada,Canada,Ontario,Furniture,Bookshelf,1,599.43,0.256,445.98,-44.57,41.5052,-79.6766,Standard Class,Corporate
DC-103678,4904,2015-09-18,Northern Europe,United Kingdom,England,Sports & Outdoors,Mountain Bike,4,518.65,0.086,1896.18,203.57,52.7433,-1.5338,First Class,Consumer
DC-103679,6141,2017-11-30,East,United States,New York,Furniture,Wooden Desk,3,553.3,0.213,1306.34,-9.83,43.4781,-74.6843,First Class,Consumer
DC-103680,6513,2015-07-29,Southeast Asia,Singapore,Singapore,Furniture,Conference Table,2,832.38,0.131,1446.68,297.44,1.2567,101.2842,Standard Class,Consumer
DC-103681,4352,2016-12-16,Canada,Canada,Ontario,Technology,LED Monitor,5,342.36,0.29,1215.38,-145.59,42.9224,-76.4066,Standard Class,Corporate
DC-103682,1699,2016-08-26,Canada,Canada,Ontario,Sports & Outdoors,Running Shoes,4,198.0,0.013,781.7,25.67,45.4257,-81.1798,Standard Class,Consumer
DC-103683,5429,2016-12-08,West,United States,California,Furniture,Storage Cabinet,3,167.44,0.264,369.71,55.41,36.8214,-119.9742,Standard Class,Consumer
DC-103684,6026,2015-07-01,Canada,Canada,Ontario,Furniture,Storage Cabinet,5,678.82,0.046,3237.97,833.49,42.2099,-80.8814,Standard Class,Corporate
DC-103685,2363,2015-09-29,West,United States,California,Sports & Outdoors,Running Shoes,5,418.93,0.027,2038.09,486.84,37.3176,-120.1798,Second Class,Home Office
DC-103686,6840,2015-12-06,Canada,Canada,Ontario,Office Supplies,Stapler,2,93.98,0.225,145.67,28.12,44.7911,-80.1701,Standard Class,Corporate
DC-103687,5733,2015-10-03,Western Europe,France,Ile-de-France,Sports & Outdoors,Running Shoes,3,28.33,0.238,64.76,7.62,50.0111,2.7407,Second Class,Corporate
DC-103688,1898,2015-07-29,South,United States,Florida,Sports & Outdoors,Sports Bag,5,268.52,0.264,988.15,17.33,27.8442,-80.6764,Standard Class,Corporate
DC-103689,2447,2016-12-08,South,United States,Florida,Sports & Outdoors,Mountain Bike,3,424.12,0.094,1152.76,297.03,28.2743,-79.3959,First Class,Consumer
DC-103690,1925,2015-07-08,West,United States,California,Furniture,Wooden Desk,2,800.08,0.269,1169.72,-90.84,36.4486,-119.1514,Second Class,Corporate
DC-103691,3209,2016-01-26,Oceania,Australia,New South Wales,Office Supplies,Printer Paper,5,623.93,0.278,2252.39,37.12,-32.8734,150.2359,Second Class,Consumer
DC-103692,6329,2016-07-21,South,United States,Florida,Technology,Wireless Keyboard,3,247.36,0.104,664.9,-69.7,27.7319,-79.2749,Second Class,Consumer
DC-103693,6645,2015-10-19,Canada,Canada,Ontario,Furniture,Wooden Desk,3,689.34,0.096,1869.49,-125.13,45.1997,-78.9061,Same Day,Consumer
DC-103694,3240,2017-07-24,Oceania,Australia,New South Wales,Technology,Bluetooth Headset,3,873.65,0.278,1892.33,357.91,-34.331,151.0493,Same Day,Consumer
DC-103695,5490,2015-07-03,Canada,Canada,Ontario,Sports & Outdoors,Sports Bag,3,348.17,0.113,926.48,-63.85,42.0874,-75.9743,Standard Class,Consumer
DC-103696,6848,2017-07-26,South Asia,India,Maharashtra,Technology,LED Monitor,1,490.31,0.142,420.69,-18.75,17.7638,73.8875,Standard Class,Consumer
DC-103697,4826,2016-11-05,Oceania,Australia,New South Wales,Office Supplies,Pen Set,1,549.1,0.169,456.3,36.08,-33.4883,151.4028,Standard Class,Consumer
DC-103698,7801,2015-09-27,South Asia,India,Maharashtra,Office Supplies,File Folder,5,306.5,0.137,1322.55,8.52,20.2134,73.4078,Second Class,Corporate
DC-103699,6393,2016-06-18,Western Europe,France,Ile-de-France,Furniture,Storage Cabinet,1,670.64,0.09,610.28,59.93,51.7256,0.6571,Second Class,Consumer
DC-103700,1329,2017-05-28,West,United States,California,Technology,Apple Smart Device,1,515.62,0.26,381.56,-7.73,36.5497,-118.6626,Standard Class,Consumer
DC-103701,5700,2016-09-05,East,United States,New York,Furniture,Bookshelf,3,173.41,0.068,484.85,-44.27,43.9654,-74.2921,Standard Class,Home Office
DC-103702,1184,2016-06-12,South,United States,Florida,Office Supplies,File Folder,4,378.93,0.264,1115.57,-43.12,28.0412,-81.7944,Standard Class,Corporate
DC-103703,3902,2017-08-02,Northern Europe,United Kingdom,England,Furniture,Wooden Desk,4,887.0,0.196,2852.59,-278.29,52.1688,-1.0609,First Class,Consumer
DC-103704,3439,2016-07-25,Oceania,Australia,New South Wales,Office Supplies,File Folder,4,833.0,0.15,2832.2,529.24,-31.2677,149.769,Same Day,Corporate
DC-103705,4097,2016-09-16,Canada,Canada,Ontario,Furniture,Conference Table,1,501.62,0.124,439.42,-24.77,41.6953,-80.4196,Standard Class,Consumer
DC-103706,6870,2016-12-06,Oceania,Australia,New South Wales,Furniture,Storage Cabinet,2,359.76,0.211,567.7,153.92,-35.587,153.7387,Same Day,Corporate
DC-103707,3675,2017-11-10,Western Europe,France,Ile-de-France,Furniture,Wooden Desk,2,582.19,0.145,995.54,43.77,47.4229,0.6473,Second Class,Consumer
DC-103708,6524,2016-04-25,Southeast Asia,Singapore,Singapore,Sports & Outdoors,Mountain Bike,5,148.34,0.111,659.37,-62.62,2.3965,101.5697,Second Class,Consumer
DC-103709,6364,2015-06-10,Western Europe,France,Ile-de-France,Office Supplies,File Folder,2,538.02,0.025,1049.14,3.1,49.6081,0.5022,Standard Class,Consumer
DC-103710,3385,2017-05-21,Canada,Canada,Ontario,Office Supplies,File Folder,4,621.63,0.206,1974.3,333.91,43.722,-79.8741,Standard Class,Corporate
DC-103711,7332,2015-04-30,Central,United States,Texas,Office Supplies,Printer Paper,2,175.86,0.204,279.97,25.52,33.4717,-102.9719,Second Class,Consumer
DC-103712,3701,2016-09-17,Western Europe,France,Ile-de-France,Technology,LED Monitor,3,230.74,0.12,609.15,-14.02,49.2555,1.1846,Standard Class,Corporate
DC-103713,6517,2017-05-24,South Asia,India,Maharashtra,Furniture,Storage Cabinet,3,709.94,0.243,1612.27,-170.96,19.2301,77.3928,Second Class,Corporate
DC-103714,3503,2015-11-01,Oceania,Australia,New South Wales,Sports & Outdoors,Sports Bag,1,542.44,0.119,477.89,-42.87,-36.0514,152.6361,Same Day,Consumer
DC-103715,1230,2017-04-16,South Asia,India,Maharashtra,Office Supplies,Stapler,4,659.88,0.292,1868.78,261.95,21.574,74.9953,Second Class,Corporate
DC-103716,5947,2017-04-01,West,United States,California,Office Supplies,Stapler,5,867.65,0.181,3553.03,134.24,35.4614,-120.4509,Second Class,Corporate
DC-103717,6893,2017-11-25,Western Europe,France,Ile-de-France,Office Supplies,Pen Set,4,60.15,0.225,186.47,-3.15,46.6404,4.3154,Standard Class,Corporate
DC-103718,1696,2015-08-05,Canada,Canada,Ontario,Office Supplies,Printer Paper,2,449.95,0.262,664.13,-66.73,44.1522,-83.1047,Standard Class,Home Office
DC-103719,5217,2017-11-21,Canada,Canada,Ontario,Furniture,Office Chair,3,282.15,0.062,793.97,169.81,44.3385,-78.8116,First Class,Home Office
DC-103720,4309,2016-03-19,Central,United States,Texas,Office Supplies,Notebook,1,606.96,0.142,520.77,16.1,31.409,-98.6786,Standard Class,Consumer
DC-103721,7811,2017-06-04,Northern Europe,United Kingdom,England,Technology,Apple Smart Device,2,35.73,0.296,50.31,7.81,51.7737,-1.126,Standard Class,Corporate
DC-103722,3401,2017-03-29,Southeast Asia,Singapore,Singapore,Technology,Apple Smart Device,5,748.81,0.245,2826.76,396.88,0.789,104.0645,Same Day,Corporate
DC-103723,1238,2017-09-16,East,United States,New York,Technology,Apple Smart Device,5,841.71,0.175,3472.05,192.31,41.0769,-76.0756,Standard Class,Corporate
DC-103724,2517,2017-03-19,South Asia,India,Maharashtra,Technology,Laptop Computer,3,700.6,0.009,2082.88,378.44,21.4048,76.6935,Standard Class,Consumer
DC-103725,1214,2017-11-03,Northern Europe,United Kingdom,England,Technology,Laptop Computer,3,679.29,0.248,1532.48,305.81,49.8321,-0.6609,Second Class,Consumer
DC-103726,3984,2015-05-14,Western Europe,France,Ile-de-France,Technology,Apple Smart Device,3,811.63,0.111,2164.62,389.03,49.3377,0.1651,Second Class,Consumer
DC-103727,5811,2017-03-13,Northern Europe,United Kingdom,England,Sports & Outdoors,Sports Bag,3,62.38,0.166,156.07,5.89,50.9028,0.7274,Standard Class,Consumer
DC-103728,2004,2015-10-10,Central,United States,Texas,Office Supplies,File Folder,4,527.01,0.168,1753.89,23.1,30.5461,-102.6373,First Class,Consumer
DC-103729,7354,2016-04-05,Central,United States,Texas,Furniture,Office Chair,2,170.72,0.177,281.01,10.48,31.7341,-100.4936,Standard Class,Consumer
DC-103730,7649,2016-04-09,West,United States,California,Sports & Outdoors,Camping Tent,1,809.16,0.127,706.4,-50.03,38.1699,-118.0301,First Class,Consumer
DC-103731,3926,2016-06-06,Western Europe,France,Ile-de-France,Office Supplies,Stapler,4,529.04,0.07,1968.03,459.67,47.6103,3.0892,Standard Class,Consumer
DC-103732,4565,2015-02-26,South Asia,India,Maharashtra,Furniture,Bookshelf,1,182.27,0.121,160.22,36.25,19.7644,78.2232,Second Class,Corporate
DC-103733,3862,2016-02-21,Western Europe,France,Ile-de-France,Furniture,Bookshelf,3,39.8,0.053,113.07,24.09,49.3452,3.1246,First Class,Consumer
DC-103734,1726,2017-11-12,Southeast Asia,Singapore,Singapore,Sports & Outdoors,Mountain Bike,5,302.23,0.118,1332.83,106.53,2.8189,103.7259,Standard Class,Corporate
DC-103735,5304,2017-09-25,Western Europe,France,Ile-de-France,Furniture,Conference Table,1,792.71,0.067,739.6,64.16,48.6238,0.9359,Second Class,Consumer
DC-103736,2924,2015-02-08,Oceania,Australia,New South Wales,Office Supplies,File Folder,5,276.94,0.272,1008.06,55.32,-36.1987,151.736,Second Class,Corporate
DC-103737,3519,2016-09-17,East,United States,New York,Technology,Apple Smart Device,1,702.91,0.16,590.44,-36.93,43.3289,-74.4426,First Class,Consumer
DC-103738,2171,2015-11-09,South Asia,India,Maharashtra,Furniture,Storage Cabinet,2,149.2,0.186,242.9,-26.08,18.1172,74.1617,Second Class,Corporate
DC-103739,1979,2015-12-17,Canada,Canada,Ontario,Furniture,Storage Cabinet,4,340.27,0.036,1312.08,23.0,42.4186,-81.4422,Standard Class,Consumer
DC-103740,1794,2016-07-12,East,United States,New York,Office Supplies,File Folder,4,123.63,0.13,430.23,58.25,45.448,-73.1118,Second Class,Consumer
DC-103741,2484,2017-12-19,Oceania,Australia,New South Wales,Office Supplies,File Folder,2,637.56,0.139,1097.88,20.9,-32.9853,149.9258,Standard Class,Consumer
DC-103742,7409,2015-05-02,Northern Europe,United Kingdom,England,Sports & Outdoors,Camping Tent,4,720.33,0.199,2307.94,530.57,52.4386,-2.0477,Standard Class,Consumer
DC-103743,1505,2016-12-26,South,United States,Florida,Furniture,Conference Table,2,425.09,0.033,822.12,-1.41,27.7051,-79.3039,First Class,Consumer
DC-103744,6508,2016-11-15,Northern Europe,United Kingdom,England,Technology,Wireless Keyboard,5,733.51,0.088,3344.81,707.82,52.3725,-2.761,Same Day,Consumer
DC-103745,1123,2018-01-16,East,United States,New York,Furniture,Office Chair,2,454.52,0.174,750.87,-88.1,41.934,-74.0389,Standard Class,Consumer
DC-103746,2827,2015-03-24,West,United States,California,Sports & Outdoors,Mountain Bike,4,860.2,0.054,3255.0,688.37,35.5297,-120.3485,First Class,Corporate
DC-103747,7876,2017-08-08,East,United States,New York,Furniture,Wooden Desk,3,81.88,0.226,190.13,0.44,43.0822,-75.2088,Same Day,Home Office
DC-103748,6509,2017-11-22,Central,United States,Texas,Office Supplies,File Folder,5,307.46,0.058,1448.14,35.04,30.5175,-100.6124,Second Class,Corporate
DC-103749,1640,2015-08-06,South,United States,Florida,Office Supplies,Stapler,3,384.82,0.12,1015.92,221.19,27.3107,-83.247,Standard Class,Consumer
DC-103750,7415,2016-07-22,West,United States,California,Sports & Outdoors,Fitness Equipment,4,632.27,0.128,2205.36,111.82,37.1036,-120.6641,Standard Class,Home Office
DC-103751,6266,2018-01-14,Oceania,Australia,New South Wales,Office Supplies,Printer Paper,4,450.19,0.209,1424.4,117.17,-32.9008,151.168,Standard Class,Consumer
DC-103752,2170,2015-05-21,Canada,Canada,Ontario,Sports & Outdoors,Sports Bag,5,820.32,0.227,3170.54,608.26,44.2125,-77.3461,Second Class,Corporate
DC-103753,3323,2016-11-16,Western Europe,France,Ile-de-France,Sports & Outdoors,Mountain Bike,2,404.86,0.133,702.03,42.27,51.269,4.4276,Standard Class,Corporate
DC-103754,3640,2015-03-01,South Asia,India,Maharashtra,Furniture,Conference Table,3,568.17,0.011,1685.76,125.93,19.7991,75.727,Standard Class,Consumer
DC-103755,5900,2015-08-26,Central,United States,Texas,Technology,LED Monitor,1,864.61,0.17,717.63,194.83,31.1678,-100.4365,First Class,Corporate
DC-103756,5066,2016-12-10,Southeast Asia,Singapore,Singapore,Sports & Outdoors,Fitness Equipment,3,52.31,0.222,122.09,4.85,2.3338,105.1351,Standard Class,Consumer
DC-103757,1459,2017-11-26,Northern Europe,United Kingdom,England,Sports & Outdoors,Camping Tent,4,837.22,0.129,2916.87,-31.26,52.8296,0.9127,Second Class,Consumer
DC-103758,3829,2016-04-02,East,United States,New York,Furniture,Bookshelf,1,797.86,0.136,689.35,40.16,39.8694,-76.1448,Second Class,Corporate
DC-103759,6732,2015-09-28,South,United States,Florida,Technology,Wireless Keyboard,4,261.22,0.031,1012.49,84.02,29.5062,-82.4261,First Class,Consumer
DC-103760,5252,2016-05-05,Oceania,Australia,New South Wales,Technology,Apple Smart Device,5,722.47,0.138,3113.85,678.48,-36.5401,152.1856,Standard Class,Corporate
DC-103761,4966,2016-06-21,East,United States,New York,Sports & Outdoors,Camping Tent,2,645.75,0.289,918.26,46.14,41.9886,-75.5593,Standard Class,Consumer
DC-103762,3798,2016-10-30,Canada,Canada,Ontario,Office Supplies,Pen Set,3,879.28,0.017,2593.0,-287.74,43.3694,-80.7998,Standard Class,Corporate
DC-103763,4978,2016-09-24,South Asia,India,Maharashtra,Technology,LED Monitor,4,651.91,0.073,2417.28,371.36,19.256,74.8655,Standard Class,Corporate
DC-103764,6715,2017-03-29,South,United States,Florida,Office Supplies,Pen Set,1,714.64,0.095,646.75,117.76,27.5687,-81.424,Second Class,Corporate
DC-103765,1783,2017-03-04,Western Europe,France,Ile-de-France,Technology,Bluetooth Headset,4,425.29,0.241,1291.18,179.06,46.7672,1.3525,First Class,Consumer
DC-103766,3474,2015-04-06,Oceania,Australia,New South Wales,Sports & Outdoors,Camping Tent,5,326.31,0.039,1567.92,-84.81,-35.5848,152.0359,Second Class,Corporate
DC-103767,5373,2016-09-02,South,United States,Florida,Office Supplies,Pen Set,4,59.65,0.05,226.67,18.33,25.0375,-77.7671,First Class,Consumer
DC-103768,3510,2016-10-12,Northern Europe,United Kingdom,England,Technology,LED Monitor,5,491.14,0.179,2016.13,-58.4,56.0487,-0.6801,Standard Class,Consumer
DC-103769,2471,2017-02-24,Oceania,Australia,New South Wales,Sports & Outdoors,Camping Tent,1,369.92,0.009,366.59,93.32,-35.7109,149.7263,First Class,Consumer
DC-103770,5143,2016-02-21,Southeast Asia,Singapore,Singapore,Furniture,Storage Cabinet,2,641.36,0.117,1132.64,185.32,1.4554,103.8111,Standard Class,Consumer
DC-103771,1320,2015-09-20,South,United States,Florida,Furniture,Conference Table,2,330.25,0.194,532.36,83.12,27.2697,-80.3548,Standard Class,Corporate
DC-103772,6948,2017-06-16,South Asia,India,Maharashtra,Technology,Apple Smart Device,2,473.83,0.178,778.98,-33.55,19.0844,74.3841,Standard Class,Consumer
DC-103773,1590,2017-02-06,Canada,Canada,Ontario,Technology,Bluetooth Headset,4,150.35,0.294,424.59,-27.67,43.498,-81.1209,Standard Class,Consumer
DC-103774,4607,2017-01-31,Western Europe,France,Ile-de-France,Furniture,Wooden Desk,1,215.78,0.233,165.5,-7.07,47.5679,1.7638,Second Class,Consumer
DC-103775,6921,2017-10-19,Northern Europe,United Kingdom,England,Sports & Outdoors,Running Shoes,1,582.95,0.012,575.95,2.59,51.095,0.2158,Standard Class,Consumer
DC-103776,5547,2015-07-06,Central,United States,Texas,Furniture,Storage Cabinet,3,352.9,0.095,958.12,-8.4,29.7385,-102.6348,Standard Class,Consumer
DC-103777,6079,2016-01-22,South Asia,India,Maharashtra,Sports & Outdoors,Fitness Equipment,1,54.08,0.216,42.4,-0.02,21.7559,74.4505,Second Class,Consumer
DC-103778,2783,2016-04-04,South,United States,Florida,Office Supplies,Printer Paper,2,794.1,0.173,1313.44,-153.59,26.9106,-81.1784,Same Day,Consumer
DC-103779,4591,2015-09-17,West,United States,California,Technology,Wireless Keyboard,1,72.6,0.076,67.08,17.7,34.3283,-120.0237,Standard Class,Corporate
DC-103780,3743,2016-06-12,South,United States,Florida,Technology,Wireless Keyboard,5,894.64,0.299,3135.71,-50.83,27.2908,-81.4544,Standard Class,Home Office
DC-103781,7166,2017-08-14,Southeast Asia,Singapore,Singapore,Furniture,Conference Table,4,664.82,0.138,2292.3,212.02,1.6458,104.3679,Standard Class,Corporate
DC-103782,4900,2017-10-20,West,United States,California,Furniture,Office Chair,5,355.95,0.225,1379.31,-136.83,36.4997,-121.0079,Second Class,Consumer
DC-103783,2999,2015-06-20,East,United States,New York,Office Supplies,Pen Set,1,609.46,0.072,565.58,41.82,44.8301,-75.8971,Standard Class,Corporate
DC-103784,4801,2016-09-24,East,United States,New York,Office Supplies,File Folder,5,600.59,0.202,2396.35,154.18,40.9869,-74.9449,Standard Class,Corporate
DC-103785,7789,2015-09-26,South Asia,India,Maharashtra,Technology,Bluetooth Headset,4,652.77,0.295,1840.81,460.79,17.688,75.9467,Standard Class,Corporate
DC-103786,2954,2015-10-29,South Asia,India,Maharashtra,Furniture,Office Chair,4,35.35,0.292,100.11,14.23,21.8617,75.3952,Standard Class,Corporate
DC-103787,4078,2016-03-26,West,United States,California,Sports & Outdoors,Mountain Bike,5,610.63,0.195,2457.79,178.93,36.2875,-118.8767,Standard Class,Consumer
DC-103788,4167,2015-07-03,Northern Europe,United Kingdom,England,Technology,Wireless Keyboard,1,767.98,0.27,560.63,26.79,50.6255,-1.2917,Second Class,Consumer
DC-103789,7133,2015-12-01,South Asia,India,Maharashtra,Office Supplies,Pen Set,3,386.41,0.245,875.22,-67.22,20.7501,76.0586,Second Class,Corporate
DC-103790,6018,2016-11-25,South,United States,Florida,Technology,Apple Smart Device,4,878.57,0.255,2618.14,-60.05,26.9683,-80.0695,Second Class,Corporate
DC-103791,6183,2016-08-27,Canada,Canada,Ontario,Sports & Outdoors,Camping Tent,3,107.4,0.062,302.22,-21.96,43.6145,-83.6715,Second Class,Corporate
DC-103792,5669,2015-04-16,Central,United States,Texas,Furniture,Office Chair,2,659.87,0.03,1280.15,195.91,31.8457,-101.3496,Standard Class,Home Office
DC-103793,2587,2016-01-31,Southeast Asia,Singapore,Singapore,Technology,Laptop Computer,4,492.42,0.099,1774.68,375.96,2.9717,104.9298,Second Class,Consumer
DC-103794,1745,2017-05-31,Southeast Asia,Singapore,Singapore,Sports & Outdoors,Running Shoes,1,422.49,0.015,416.15,-21.29,3.3101,103.0193,Standard Class,Home Office
DC-103795,2367,2017-05-15,Western Europe,France,Ile-de-France,Office Supplies,Stapler,1,552.84,0.008,548.42,-41.91,49.5349,0.8567,Standard Class,Consumer
DC-103796,4466,2016-11-06,West,United States,California,Office Supplies,Notebook,2,726.34,0.032,1406.19,297.51,37.6348,-119.1643,Standard Class,Corporate
DC-103797,5523,2015-10-06,Western Europe,France,Ile-de-France,Furniture,Wooden Desk,2,876.22,0.215,1375.67,-71.82,48.143,1.8652,Standard Class,Consumer
DC-103798,1720,2015-11-18,South,United States,Florida,Office Supplies,Notebook,4,190.06,0.034,734.39,-44.17,28.7189,-78.7997,Second Class,Corporate
DC-103799,6860,2016-01-31,West,United States,California,Technology,LED Monitor,4,26.18,0.121,92.05,12.82,37.2263,-119.4291,Standard Class,Consumer
DC-103800,4710,2015-07-19,Northern Europe,United Kingdom,England,Sports & Outdoors,Running Shoes,3,458.74,0.164,1150.52,303.37,52.7441,-1.1217,Standard Class,Corporate
DC-103801,2655,2017-05-05,South Asia,India,Maharashtra,Technology,Wireless Keyboard,1,432.93,0.18,355.0,40.77,19.3806,73.758,Standard Class,Home Office
DC-103802,1825,2015-10-26,Oceania,Australia,New South Wales,Office Supplies,Notebook,2,419.12,0.023,818.96,191.44,-36.2408,152.4536,Second Class,Consumer
DC-103803,2744,2015-07-19,South,United States,Florida,Office Supplies,Pen Set,5,479.91,0.106,2145.2,541.19,27.2134,-81.0256,Standard Class,Corporate
DC-103804,2110,2017-02-02,East,United States,New York,Technology,Apple Smart Device,4,513.8,0.033,1987.38,-103.05,43.5848,-74.3554,First Class,Consumer
DC-103805,4501,2015-10-04,West,United States,California,Sports & Outdoors,Fitness Equipment,2,886.41,0.083,1625.68,285.94,37.1642,-117.5771,Standard Class,Home Office
DC-103806,4644,2015-03-05,West,United States,California,Furniture,Storage Cabinet,4,511.42,0.138,1763.38,473.02,35.2248,-116.9126,Standard Class,Corporate
DC-103807,4124,2015-07-10,South,United States,Florida,Sports & Outdoors,Sports Bag,2,150.74,0.06,283.39,30.67,26.6802,-79.0604,Standard Class,Corporate
DC-103808,7166,2017-12-15,Canada,Canada,Ontario,Technology,Wireless Keyboard,2,374.14,0.029,726.58,-69.99,43.6376,-81.6781,Second Class,Consumer
DC-103809,1679,2015-05-31,Western Europe,France,Ile-de-France,Furniture,Storage Cabinet,5,316.24,0.179,1298.17,300.28,49.0256,3.5143,Standard Class,Consumer
DC-103810,4554,2016-04-02,Central,United States,Texas,Office Supplies,Printer Paper,3,311.29,0.014,920.8,-51.74,30.1795,-99.3707,Standard Class,Corporate
DC-103811,7990,2017-12-25,Central,United States,Texas,Technology,Bluetooth Headset,5,117.72,0.152,499.13,118.6,29.4054,-101.1952,Standard Class,Corporate
DC-103812,6309,2015-02-09,South Asia,India,Maharashtra,Technology,Laptop Computer,2,488.65,0.212,770.11,210.1,18.8871,74.883,First Class,Consumer
DC-103813,4472,2016-02-11,South Asia,India,Maharashtra,Office Supplies,Pen Set,4,169.02,0.173,559.12,-34.21,19.9538,77.335,Standard Class,Consumer
DC-103814,6477,2017-12-11,Central,United States,Texas,Office Supplies,Notebook,4,154.89,0.219,483.88,125.47,30.4587,-101.74,Standard Class,Consumer
DC-103815,6035,2015-02-11,Oceania,Australia,New South Wales,Furniture,Wooden Desk,5,365.27,0.013,1802.61,318.94,-32.6405,150.2898,Second Class,Corporate
DC-103816,6485,2015-01-14,Central,United States,Texas,Sports & Outdoors,Fitness Equipment,1,202.83,0.195,163.28,-10.63,33.8233,-102.4889,Second Class,Consumer
DC-103817,5552,2015-06-05,East,United States,New York,Sports & Outdoors,Mountain Bike,1,586.74,0.018,576.18,124.09,44.5845,-74.8281,Standard Class,Corporate
DC-103818,4769,2017-05-18,Central,United States,Texas,Technology,Bluetooth Headset,4,824.41,0.07,3066.81,519.39,27.172,-99.4905,First Class,Corporate
DC-103819,1915,2017-07-10,Northern Europe,United Kingdom,England,Sports & Outdoors,Fitness Equipment,3,275.38,0.116,730.31,38.9,52.964,-1.6971,Standard Class,Consumer
DC-103820,3846,2015-07-23,Western Europe,France,Ile-de-France,Sports & Outdoors,Running Shoes,4,497.82,0.185,1622.89,249.23,51.6927,1.3389,Standard Class,Corporate
DC-103821,7193,2017-01-13,Central,United States,Texas,Office Supplies,Stapler,2,524.61,0.178,862.46,41.34,30.3894,-98.7721,Second Class,Consumer
DC-103822,4489,2017-10-30,Canada,Canada,Ontario,Technology,Wireless Keyboard,5,183.87,0.094,832.93,220.16,42.1794,-79.735,Standard Class,Corporate
DC-103823,2654,2015-11-27,South Asia,India,Maharashtra,Office Supplies,Printer Paper,4,734.58,0.197,2359.47,403.2,19.7205,73.4103,Standard Class,Corporate
DC-103824,6823,2017-11-12,Canada,Canada,Ontario,Technology,Laptop Computer,5,554.12,0.287,1975.44,542.74,44.4246,-79.6088,Standard Class,Home Office
DC-103825,3187,2017-05-30,Northern Europe,United Kingdom,England,Furniture,Conference Table,2,763.89,0.205,1214.59,-73.1,50.6975,0.2531,Standard Class,Consumer
DC-103826,1224,2016-05-31,Oceania,Australia,New South Wales,Sports & Outdoors,Camping Tent,3,611.63,0.013,1811.04,150.8,-34.1402,152.0582,Standard Class,Corporate
DC-103827,4479,2016-02-17,Canada,Canada,Ontario,Technology,Wireless Keyboard,5,35.24,0.196,141.66,-3.19,41.4494,-80.2288,Second Class,Home Office
DC-103828,7246,2015-01-18,South Asia,India,Maharashtra,Technology,Wireless Keyboard,1,381.83,0.18,313.1,11.52,20.9043,75.1736,Standard Class,Consumer
DC-103829,4004,2015-03-12,Northern Europe,United Kingdom,England,Furniture,Conference Table,3,869.37,0.242,1976.95,65.32,53.5489,-2.8903,Second Class,Consumer
DC-103830,7587,2015-08-30,Oceania,Australia,New South Wales,Technology,Apple Smart Device,1,329.64,0.16,276.9,70.51,-34.5871,152.0409,Standard Class,Consumer
DC-103831,7832,2015-06-22,East,United States,New York,Technology,Apple Smart Device,4,640.82,0.051,2432.55,-167.98,41.4661,-71.5976,Standard Class,Home Office
DC-103832,3816,2015-09-08,Oceania,Australia,New South Wales,Furniture,Wooden Desk,2,354.83,0.138,611.73,136.5,-33.4878,150.2467,Standard Class,Consumer
DC-103833,2322,2016-11-21,South Asia,India,Maharashtra,Furniture,Conference Table,2,581.66,0.158,979.52,247.66,16.6626,74.7337,First Class,Consumer
DC-103834,6836,2015-06-09,Western Europe,France,Ile-de-France,Furniture,Wooden Desk,4,197.91,0.0,791.64,16.16,49.0988,1.8783,Standard Class,Corporate
DC-103835,2931,2017-04-30,Northern Europe,United Kingdom,England,Office Supplies,Stapler,4,230.77,0.044,882.46,218.02,52.9421,-1.4136,Second Class,Consumer
DC-103836,1501,2015-07-20,South,United States,Florida,Technology,Apple Smart Device,4,102.67,0.272,298.98,21.87,27.8799,-81.6283,Standard Class,Home Office
DC-103837,6296,2017-03-16,South,United States,Florida,Office Supplies,Notebook,5,847.52,0.188,3440.93,887.24,26.8875,-83.1533,Second Class,Consumer
DC-103838,7023,2018-01-16,South,United States,Florida,Office Supplies,Printer Paper,1,74.51,0.192,60.2,7.36,30.8042,-78.2271,First Class,Consumer
DC-103839,1642,2016-10-02,West,United States,California,Sports & Outdoors,Camping Tent,4,307.94,0.084,1128.29,262.64,37.6661,-120.7432,Second Class,Consumer
DC-103840,1882,2015-02-11,Canada,Canada,Ontario,Technology,Apple Smart Device,5,118.32,0.207,469.14,-10.24,42.106,-79.4479,Standard Class,Home Office
DC-103841,7418,2016-12-11,Southeast Asia,Singapore,Singapore,Sports & Outdoors,Running Shoes,2,756.71,0.191,1224.36,94.61,0.2266,104.3287,Standard Class,Consumer
DC-103842,2825,2016-07-22,Western Europe,France,Ile-de-France,Sports & Outdoors,Sports Bag,2,623.68,0.098,1125.12,-23.95,50.5724,2.6737,First Class,Corporate
DC-103843,5893,2017-07-02,Northern Europe,United Kingdom,England,Office Supplies,Notebook,3,139.97,0.26,310.73,79.37,52.897,-2.0736,First Class,Home Office
DC-103844,3173,2015-02-01,West,United States,California,Sports & Outdoors,Fitness Equipment,1,739.73,0.231,568.85,92.27,37.9306,-120.8639,Standard Class,Consumer
DC-103845,3041,2017-12-26,West,United States,California,Technology,Laptop Computer,5,815.74,0.127,3560.71,800.01,35.8987,-118.2215,Standard Class,Corporate
DC-103846,1292,2016-11-22,Western Europe,France,Ile-de-France,Sports & Outdoors,Running Shoes,4,794.91,0.157,2680.44,413.27,49.0546,4.6608,Standard Class,Home Office
DC-103847,6136,2017-04-16,Western Europe,France,Ile-de-France,Office Supplies,Printer Paper,2,825.52,0.274,1198.66,138.34,47.5698,0.5869,First Class,Corporate
DC-103848,7905,2017-06-22,Canada,Canada,Ontario,Furniture,Wooden Desk,5,375.68,0.196,1510.23,-178.78,42.5555,-82.4317,First Class,Consumer
DC-103849,3666,2017-07-10,Oceania,Australia,New South Wales,Sports & Outdoors,Sports Bag,4,196.15,0.042,751.65,98.42,-35.5072,154.6596,Standard Class,Consumer
DC-103850,6271,2016-09-30,Oceania,Australia,New South Wales,Sports & Outdoors,Running Shoes,4,558.57,0.283,1601.98,331.99,-35.609,152.3077,Standard Class,Consumer
DC-103851,6244,2015-09-30,West,United States,California,Furniture,Conference Table,5,409.87,0.071,1903.85,506.9,36.7858,-118.6772,Standard Class,Corporate
DC-103852,3899,2016-08-18,West,United States,California,Sports & Outdoors,Camping Tent,1,423.13,0.033,409.17,48.58,34.3421,-118.2085,Standard Class,Home Office
DC-103853,5311,2017-09-07,West,United States,California,Technology,Wireless Keyboard,5,518.31,0.277,1873.69,48.19,36.0173,-118.6898,Standard Class,Corporate
DC-103854,7692,2017-03-01,Canada,Canada,Ontario,Furniture,Wooden Desk,1,229.52,0.035,221.49,52.0,44.5602,-78.6223,Second Class,Consumer
DC-103855,6425,2017-10-03,Southeast Asia,Singapore,Singapore,Technology,LED Monitor,1,760.18,0.083,697.09,-27.29,1.7255,104.1098,Standard Class,Corporate
DC-103856,2342,2018-01-13,East,United States,New York,Office Supplies,Stapler,4,834.04,0.271,2432.06,425.81,42.4807,-74.7578,First Class,Corporate
DC-103857,7033,2015-10-21,Northern Europe,United Kingdom,England,Furniture,Wooden Desk,3,307.96,0.005,919.26,31.56,51.421,-0.0025,Standard Class,Corporate
DC-103858,7976,2016-10-07,Central,United States,Texas,Sports & Outdoors,Running Shoes,3,459.43,0.118,1215.65,-69.1,29.7835,-102.1155,Second Class,Home Office
DC-103859,2425,2016-03-13,Northern Europe,United Kingdom,England,Office Supplies,Pen Set,2,490.08,0.136,846.86,-45.97,52.6718,-1.4337,Same Day,Consumer
DC-103860,3923,2015-06-20,Northern Europe,United Kingdom,England,Office Supplies,Notebook,3,25.58,0.211,60.55,14.27,52.0718,-1.4005,Second Class,Consumer
DC-103861,2908,2016-01-17,Western Europe,France,Ile-de-France,Technology,Wireless Keyboard,1,535.73,0.138,461.8,91.94,49.0463,0.8187,Standard Class,Corporate
DC-103862,1420,2016-06-30,Oceania,Australia,New South Wales,Technology,Laptop Computer,2,409.14,0.245,617.8,27.48,-34.503,150.4205,Standard Class,Corporate
DC-103863,2466,2017-12-27,East,United States,New York,Technology,LED Monitor,5,441.37,0.122,1937.61,90.6,43.6491,-75.0535,First Class,Consumer
DC-103864,5409,2017-07-11,South,United States,Florida,Office Supplies,File Folder,1,283.55,0.229,218.62,37.19,28.1551,-82.8758,Second Class,Home Office
DC-103865,5541,2017-10-18,Canada,Canada,Ontario,Furniture,Storage Cabinet,5,563.59,0.23,2169.82,342.96,43.1468,-80.3859,Standard Class,Corporate
DC-103866,5331,2015-06-07,Southeast Asia,Singapore,Singapore,Office Supplies,Notebook,2,459.03,0.289,652.74,9.24,1.2505,103.3743,Standard Class,Consumer
DC-103867,4329,2015-07-04,Oceania,Australia,New South Wales,Sports & Outdoors,Mountain Bike,4,207.67,0.126,726.01,184.12,-32.1986,152.5391,Standard Class,Home Office
DC-103868,3827,2017-03-26,Oceania,Australia,New South Wales,Furniture,Office Chair,3,837.54,0.156,2120.65,44.37,-35.0763,149.2157,Standard Class,Corporate
DC-103869,1825,2015-02-04,South,United States,Florida,Technology,Wireless Keyboard,2,746.33,0.151,1267.27,-75.39,27.9314,-82.6624,Standard Class,Corporate
DC-103870,7916,2016-03-05,Oceania,Australia,New South Wales,Technology,Wireless Keyboard,2,621.35,0.126,1086.12,157.51,-34.5011,151.5549,Same Day,Consumer
DC-103871,6112,2016-09-10,Canada,Canada,Ontario,Sports & Outdoors,Mountain Bike,4,539.86,0.224,1675.73,144.68,43.1201,-80.221,First Class,Corporate
DC-103872,7780,2015-11-17,East,United States,New York,Office Supplies,File Folder,1,38.53,0.145,32.94,8.38,44.3809,-72.519,Second Class,Home Office
DC-103873,1098,2016-03-20,Western Europe,France,Ile-de-France,Office Supplies,Pen Set,4,350.41,0.135,1212.42,320.23,48.3302,3.5415,Standard Class,Consumer
DC-103874,3511,2015-09-04,Canada,Canada,Ontario,Office Supplies,File Folder,5,331.47,0.014,1634.15,449.02,43.5956,-79.5934,Standard Class,Home Office
DC-103875,6555,2015-10-16,Canada,Canada,Ontario,Office Supplies,File Folder,2,741.73,0.251,1111.11,154.63,43.756,-80.5807,Standard Class,Corporate
DC-103876,7284,2015-02-12,South Asia,India,Maharashtra,Furniture,Conference Table,5,240.35,0.194,968.61,163.94,20.5452,76.73,First Class,Corporate
DC-103877,2325,2015-02-22,West,United States,California,Furniture,Office Chair,3,234.57,0.036,678.38,-49.92,36.9562,-120.881,Standard Class,Consumer
DC-103878,6729,2016-10-21,East,United States,New York,Office Supplies,File Folder,5,238.83,0.295,841.88,132.38,43.4331,-76.4876,Second Class,Corporate
DC-103879,7758,2016-12-16,Canada,Canada,Ontario,Furniture,Conference Table,5,734.19,0.176,3024.86,452.01,41.6906,-79.7145,Same Day,Consumer
DC-103880,4902,2017-01-03,South,United States,Florida,Office Supplies,Printer Paper,1,445.27,0.184,363.34,14.63,28.4911,-79.0025,Second Class,Home Office
DC-103881,3361,2016-09-08,West,United States,California,Office Supplies,Pen Set,4,57.74,0.063,216.41,34.75,36.2697,-118.519,First Class,Consumer
DC-103882,2659,2016-07-04,East,United States,New York,Sports & Outdoors,Fitness Equipment,4,377.78,0.003,1506.59,-18.85,43.7517,-75.9431,Second Class,Consumer
DC-103883,5496,2015-09-16,South Asia,India,Maharashtra,Technology,LED Monitor,2,223.7,0.238,340.92,52.93,18.6722,74.8706,Standard Class,Consumer
DC-103884,7293,2015-10-26,Canada,Canada,Ontario,Office Supplies,Notebook,4,768.59,0.082,2822.26,487.89,43.9467,-78.2589,Standard Class,Consumer
DC-103885,6628,2016-06-11,Canada,Canada,Ontario,Technology,Wireless Keyboard,2,590.02,0.011,1167.06,-40.88,43.8716,-79.6262,Standard Class,Consumer
DC-103886,7987,2016-12-25,Central,United States,Texas,Sports & Outdoors,Fitness Equipment,1,494.75,0.087,451.71,123.02,30.1322,-98.5118,Standard Class,Corporate
DC-103887,3768,2015-12-14,Canada,Canada,Ontario,Office Supplies,Notebook,1,694.39,0.24,527.74,119.77,42.3052,-80.745,Standard Class,Home Office
DC-103888,4037,2015-06-05,West,United States,California,Technology,Apple Smart Device,5,719.46,0.15,3057.7,-201.0,36.2627,-121.1499,Second Class,Consumer
DC-103889,2908,2016-07-08,South Asia,India,Maharashtra,Furniture,Storage Cabinet,3,357.89,0.289,763.38,-67.5,19.5881,72.9846,Standard Class,Home Office
DC-103890,4462,2016-04-02,East,United States,New York,Furniture,Conference Table,2,787.67,0.082,1446.16,322.44,40.8164,-73.4522,Standard Class,Consumer
DC-103891,4967,2017-10-17,Canada,Canada,Ontario,Technology,Bluetooth Headset,2,137.55,0.224,213.48,3.18,43.9471,-79.6619,Second Class,Consumer
DC-103892,2455,2016-04-07,Northern Europe,United Kingdom,England,Office Supplies,File Folder,3,73.53,0.131,191.69,28.79,52.6614,-2.1468,First Class,Corporate
DC-103893,4582,2016-03-14,South Asia,India,Maharashtra,Furniture,Storage Cabinet,1,324.71,0.149,276.33,49.71,18.6245,74.7287,Standard Class,Corporate
DC-103894,2355,2015-12-21,Northern Europe,United Kingdom,England,Office Supplies,Notebook,4,37.67,0.07,140.13,-2.86,53.3215,-1.9008,Standard Class,Consumer
DC-103895,1084,2017-07-27,Central,United States,Texas,Furniture,Storage Cabinet,3,310.27,0.18,763.26,44.48,30.1265,-99.994,Second Class,Consumer
DC-103896,3513,2016-02-25,Southeast Asia,Singapore,Singapore,Technology,Bluetooth Headset,2,852.58,0.266,1251.59,28.19,0.6837,102.9285,Second Class,Consumer
DC-103897,1364,2018-01-26,South,United States,Florida,Technology,LED Monitor,5,519.35,0.198,2082.59,-32.87,29.1872,-81.8758,Standard Class,Home Office
DC-103898,7398,2017-01-30,Southeast Asia,Singapore,Singapore,Technology,Bluetooth Headset,1,562.44,0.031,545.0,146.01,1.3033,102.8285,Second Class,Corporate
DC-103899,3106,2015-07-23,Canada,Canada,Ontario,Technology,Wireless Keyboard,1,50.62,0.067,47.23,-0.87,42.065,-80.5095,Standard Class,Consumer
DC-103900,4257,2017-02-03,Canada,Canada,Ontario,Furniture,Conference Table,4,794.56,0.071,2952.58,-148.9,42.712,-79.9429,Standard Class,Corporate
DC-103901,7964,2017-06-08,West,United States,California,Furniture,Wooden Desk,1,165.57,0.225,128.32,2.05,36.357,-118.8781,Standard Class,Consumer
DC-103902,2809,2016-12-25,Western Europe,France,Ile-de-France,Furniture,Office Chair,3,561.22,0.199,1348.61,-150.84,49.3071,1.4398,Standard Class,Consumer
DC-103903,7822,2016-11-09,West,United States,California,Office Supplies,Printer Paper,1,490.46,0.08,451.22,35.45,36.6066,-119.6248,Second Class,Corporate
DC-103904,3950,2015-09-13,Northern Europe,United Kingdom,England,Technology,Bluetooth Headset,5,738.64,0.071,3430.98,912.69,51.4566,2.4438,Standard Class,Corporate
DC-103905,6856,2016-12-02,Southeast Asia,Singapore,Singapore,Furniture,Conference Table,4,658.76,0.238,2007.9,56.75,0.666,106.0264,Standard Class,Consumer
DC-103906,4743,2015-12-05,Southeast Asia,Singapore,Singapore,Technology,Laptop Computer,2,492.59,0.045,940.85,-88.8,0.0044,105.0693,Standard Class,Home Office
DC-103907,7554,2015-11-07,Southeast Asia,Singapore,Singapore,Technology,Apple Smart Device,1,227.77,0.265,167.41,25.12,2.5611,103.3865,First Class,Consumer
DC-103908,7723,2016-11-12,South,United States,Florida,Technology,Laptop Computer,5,265.98,0.024,1297.98,-151.82,29.4053,-80.6734,Standard Class,Consumer
DC-103909,1498,2017-09-08,Southeast Asia,Singapore,Singapore,Office Supplies,Stapler,1,726.42,0.155,613.82,59.49,1.1756,101.596,Standard Class,Corporate
DC-103910,7517,2017-09-16,Northern Europe,United Kingdom,England,Furniture,Storage Cabinet,4,869.86,0.059,3274.15,72.15,51.3801,-2.2421,First Class,Consumer
DC-103911,3808,2015-02-14,East,United States,New York,Technology,Bluetooth Headset,5,70.42,0.047,335.55,83.96,42.6177,-74.6383,Standard Class,Consumer
DC-103912,3508,2016-09-22,Western Europe,France,Ile-de-France,Furniture,Wooden Desk,1,419.66,0.209,331.95,40.78,49.1558,2.8093,Same Day,Home Office
DC-103913,5030,2015-01-20,South,United States,Florida,Office Supplies,Stapler,5,704.86,0.091,3203.59,778.77,28.5569,-80.2862,Standard Class,Corporate
DC-103914,2576,2016-11-27,Canada,Canada,Ontario,Furniture,Storage Cabinet,4,255.1,0.092,926.52,217.99,46.5193,-78.4108,Second Class,Corporate
DC-103915,3693,2015-05-11,Southeast Asia,Singapore,Singapore,Furniture,Bookshelf,2,460.2,0.284,659.01,-5.35,0.4707,102.6807,Second Class,Corporate
DC-103916,3847,2016-07-23,South Asia,India,Maharashtra,Furniture,Wooden Desk,1,78.61,0.118,69.33,-2.8,20.5506,74.7901,Second Class,Home Office
DC-103917,1316,2015-11-12,Central,United States,Texas,Office Supplies,File Folder,4,654.47,0.27,1911.05,525.53,30.9329,-97.117,Standard Class,Consumer
DC-103918,1229,2015-08-07,West,United States,California,Technology,Laptop Computer,4,654.32,0.0,2617.28,623.51,39.1924,-119.7531,Second Class,Consumer
DC-103919,2631,2017-09-13,Southeast Asia,Singapore,Singapore,Technology,Wireless Keyboard,5,644.26,0.179,2644.69,-147.99,1.7639,105.2536,Standard Class,Corporate
DC-103920,1031,2017-01-06,Western Europe,France,Ile-de-France,Office Supplies,Stapler,5,835.69,0.233,3204.87,155.67,49.2212,1.9482,Standard Class,Home Office
DC-103921,5810,2017-09-10,Northern Europe,United Kingdom,England,Sports & Outdoors,Sports Bag,1,100.45,0.158,84.58,15.51,53.1034,0.458,Standard Class,Consumer
DC-103922,2701,2017-04-20,Central,United States,Texas,Furniture,Office Chair,3,318.33,0.142,819.38,136.78,30.0058,-99.1614,Standard Class,Home Office
DC-103923,1273,2017-05-05,West,United States,California,Office Supplies,Stapler,2,16.47,0.093,29.88,-3.01,38.4543,-117.6858,Second Class,Consumer
DC-103924,5357,2016-10-30,Northern Europe,United Kingdom,England,Sports & Outdoors,Running Shoes,2,553.95,0.037,1066.91,-72.57,51.6416,-1.3617,Standard Class,Corporate
DC-103925,3487,2017-08-12,South Asia,India,Maharashtra,Office Supplies,File Folder,1,436.2,0.161,365.97,85.4,17.3345,73.4842,Second Class,Corporate
DC-103926,1570,2016-05-26,Northern Europe,United Kingdom,England,Technology,Wireless Keyboard,4,438.09,0.096,1584.13,225.51,52.9079,-0.5122,First Class,Home Office
DC-103927,4065,2016-07-14,Western Europe,France,Ile-de-France,Furniture,Bookshelf,4,712.8,0.262,2104.19,297.82,51.3961,6.1098,Second Class,Corporate
DC-103928,5369,2015-12-04,West,United States,California,Furniture,Conference Table,3,169.4,0.033,491.43,-5.91,38.9649,-120.0905,Standard Class,Consumer
DC-103929,3640,2016-03-31,West,United States,California,Office Supplies,Printer Paper,5,132.22,0.032,639.94,31.87,38.5754,-120.5163,Standard Class,Consumer
DC-103930,7223,2015-06-30,Central,United States,Texas,Office Supplies,Printer Paper,5,489.72,0.258,1816.86,138.53,30.7902,-102.2982,Second Class,Home Office
DC-103931,7557,2017-07-29,Central,United States,Texas,Office Supplies,Printer Paper,3,723.45,0.289,1543.12,177.35,32.017,-100.5969,Standard Class,Consumer
DC-103932,7498,2016-06-06,South Asia,India,Maharashtra,Sports & Outdoors,Running Shoes,3,882.23,0.162,2217.93,139.24,18.6004,75.082,Standard Class,Corporate
DC-103933,2265,2017-10-26,Central,United States,Texas,Technology,Apple Smart Device,5,853.95,0.291,3027.25,-273.36,31.2135,-97.9898,Standard Class,Corporate
DC-103934,4652,2016-12-07,Southeast Asia,Singapore,Singapore,Office Supplies,Printer Paper,1,414.19,0.101,372.36,23.77,2.7011,104.739,First Class,Home Office
DC-103935,2046,2017-01-28,Western Europe,France,Ile-de-France,Office Supplies,Stapler,3,845.11,0.194,2043.48,331.96,48.7409,0.7346,Standard Class,Home Office
DC-103936,1474,2017-09-14,Western Europe,France,Ile-de-France,Furniture,Bookshelf,5,191.91,0.137,828.09,133.52,48.8741,2.8967,Standard Class,Consumer
DC-103937,5957,2016-12-06,Western Europe,France,Ile-de-France,Technology,Apple Smart Device,3,794.32,0.069,2218.54,-159.26,50.5031,0.7608,Second Class,Consumer
DC-103938,1446,2017-01-25,Canada,Canada,Ontario,Sports & Outdoors,Fitness Equipment,2,443.25,0.131,770.37,8.18,45.3773,-79.5072,Standard Class,Corporate
DC-103939,5561,2017-01-14,Canada,Canada,Ontario,Office Supplies,File Folder,3,704.56,0.037,2035.47,-102.63,44.3997,-77.9923,Standard Class,Consumer
DC-103940,5743,2015-08-17,South Asia,India,Maharashtra,Furniture,Wooden Desk,1,287.42,0.276,208.09,1.99,18.1855,78.3449,Standard Class,Corporate
DC-103941,1440,2015-08-13,Southeast Asia,Singapore,Singapore,Office Supplies,Pen Set,5,574.29,0.128,2503.9,195.95,2.8306,101.7867,First Class,Consumer
DC-103942,4743,2016-10-21,Northern Europe,United Kingdom,England,Technology,LED Monitor,3,501.7,0.236,1149.9,-61.11,50.8561,1.5056,Standard Class,Consumer
DC-103943,5129,2016-10-14,Oceania,Australia,New South Wales,Office Supplies,File Folder,1,866.41,0.258,642.88,153.07,-34.4956,150.9128,Standard Class,Corporate
DC-103944,3902,2015-06-14,Western Europe,France,Ile-de-France,Technology,Apple Smart Device,3,15.94,0.023,46.72,0.76,46.9452,4.8911,Standard Class,Consumer
DC-103945,5352,2017-08-06,Central,United States,Texas,Technology,LED Monitor,3,486.9,0.097,1319.01,-153.78,31.8354,-96.7698,First Class,Home Office
DC-103946,1924,2015-05-27,East,United States,New York,Sports & Outdoors,Sports Bag,2,244.31,0.267,358.16,81.48,39.8444,-75.2619,Standard Class,Consumer
DC-103947,7611,2016-05-08,Canada,Canada,Ontario,Furniture,Wooden Desk,4,538.33,0.087,1965.98,515.26,45.9592,-78.6668,Standard Class,Home Office
DC-103948,6296,2017-09-14,Central,United States,Texas,Technology,Laptop Computer,2,608.19,0.076,1123.94,235.2,33.2505,-101.8883,First Class,Consumer
DC-103949,5813,2016-04-29,Southeast Asia,Singapore,Singapore,Office Supplies,Pen Set,1,887.32,0.024,866.02,-53.23,1.7456,104.6469,Standard Class,Home Office
DC-103950,1824,2015-06-03,Oceania,Australia,New South Wales,Office Supplies,Printer Paper,3,714.65,0.191,1734.46,431.94,-30.6304,149.8936,Standard Class,Corporate
DC-103951,6705,2015-02-04,Southeast Asia,Singapore,Singapore,Office Supplies,File Folder,1,763.06,0.016,750.85,-85.17,1.0405,103.9388,Standard Class,Corporate
DC-103952,2027,2016-01-05,Central,United States,Texas,Furniture,Office Chair,3,345.55,0.089,944.39,2.83,29.9165,-101.2868,Standard Class,Corporate
DC-103953,2501,2015-12-21,East,United States,New York,Sports & Outdoors,Sports Bag,4,685.58,0.06,2577.78,590.14,41.2797,-75.43,Second Class,Consumer
DC-103954,4886,2016-04-14,Central,United States,Texas,Furniture,Conference Table,1,146.63,0.282,105.28,6.78,29.9587,-99.9577,Standard Class,Consumer
DC-103955,1852,2015-08-25,Central,United States,Texas,Furniture,Wooden Desk,4,555.84,0.086,2032.15,168.2,30.7037,-101.6985,Second Class,Home Office
DC-103956,3407,2017-05-18,East,United States,New York,Technology,Wireless Keyboard,3,40.91,0.155,103.71,-6.47,44.5246,-75.212,Standard Class,Corporate
DC-103957,6071,2017-09-04,East,United States,New York,Furniture,Bookshelf,5,850.01,0.261,3140.79,827.41,42.6892,-77.2713,Standard Class,Consumer
DC-103958,7625,2016-12-19,Oceania,Australia,New South Wales,Technology,Apple Smart Device,3,43.23,0.125,113.48,28.53,-35.4901,150.2036,Standard Class,Consumer
DC-103959,3512,2017-11-29,South,United States,Florida,Technology,Apple Smart Device,5,464.21,0.235,1775.6,-140.6,27.6277,-79.2305,First Class,Consumer
DC-103960,3263,2015-01-07,Central,United States,Texas,Technology,LED Monitor,1,91.87,0.174,75.88,17.43,32.8391,-100.7447,First Class,Consumer
DC-103961,1149,2015-03-04,West,United States,California,Furniture,Bookshelf,3,82.98,0.211,196.41,11.52,36.9791,-121.9299,Standard Class,Consumer
DC-103962,5488,2017-09-13,East,United States,New York,Furniture,Conference Table,3,70.24,0.15,179.11,-14.35,40.4542,-74.2074,Standard Class,Consumer
DC-103963,5539,2017-02-22,Canada,Canada,Ontario,Furniture,Storage Cabinet,1,334.17,0.195,269.01,-20.58,42.2373,-79.2381,Second Class,Consumer
DC-103964,7490,2017-01-17,Oceania,Australia,New South Wales,Sports & Outdoors,Running Shoes,4,184.45,0.27,538.59,137.22,-34.6126,149.4776,First Class,Corporate
DC-103965,4349,2016-03-12,Central,United States,Texas,Furniture,Storage Cabinet,2,832.74,0.151,1413.99,-23.27,31.2534,-98.669,Second Class,Consumer
DC-103966,7023,2017-02-15,South,United States,Florida,Office Supplies,File Folder,3,837.31,0.299,1760.86,152.54,27.7769,-80.2393,First Class,Consumer
DC-103967,3478,2016-09-05,Southeast Asia,Singapore,Singapore,Technology,Bluetooth Headset,1,226.79,0.172,187.78,45.63,2.863,100.2347,Standard Class,Home Office
DC-103968,2860,2016-11-20,Canada,Canada,Ontario,Office Supplies,Pen Set,3,43.68,0.282,94.09,6.73,44.5912,-80.6817,Second Class,Corporate
DC-103969,1218,2015-09-24,Canada,Canada,Ontario,Furniture,Office Chair,1,757.9,0.061,711.67,134.56,44.4952,-78.3085,Second Class,Consumer
DC-103970,2262,2017-07-14,Southeast Asia,Singapore,Singapore,Sports & Outdoors,Mountain Bike,2,320.06,0.276,463.45,13.14,1.6596,100.6412,Second Class,Corporate
DC-103971,5093,2015-12-12,Canada,Canada,Ontario,Office Supplies,Pen Set,5,351.16,0.198,1408.15,15.33,44.4077,-80.3698,Standard Class,Corporate
DC-103972,4116,2015-03-11,Oceania,Australia,New South Wales,Technology,Apple Smart Device,2,335.54,0.046,640.21,-58.14,-31.1521,150.5863,Second Class,Consumer
DC-103973,3000,2016-12-05,Northern Europe,United Kingdom,England,Furniture,Office Chair,5,439.02,0.065,2052.42,204.19,51.9129,0.1688,Second Class,Consumer
DC-103974,3672,2015-09-16,South,United States,Florida,Technology,Bluetooth Headset,5,449.58,0.126,1964.66,433.07,27.061,-80.9872,Standard Class,Consumer
DC-103975,2480,2016-05-03,South,United States,Florida,Technology,LED Monitor,4,157.85,0.248,474.81,-9.46,28.1739,-79.3047,Standard Class,Consumer
DC-103976,4136,2017-06-12,Oceania,Australia,New South Wales,Office Supplies,File Folder,5,498.91,0.178,2050.52,-102.48,-31.8228,151.6119,Second Class,Corporate
DC-103977,7253,2015-11-11,South,United States,Florida,Furniture,Office Chair,4,796.88,0.147,2718.95,397.4,27.5947,-80.1746,Standard Class,Corporate
DC-103978,5806,2015-05-05,East,United States,New York,Furniture,Storage Cabinet,5,606.45,0.242,2298.45,158.44,42.8458,-73.6247,Second Class,Corporate
DC-103979,2531,2017-11-17,South,United States,Florida,Technology,Bluetooth Headset,1,520.39,0.265,382.49,36.99,27.4854,-81.9359,Second Class,Consumer
DC-103980,1211,2016-11-06,Western Europe,France,Ile-de-France,Furniture,Office Chair,1,331.78,0.107,296.28,-8.7,46.655,3.1349,Standard Class,Consumer
DC-103981,1691,2016-02-25,Central,United States,Texas,Technology,Apple Smart Device,4,531.56,0.215,1669.1,224.13,31.3141,-100.6706,Standard Class,Home Office
DC-103982,5889,2017-07-12,South Asia,India,Maharashtra,Technology,Apple Smart Device,2,116.74,0.12,205.46,39.16,20.8726,75.956,Standard Class,Corporate
DC-103983,3422,2016-04-13,South,United States,Florida,Sports & Outdoors,Running Shoes,5,583.89,0.113,2589.55,-257.93,27.1091,-84.1861,Standard Class,Corporate
DC-103984,3537,2016-08-23,Western Europe,France,Ile-de-France,Sports & Outdoors,Camping Tent,4,136.02,0.063,509.8,106.44,50.6859,0.2222,First Class,Home Office
DC-103985,2307,2017-09-27,Canada,Canada,Ontario,Furniture,Conference Table,3,24.53,0.172,60.93,5.96,44.0392,-81.0038,Second Class,Consumer
DC-103986,3629,2017-11-22,South Asia,India,Maharashtra,Technology,LED Monitor,1,740.03,0.189,600.16,100.21,20.5598,74.0711,Standard Class,Consumer
DC-103987,2288,2016-03-15,South Asia,India,Maharashtra,Office Supplies,Pen Set,3,399.84,0.149,1020.79,70.11,19.1821,78.5407,Standard Class,Consumer
DC-103988,6087,2015-10-12,Oceania,Australia,New South Wales,Sports & Outdoors,Running Shoes,2,461.37,0.26,682.83,37.96,-35.2453,151.768,Same Day,Consumer
DC-103989,7477,2016-03-04,Canada,Canada,Ontario,Furniture,Wooden Desk,3,745.59,0.042,2142.83,-168.8,43.1654,-78.6193,Second Class,Corporate
DC-103990,1652,2017-01-30,Oceania,Australia,New South Wales,Sports & Outdoors,Fitness Equipment,4,865.68,0.249,2600.5,-234.51,-33.2472,152.2922,Standard Class,Consumer
DC-103991,3487,2017-02-16,West,United States,California,Technology,Wireless Keyboard,1,16.45,0.026,16.02,3.74,35.8068,-121.1362,Second Class,Consumer
DC-103992,6880,2016-11-24,Southeast Asia,Singapore,Singapore,Office Supplies,Pen Set,4,334.59,0.198,1073.36,64.94,1.6091,107.124,Standard Class,Home Office
DC-103993,5280,2017-05-05,Northern Europe,United Kingdom,England,Office Supplies,Pen Set,1,846.3,0.19,685.5,-61.56,52.4255,0.1516,Second Class,Corporate
DC-103994,6456,2016-11-24,Southeast Asia,Singapore,Singapore,Sports & Outdoors,Sports Bag,1,314.98,0.254,234.98,37.53,-1.0837,102.088,Standard Class,Consumer
DC-103995,5292,2016-09-13,Western Europe,France,Ile-de-France,Furniture,Office Chair,1,599.81,0.08,551.83,96.38,48.2263,2.4323,Standard Class,Consumer
DC-103996,3821,2016-11-25,Western Europe,France,Ile-de-France,Technology,Wireless Keyboard,5,51.44,0.157,216.82,40.49,47.6081,1.0237,Second Class,Consumer
DC-103997,1026,2016-04-17,West,United States,California,Furniture,Bookshelf,4,112.48,0.128,392.33,41.8,37.001,-119.5533,Standard Class,Corporate
DC-103998,1379,2017-03-22,Oceania,Australia,New South Wales,Technology,Wireless Keyboard,5,100.8,0.117,445.03,101.6,-35.1358,150.7251,Standard Class,Home Office
DC-103999,7122,2015-05-22,Central,United States,Texas,Office Supplies,Stapler,5,160.47,0.293,567.26,18.47,28.8628,-100.6946,Standard Class,Consumer
DC-104000,7728,2015-08-05,Canada,Canada,Ontario,Technology,Bluetooth Headset,4,776.43,0.074,2875.9,699.31,45.1306,-80.5132,Standard Class,Home Office
DC-104001,3531,2017-03-11,East,United States,New York,Technology,Wireless Keyboard,1,285.26,0.151,242.19,-15.22,42.6284,-73.4759,Standard Class,Consumer
DC-104002,2899,2015-02-12,Southeast Asia,Singapore,Singapore,Sports & Outdoors,Camping Tent,3,866.81,0.075,2405.4,-0.43,-0.1368,103.9981,Standard Class,Consumer
DC-104003,4567,2016-10-18,West,United States,California,Sports & Outdoors,Running Shoes,4,686.9,0.271,2003.0,-177.75,37.8351,-119.6597,Standard Class,Corporate
DC-104004,7868,2015-10-24,Southeast Asia,Singapore,Singapore,Furniture,Bookshelf,1,558.84,0.18,458.25,4.4,1.574,106.6033,Second Class,Consumer
DC-104005,4969,2016-03-27,Western Europe,France,Ile-de-France,Office Supplies,Notebook,4,610.62,0.098,2203.12,420.5,48.5205,2.237,Standard Class,Consumer
DC-104006,7660,2015-08-18,Northern Europe,United Kingdom,England,Office Supplies,Pen Set,2,813.96,0.288,1159.08,-88.59,53.4099,-0.067,Standard Class,Consumer
DC-104007,2880,2017-11-05,Western Europe,France,Ile-de-France,Technology,Wireless Keyboard,2,298.0,0.271,434.48,42.0,47.4351,3.8938,Standard Class,Consumer
DC-104008,2945,2016-04-30,Oceania,Australia,New South Wales,Sports & Outdoors,Sports Bag,5,591.89,0.263,2181.11,312.08,-32.7236,151.0135,First Class,Corporate
DC-104009,5339,2016-08-07,Oceania,Australia,New South Wales,Sports & Outdoors,Camping Tent,1,159.64,0.135,138.09,36.28,-34.3903,152.7857,Second Class,Corporate
DC-104010,4072,2016-02-03,East,United States,New York,Office Supplies,Notebook,5,615.99,0.004,3067.63,-284.2,42.7582,-74.7344,Same Day,Home Office
DC-104011,6849,2016-04-18,South Asia,India,Maharashtra,Technology,Laptop Computer,1,625.48,0.25,469.11,119.49,20.2161,74.4762,Standard Class,Home Office
DC-104012,6702,2017-11-22,Northern Europe,United Kingdom,England,Sports & Outdoors,Fitness Equipment,5,101.88,0.19,412.61,84.99,51.2861,-1.805,First Class,Corporate
DC-104013,7276,2015-11-10,South Asia,India,Maharashtra,Sports & Outdoors,Mountain Bike,4,735.12,0.065,2749.35,97.69,21.4373,75.7995,Second Class,Consumer
DC-104014,3418,2015-04-23,Western Europe,France,Ile-de-France,Technology,Laptop Computer,3,224.39,0.175,555.37,-9.1,49.4088,1.8915,Standard Class,Home Office
DC-104015,3965,2017-07-14,South Asia,India,Maharashtra,Technology,Laptop Computer,2,669.75,0.103,1201.53,23.7,20.0402,77.2667,Standard Class,Consumer
DC-104016,5854,2017-11-10,Oceania,Australia,New South Wales,Technology,Laptop Computer,1,591.06,0.015,582.19,107.86,-35.4515,149.5647,Standard Class,Consumer
DC-104017,7796,2018-01-02,Central,United States,Texas,Furniture,Storage Cabinet,2,660.44,0.126,1154.45,186.6,29.8899,-100.3372,Second Class,Consumer
DC-104018,4730,2017-11-14,Canada,Canada,Ontario,Technology,LED Monitor,1,823.24,0.162,689.88,7.83,45.5002,-81.1762,Standard Class,Corporate
DC-104019,4767,2018-01-04,Northern Europe,United Kingdom,England,Furniture,Conference Table,3,611.11,0.146,1565.66,26.64,51.1117,1.4015,Second Class,Home Office
DC-104020,2099,2017-03-11,Western Europe,France,Ile-de-France,Technology,Wireless Keyboard,3,622.51,0.211,1473.48,-44.41,50.5573,1.9261,Standard Class,Home Office
DC-104021,2096,2017-11-21,Oceania,Australia,New South Wales,Furniture,Office Chair,1,440.65,0.024,430.07,43.22,-34.126,150.7391,Standard Class,Consumer
DC-104022,4232,2016-08-05,Central,United States,Texas,Technology,Bluetooth Headset,2,365.51,0.269,534.38,-44.26,31.1475,-101.4739,Standard Class,Corporate
DC-104023,2455,2016-06-20,East,United States,New York,Furniture,Conference Table,2,692.43,0.129,1206.21,-23.98,44.1495,-75.787,Standard Class,Consumer
DC-104024,6908,2016-12-31,Oceania,Australia,New South Wales,Technology,Wireless Keyboard,4,251.14,0.151,852.87,54.26,-33.4688,149.758,Standard Class,Home Office
DC-104025,2707,2016-07-14,Canada,Canada,Ontario,Office Supplies,Printer Paper,2,869.44,0.122,1526.74,197.26,42.9965,-80.0745,Same Day,Home Office
DC-104026,4032,2015-09-02,Northern Europe,United Kingdom,England,Office Supplies,Printer Paper,5,698.11,0.197,2802.91,63.95,51.6277,-3.0308,Second Class,Corporate
DC-104027,6236,2017-09-26,Canada,Canada,Ontario,Furniture,Wooden Desk,4,670.17,0.203,2136.5,435.93,45.6663,-79.489,Standard Class,Consumer
DC-104028,3735,2015-02-20,Northern Europe,United Kingdom,England,Sports & Outdoors,Fitness Equipment,5,830.66,0.094,3762.89,705.04,53.5851,-1.4691,Second Class,Consumer
DC-104029,2292,2016-09-11,Western Europe,France,Ile-de-France,Sports & Outdoors,Mountain Bike,4,341.68,0.23,1052.37,174.19,49.0292,0.8226,Standard Class,Consumer
DC-104030,4931,2016-07-05,Southeast Asia,Singapore,Singapore,Technology,LED Monitor,2,760.8,0.02,1491.17,69.4,1.7577,102.1049,Standard Class,Corporate
DC-104031,5375,2016-10-06,South Asia,India,Maharashtra,Technology,Bluetooth Headset,1,110.59,0.12,97.32,7.5,17.8986,74.0229,Second Class,Consumer
DC-104032,4120,2017-03-25,South,United States,Florida,Office Supplies,Pen Set,1,881.01,0.12,775.29,-79.24,27.1722,-80.7117,First Class,Consumer
DC-104033,2693,2017-09-28,Southeast Asia,Singapore,Singapore,Technology,Apple Smart Device,1,370.92,0.181,303.78,67.49,2.3095,103.8395,Second Class,Consumer
DC-104034,6630,2016-05-25,South Asia,India,Maharashtra,Sports & Outdoors,Camping Tent,3,13.43,0.02,39.48,-2.43,19.0095,76.1493,First Class,Home Office
DC-104035,5635,2016-05-23,Western Europe,France,Ile-de-France,Furniture,Office Chair,4,489.29,0.088,1784.93,286.11,49.2997,3.964,Standard Class,Corporate
DC-104036,2201,2016-05-09,South,United States,Florida,Furniture,Conference Table,3,625.97,0.073,1740.82,-36.44,28.4462,-80.9018,Standard Class,Consumer
DC-104037,6475,2017-08-21,South,United States,Florida,Furniture,Bookshelf,4,594.46,0.049,2261.33,-201.29,28.007,-79.3118,Standard Class,Corporate
DC-104038,2203,2017-09-25,South Asia,India,Maharashtra,Office Supplies,Printer Paper,2,248.62,0.08,457.46,24.2,19.6245,77.2067,First Class,Consumer
DC-104039,7833,2016-04-24,East,United States,New York,Office Supplies,Printer Paper,4,687.77,0.055,2599.77,-127.57,41.4546,-72.6244,Standard Class,Corporate
DC-104040,1179,2015-06-02,Northern Europe,United Kingdom,England,Sports & Outdoors,Camping Tent,1,244.46,0.154,206.81,-0.39,51.7208,-0.3774,Standard Class,Corporate
DC-104041,3722,2015-04-16,East,United States,New York,Office Supplies,Stapler,1,786.15,0.132,682.38,110.33,41.6269,-76.932,Standard Class,Corporate
DC-104042,7509,2017-04-14,South,United States,Florida,Office Supplies,Notebook,2,132.62,0.031,257.02,17.35,28.478,-82.5932,Standard Class,Home Office
DC-104043,7678,2016-02-26,West,United States,California,Office Supplies,Pen Set,3,788.25,0.116,2090.44,289.24,37.9223,-117.7864,Standard Class,Consumer
DC-104044,6072,2017-10-19,Southeast Asia,Singapore,Singapore,Technology,Bluetooth Headset,5,409.56,0.015,2017.08,220.45,0.7373,102.036,Second Class,Home Office
DC-104045,3413,2017-05-16,Oceania,Australia,New South Wales,Office Supplies,Stapler,4,758.06,0.269,2216.57,-265.0,-32.8961,151.6701,Same Day,Consumer
DC-104046,1720,2017-04-18,West,United States,California,Technology,Wireless Keyboard,4,199.08,0.286,568.57,7.94,35.2695,-119.7388,Standard Class,Corporate
DC-104047,2665,2016-12-19,Oceania,Australia,New South Wales,Furniture,Bookshelf,3,223.1,0.275,485.24,-35.67,-32.0902,149.923,Standard Class,Corporate
DC-104048,7638,2016-05-12,West,United States,California,Furniture,Conference Table,4,729.04,0.068,2717.86,80.11,37.4154,-120.9137,Second Class,Corporate
DC-104049,7821,2016-07-27,Western Europe,France,Ile-de-France,Furniture,Office Chair,3,369.79,0.141,952.95,161.53,48.6412,3.7302,Standard Class,Corporate
DC-104050,4164,2015-10-12,Northern Europe,United Kingdom,England,Office Supplies,Stapler,2,624.79,0.249,938.43,143.15,52.6775,-4.8928,Standard Class,Corporate
DC-104051,5680,2017-01-27,South,United States,Florida,Sports & Outdoors,Running Shoes,2,162.88,0.134,282.11,42.69,27.7568,-81.605,Second Class,Consumer
DC-104052,1017,2017-08-07,Oceania,Australia,New South Wales,Furniture,Storage Cabinet,3,271.37,0.112,722.93,199.04,-34.3034,154.2246,Second Class,Consumer
DC-104053,7275,2015-07-20,South,United States,Florida,Technology,LED Monitor,4,84.9,0.222,264.21,1.53,26.9612,-84.4943,Standard Class,Consumer
DC-104054,4534,2017-09-06,South Asia,India,Maharashtra,Sports & Outdoors,Running Shoes,4,229.5,0.218,717.88,4.11,18.5546,77.1213,Standard Class,Home Office
DC-104055,6217,2016-03-16,West,United States,California,Office Supplies,Pen Set,4,114.22,0.011,451.85,85.03,35.8786,-116.6319,Standard Class,Home Office
DC-104056,5457,2015-08-17,Western Europe,France,Ile-de-France,Sports & Outdoors,Fitness Equipment,2,351.31,0.001,701.92,1.91,46.8883,4.5919,Standard Class,Consumer
DC-104057,6311,2016-10-20,Central,United States,Texas,Furniture,Wooden Desk,3,76.19,0.013,225.6,14.52,30.9434,-100.1387,Standard Class,Corporate
DC-104058,7516,2017-07-22,Oceania,Australia,New South Wales,Sports & Outdoors,Sports Bag,5,586.91,0.257,2180.37,496.78,-34.645,150.4132,Second Class,Consumer
DC-104059,7989,2016-12-31,Southeast Asia,Singapore,Singapore,Office Supplies,Notebook,5,458.95,0.076,2120.35,207.11,0.9175,105.9774,Standard Class,Consumer
DC-104060,4703,2017-09-01,Western Europe,France,Ile-de-France,Technology,Laptop Computer,3,508.11,0.149,1297.2,-48.22,48.1849,3.2742,Standard Class,Corporate
DC-104061,7842,2017-07-18,East,United States,New York,Furniture,Conference Table,4,259.55,0.069,966.56,194.01,42.45,-73.5438,Second Class,Corporate
DC-104062,1278,2015-03-03,East,United States,New York,Technology,LED Monitor,1,673.4,0.28,484.85,89.67,44.4129,-75.0278,Second Class,Consumer
DC-104063,7100,2016-06-26,East,United States,New York,Technology,Apple Smart Device,5,765.45,0.043,3662.68,397.88,43.0044,-78.6491,Second Class,Consumer
DC-104064,3885,2015-09-14,Central,United States,Texas,Office Supplies,Printer Paper,1,409.22,0.028,397.76,50.38,30.3784,-99.0294,Same Day,Corporate
DC-104065,2339,2017-09-19,East,United States,New York,Office Supplies,File Folder,4,662.95,0.262,1957.03,-169.57,42.544,-73.5133,First Class,Consumer
DC-104066,2122,2016-05-18,Central,United States,Texas,Furniture,Office Chair,2,766.14,0.159,1288.65,272.74,31.0945,-99.5935,Standard Class,Consumer
DC-104067,2734,2015-08-26,Western Europe,France,Ile-de-France,Furniture,Conference Table,5,828.45,0.222,3222.67,-373.84,50.7048,2.4131,Standard Class,Consumer
DC-104068,6606,2016-07-02,Oceania,Australia,New South Wales,Sports & Outdoors,Running Shoes,2,320.03,0.043,612.54,-14.4,-34.4002,148.2715,Second Class,Consumer
DC-104069,6201,2017-09-21,South,United States,Florida,Technology,Bluetooth Headset,4,788.13,0.143,2701.71,-148.07,28.898,-81.4216,Standard Class,Home Office
DC-104070,6833,2015-01-28,South Asia,India,Maharashtra,Furniture,Storage Cabinet,5,353.1,0.068,1645.45,340.32,20.4887,75.0272,Standard Class,Corporate
DC-104071,7792,2016-10-10,West,United States,California,Office Supplies,File Folder,4,38.03,0.169,126.41,-12.56,36.7312,-118.5384,First Class,Consumer
DC-104072,3859,2015-06-02,Northern Europe,United Kingdom,England,Office Supplies,File Folder,4,724.78,0.112,2574.42,306.56,52.3904,0.4957,Standard Class,Consumer
DC-104073,6549,2016-11-10,East,United States,New York,Sports & Outdoors,Mountain Bike,3,307.0,0.145,787.45,129.75,42.2178,-73.8212,First Class,Home Office
DC-104074,1791,2016-10-30,Central,United States,Texas,Technology,Bluetooth Headset,2,496.08,0.197,796.7,-14.26,30.799,-100.8731,Standard Class,Consumer
DC-104075,6970,2016-11-19,Western Europe,France,Ile-de-France,Sports & Outdoors,Fitness Equipment,3,56.23,0.018,165.65,-9.94,49.5024,3.3717,Standard Class,Home Office
DC-104076,2867,2016-11-20,Western Europe,France,Ile-de-France,Office Supplies,Pen Set,2,261.46,0.196,420.43,30.37,50.2863,5.8578,Standard Class,Consumer
DC-104077,2244,2015-08-22,Western Europe,France,Ile-de-France,Office Supplies,Printer Paper,1,449.9,0.287,320.78,23.36,47.5953,3.7362,Second Class,Home Office
DC-104078,6989,2015-07-02,South,United States,Florida,Furniture,Wooden Desk,1,183.73,0.127,160.4,39.17,26.2332,-81.3196,Second Class,Consumer
DC-104079,1630,2016-10-21,Central,United States,Texas,Office Supplies,Stapler,4,569.68,0.26,1686.25,466.56,30.1315,-101.436,Standard Class,Home Office
DC-104080,5594,2016-03-19,South Asia,India,Maharashtra,Furniture,Office Chair,3,547.29,0.186,1336.48,97.87,18.7071,75.2236,Second Class,Consumer
DC-104081,6148,2018-01-22,Central,United States,Texas,Furniture,Storage Cabinet,5,711.15,0.294,2510.36,-161.36,31.795,-100.5126,Standard Class,Home Office
DC-104082,7893,2018-01-21,South Asia,India,Maharashtra,Sports & Outdoors,Fitness Equipment,3,665.15,0.091,1813.86,342.15,20.9892,78.4425,Standard Class,Consumer
DC-104083,2356,2015-08-06,Canada,Canada,Ontario,Sports & Outdoors,Fitness Equipment,3,567.48,0.106,1521.98,-151.78,42.0276,-78.0902,Standard Class,Corporate
DC-104084,2756,2017-03-02,South,United States,Florida,Office Supplies,File Folder,3,607.41,0.011,1802.19,257.61,26.0684,-78.4381,Same Day,Home Office
DC-104085,7505,2017-03-05,Northern Europe,United Kingdom,England,Sports & Outdoors,Sports Bag,3,751.88,0.1,2030.08,194.08,50.8328,-1.3477,Standard Class,Consumer
DC-104086,7782,2016-12-07,Oceania,Australia,New South Wales,Office Supplies,Pen Set,1,500.11,0.028,486.11,40.69,-32.2808,152.2224,Standard Class,Home Office
DC-104087,6038,2017-12-31,South Asia,India,Maharashtra,Office Supplies,Pen Set,1,830.38,0.006,825.4,59.43,20.8552,75.9542,Standard Class,Consumer
DC-104088,3055,2017-10-05,Canada,Canada,Ontario,Sports & Outdoors,Mountain Bike,1,794.97,0.171,659.03,-22.61,42.8384,-81.1076,Second Class,Corporate
DC-104089,1069,2016-09-21,Western Europe,France,Ile-de-France,Sports & Outdoors,Mountain Bike,2,426.95,0.185,695.93,158.02,47.7858,1.4683,Standard Class,Consumer
DC-104090,1334,2017-02-04,Northern Europe,United Kingdom,England,Sports & Outdoors,Sports Bag,2,384.59,0.2,615.34,-4.76,55.1267,1.518,Second Class,Consumer
DC-104091,6885,2015-10-20,East,United States,New York,Office Supplies,Notebook,5,636.01,0.225,2464.54,345.16,43.6383,-75.7429,First Class,Home Office
DC-104092,3303,2015-08-05,Southeast Asia,Singapore,Singapore,Office Supplies,Stapler,1,420.94,0.195,338.86,-15.33,-0.5069,103.7968,Standard Class,Consumer
DC-104093,1071,2015-11-04,Central,United States,Texas,Technology,Apple Smart Device,2,404.88,0.157,682.63,139.28,31.0446,-99.7911,Second Class,Home Office
DC-104094,5636,2015-03-07,West,United States,California,Technology,LED Monitor,1,361.99,0.059,340.63,77.35,36.6097,-120.3031,Standard Class,Home Office
DC-104095,3706,2016-08-23,Central,United States,Texas,Technology,Apple Smart Device,2,662.7,0.094,1200.81,-40.87,33.8637,-98.6896,Standard Class,Consumer
DC-104096,4426,2016-12-24,Canada,Canada,Ontario,Office Supplies,Stapler,5,323.9,0.062,1519.09,-89.5,43.7012,-80.1288,Standard Class,Corporate
DC-104097,4429,2017-01-24,East,United States,New York,Technology,LED Monitor,5,833.79,0.295,2939.11,653.24,41.5508,-77.6474,Second Class,Consumer
DC-104098,3266,2017-09-25,Southeast Asia,Singapore,Singapore,Sports & Outdoors,Sports Bag,2,276.58,0.284,396.06,74.66,1.9274,108.9155,First Class,Consumer
DC-104099,5417,2015-07-07,West,United States,California,Sports & Outdoors,Sports Bag,2,305.6,0.032,591.64,156.79,37.4214,-116.5947,Standard Class,Consumer
DC-104100,6036,2018-01-16,Canada,Canada,Ontario,Furniture,Wooden Desk,4,685.29,0.189,2223.08,-252.84,44.3932,-76.4236,Second Class,Corporate
DC-104101,5884,2016-06-13,Canada,Canada,Ontario,Sports & Outdoors,Mountain Bike,5,750.45,0.086,3429.56,-161.22,44.6969,-79.8208,Second Class,Home Office
DC-104102,5215,2017-11-17,East,United States,New York,Technology,LED Monitor,1,235.15,0.095,212.81,-14.34,43.8208,-72.4156,Second Class,Corporate
DC-104103,2617,2016-12-12,Oceania,Australia,New South Wales,Technology,Wireless Keyboard,2,813.18,0.033,1572.69,-6.91,-34.2408,151.075,First Class,Consumer
DC-104104,2577,2015-04-25,Northern Europe,United Kingdom,England,Office Supplies,File Folder,4,276.6,0.254,825.37,-34.29,53.607,-0.4344,Standard Class,Home Office
DC-104105,7845,2016-02-05,South Asia,India,Maharashtra,Technology,Bluetooth Headset,2,646.14,0.046,1232.84,-103.6,18.7413,76.8619,Second Class,Corporate
DC-104106,1869,2017-11-05,Central,United States,Texas,Furniture,Office Chair,3,786.63,0.284,1689.68,221.67,31.4044,-101.9363,Standard Class,Consumer
DC-104107,7955,2017-05-06,Western Europe,France,Ile-de-France,Technology,Laptop Computer,5,665.49,0.061,3124.48,90.54,49.0947,2.0885,Standard Class,Consumer
DC-104108,3659,2015-04-28,Northern Europe,United Kingdom,England,Sports & Outdoors,Sports Bag,2,781.82,0.025,1524.55,296.53,53.082,-0.5704,Same Day,Consumer
DC-104109,4313,2015-09-17,Northern Europe,United Kingdom,England,Office Supplies,Pen Set,2,292.64,0.282,420.23,42.37,52.9732,-1.4225,Standard Class,Consumer
DC-104110,4256,2018-01-25,Northern Europe,United Kingdom,England,Furniture,Bookshelf,2,745.33,0.087,1360.97,132.49,50.531,-0.462,Standard Class,Corporate
DC-104111,5052,2016-01-10,South,United States,Florida,Office Supplies,Pen Set,1,523.05,0.022,511.54,24.83,26.9972,-80.8859,Standard Class,Home Office
DC-104112,2548,2017-06-06,South Asia,India,Maharashtra,Furniture,Conference Table,2,204.55,0.095,370.24,32.51,19.4229,74.5274,First Class,Consumer
DC-104113,4285,2016-07-25,Central,United States,Texas,Technology,Bluetooth Headset,1,263.69,0.138,227.3,13.13,30.3017,-101.222,Same Day,Consumer
DC-104114,7126,2015-03-21,Northern Europe,United Kingdom,England,Technology,Bluetooth Headset,2,703.73,0.153,1192.12,-47.13,51.0107,-2.2848,Standard Class,Consumer
DC-104115,1750,2015-08-03,Canada,Canada,Ontario,Sports & Outdoors,Camping Tent,5,697.58,0.1,3139.11,-350.51,43.4545,-80.1303,Standard Class,Corporate
DC-104116,6702,2017-02-21,Western Europe,France,Ile-de-France,Technology,Apple Smart Device,1,268.8,0.205,213.7,28.83,48.9476,-0.5411,First Class,Consumer
DC-104117,6826,2015-06-26,Central,United States,Texas,Office Supplies,Printer Paper,4,579.17,0.292,1640.21,-66.33,32.4834,-98.766,Standard Class,Consumer
DC-104118,3571,2015-02-23,Western Europe,France,Ile-de-France,Furniture,Office Chair,4,280.45,0.221,873.88,-50.42,49.5462,2.2565,Standard Class,Home Office
DC-104119,3351,2015-02-07,Central,United States,Texas,Technology,Apple Smart Device,1,893.54,0.216,700.54,92.5,31.7741,-97.5875,Standard Class,Corporate
DC-104120,2938,2016-10-19,Southeast Asia,Singapore,Singapore,Technology,Laptop Computer,2,21.15,0.15,35.95,3.33,1.0728,103.4302,Standard Class,Consumer
DC-104121,7694,2016-04-07,South Asia,India,Maharashtra,Technology,LED Monitor,4,262.01,0.123,919.13,-26.27,18.6056,74.5155,Second Class,Consumer
DC-104122,1874,2018-01-29,East,United States,New York,Office Supplies,File Folder,2,571.92,0.055,1080.93,14.22,42.7274,-74.1941,Standard Class,Consumer
DC-104123,4367,2015-01-09,Northern Europe,United Kingdom,England,Furniture,Bookshelf,3,515.01,0.181,1265.38,243.19,53.455,0.1119,First Class,Corporate
DC-104124,6049,2015-11-26,Northern Europe,United Kingdom,England,Technology,Wireless Keyboard,2,404.99,0.062,759.76,46.45,50.2983,-1.0294,Second Class,Home Office
DC-104125,6355,2017-12-14,East,United States,New York,Office Supplies,Notebook,1,451.67,0.094,409.21,-34.03,41.7048,-75.9315,Standard Class,Corporate
DC-104126,2565,2017-05-09,Northern Europe,United Kingdom,England,Furniture,Conference Table,4,74.47,0.007,295.79,-0.36,51.3178,-0.2099,Standard Class,Home Office
DC-104127,5897,2016-08-12,Oceania,Australia,New South Wales,Sports & Outdoors,Running Shoes,4,593.01,0.158,1997.26,-233.93,-33.6135,149.7758,Second Class,Consumer
DC-104128,5920,2016-02-03,Northern Europe,United Kingdom,England,Office Supplies,Pen Set,5,26.08,0.237,99.5,14.57,51.1872,-0.7559,First Class,Consumer
DC-104129,7101,2015-04-30,West,United States,California,Office Supplies,File Folder,3,77.26,0.255,172.68,1.46,37.9117,-119.4998,Second Class,Consumer
DC-104130,7089,2015-08-26,Oceania,Australia,New South Wales,Sports & Outdoors,Running Shoes,5,686.96,0.111,3053.54,505.72,-33.0662,150.2968,Second Class,Home Office
DC-104131,1208,2017-01-27,South Asia,India,Maharashtra,Technology,Apple Smart Device,5,773.64,0.16,3249.29,-255.62,20.5704,76.0513,Standard Class,Corporate
DC-104132,7933,2016-12-19,South,United States,Florida,Sports & Outdoors,Mountain Bike,3,129.41,0.287,276.81,-22.03,26.5353,-80.8094,Standard Class,Consumer
DC-104133,1421,2017-09-03,Western Europe,France,Ile-de-France,Furniture,Wooden Desk,3,809.03,0.082,2228.07,577.29,47.3886,6.7289,Second Class,Corporate
DC-104134,7556,2017-05-21,Western Europe,France,Ile-de-France,Technology,Bluetooth Headset,5,594.33,0.177,2445.67,-6.06,48.6028,4.7082,First Class,Corporate
DC-104135,3911,2017-07-26,Western Europe,France,Ile-de-France,Office Supplies,Pen Set,4,530.94,0.273,1543.97,-45.09,52.1983,1.5572,Second Class,Consumer
DC-104136,4653,2015-04-14,Oceania,Australia,New South Wales,Technology,Laptop Computer,5,454.49,0.015,2238.36,588.83,-33.4561,151.852,Second Class,Consumer
DC-104137,7325,2015-09-07,Northern Europe,United Kingdom,England,Office Supplies,Notebook,1,105.52,0.295,74.39,-6.83,52.6506,1.0309,Standard Class,Consumer
DC-104138,6897,2015-03-23,East,United States,New York,Technology,Laptop Computer,3,385.69,0.152,981.2,29.65,43.2715,-76.7628,Standard Class,Consumer
DC-104139,6842,2015-09-23,West,United States,California,Sports & Outdoors,Fitness Equipment,4,434.73,0.235,1330.27,-137.22,36.7492,-118.9255,Standard Class,Corporate
DC-104140,3351,2017-09-09,South Asia,India,Maharashtra,Office Supplies,Printer Paper,5,210.1,0.024,1025.29,240.07,20.9921,75.6407,Standard Class,Consumer
DC-104141,3622,2017-06-16,Central,United States,Texas,Sports & Outdoors,Fitness Equipment,5,126.78,0.105,567.34,39.02,31.2141,-99.1006,Second Class,Corporate
DC-104142,4186,2015-10-15,Southeast Asia,Singapore,Singapore,Furniture,Wooden Desk,3,263.53,0.15,672.0,30.37,-0.1876,103.0535,Standard Class,Consumer
DC-104143,6919,2015-05-04,Canada,Canada,Ontario,Sports & Outdoors,Running Shoes,3,710.84,0.279,1537.55,-61.96,42.3463,-81.5057,Standard Class,Consumer
DC-104144,5969,2016-10-24,South Asia,India,Maharashtra,Sports & Outdoors,Running Shoes,4,71.15,0.001,284.32,32.13,19.7505,76.1319,Standard Class,Corporate
DC-104145,7423,2016-04-22,Canada,Canada,Ontario,Office Supplies,File Folder,1,303.29,0.214,238.39,-1.31,45.9435,-79.8277,Standard Class,Consumer
DC-104146,2007,2017-06-08,South,United States,Florida,Sports & Outdoors,Sports Bag,5,782.17,0.143,3351.6,-85.14,28.0702,-83.7361,Second Class,Consumer
DC-104147,6361,2017-12-18,Southeast Asia,Singapore,Singapore,Furniture,Bookshelf,4,766.73,0.015,3020.92,393.88,0.9748,103.6033,Standard Class,Consumer
DC-104148,2876,2017-10-08,Canada,Canada,Ontario,Technology,Bluetooth Headset,5,444.04,0.024,2166.92,386.51,45.2147,-80.0784,Standard Class,Home Office
DC-104149,5990,2017-07-24,South,United States,Florida,Office Supplies,Stapler,2,123.85,0.055,234.08,5.86,30.6615,-84.1982,Second Class,Corporate
DC-104150,6000,2015-04-25,South,United States,Florida,Technology,Wireless Keyboard,5,318.69,0.256,1185.53,104.54,29.099,-81.0702,Standard Class,Home Office
DC-104151,1251,2017-01-26,Southeast Asia,Singapore,Singapore,Office Supplies,Pen Set,1,15.01,0.14,12.91,3.23,0.3556,102.5611,Same Day,Consumer
DC-104152,6933,2015-02-23,Central,United States,Texas,Office Supplies,Notebook,2,409.57,0.113,726.58,161.38,29.4788,-98.958,Second Class,Consumer
DC-104153,3289,2017-09-24,East,United States,New York,Furniture,Conference Table,5,573.15,0.276,2074.8,-130.09,43.3737,-71.9937,Second Class,Home Office
DC-104154,6202,2017-07-10,Oceania,Australia,New South Wales,Sports & Outdoors,Camping Tent,3,694.86,0.201,1665.58,288.38,-32.4753,151.3498,Second Class,Consumer
DC-104155,7386,2016-11-02,Oceania,Australia,New South Wales,Sports & Outdoors,Mountain Bike,5,475.18,0.068,2214.34,106.68,-35.0086,149.8847,Standard Class,Consumer
DC-104156,5265,2015-09-27,Canada,Canada,Ontario,Office Supplies,Stapler,3,837.76,0.095,2274.52,255.86,43.4075,-79.2432,Standard Class,Corporate
DC-104157,6443,2017-07-22,South,United States,Florida,Sports & Outdoors,Camping Tent,2,540.82,0.227,836.11,186.56,25.003,-84.207,First Class,Corporate
DC-104158,1255,2017-11-25,Southeast Asia,Singapore,Singapore,Sports & Outdoors,Fitness Equipment,4,368.27,0.297,1035.58,285.61,-0.465,101.095,Second Class,Consumer
DC-104159,6358,2015-11-02,Northern Europe,United Kingdom,England,Furniture,Storage Cabinet,1,639.43,0.29,454.0,-23.05,52.8303,-1.9749,Standard Class,Consumer
DC-104160,5121,2015-03-17,Central,United States,Texas,Furniture,Storage Cabinet,5,680.47,0.074,3150.58,-351.06,30.469,-99.5058,Standard Class,Corporate
DC-104161,6867,2016-01-20,Oceania,Australia,New South Wales,Sports & Outdoors,Mountain Bike,1,301.88,0.196,242.71,57.45,-31.431,151.3331,Standard Class,Consumer
DC-104162,1103,2017-09-08,Central,United States,Texas,Office Supplies,File Folder,2,432.28,0.255,644.1,179.14,30.475,-98.9922,Second Class,Corporate
DC-104163,7210,2017-04-13,South,United States,Florida,Furniture,Storage Cabinet,5,144.37,0.285,516.12,-26.3,28.2714,-79.4519,First Class,Corporate
DC-104164,1735,2015-11-30,South,United States,Florida,Office Supplies,Stapler,3,814.67,0.167,2035.86,-188.9,25.9213,-83.2809,Standard Class,Consumer
DC-104165,6437,2015-11-04,Northern Europe,United Kingdom,England,Furniture,Storage Cabinet,2,662.69,0.28,954.27,159.55,48.8396,-1.6533,First Class,Corporate
DC-104166,1572,2015-06-15,Canada,Canada,Ontario,Office Supplies,Printer Paper,3,479.26,0.255,1071.15,230.12,43.368,-80.3811,Standard Class,Consumer
DC-104167,1044,2017-11-13,Canada,Canada,Ontario,Furniture,Storage Cabinet,2,295.97,0.022,578.92,73.8,42.4584,-78.3485,Standard Class,Consumer
DC-104168,6084,2016-11-26,East,United States,New York,Furniture,Conference Table,2,564.21,0.16,947.87,169.56,42.0181,-74.8333,First Class,Corporate
DC-104169,5706,2017-02-17,Canada,Canada,Ontario,Office Supplies,Pen Set,4,524.06,0.265,1540.74,-60.99,45.6304,-81.1344,Second Class,Home Office
DC-104170,1021,2017-08-14,South Asia,India,Maharashtra,Sports & Outdoors,Running Shoes,4,573.55,0.119,2021.19,203.11,20.7032,73.1035,Standard Class,Consumer
DC-104171,1029,2016-09-26,Northern Europe,United Kingdom,England,Office Supplies,Pen Set,3,841.75,0.112,2242.42,337.55,51.5373,-2.5444,Standard Class,Corporate
DC-104172,6099,2016-12-19,Western Europe,France,Ile-de-France,Office Supplies,Pen Set,1,588.3,0.248,442.4,-32.83,48.7293,3.2295,Standard Class,Consumer
DC-104173,1953,2017-07-02,West,United States,California,Furniture,Bookshelf,4,764.42,0.104,2739.68,-78.84,36.5624,-117.1761,First Class,Consumer
DC-104174,2655,2017-02-17,West,United States,California,Technology,Laptop Computer,1,793.66,0.224,615.88,-21.38,37.2748,-120.0503,Standard Class,Corporate
DC-104175,1645,2016-12-18,South,United States,Florida,Sports & Outdoors,Mountain Bike,4,273.58,0.25,820.74,83.14,26.8701,-83.1133,Standard Class,Corporate
DC-104176,5475,2015-11-10,East,United States,New York,Sports & Outdoors,Fitness Equipment,1,637.83,0.257,473.91,5.76,43.1069,-78.2072,Standard Class,Consumer
DC-104177,7350,2016-08-26,Southeast Asia,Singapore,Singapore,Office Supplies,File Folder,2,785.46,0.285,1123.21,217.09,0.9334,106.4384,Standard Class,Home Office
DC-104178,7163,2016-07-16,South Asia,India,Maharashtra,Technology,Laptop Computer,2,601.88,0.086,1100.24,-123.88,20.2065,76.7627,First Class,Corporate
DC-104179,4994,2015-04-13,East,United States,New York,Technology,Laptop Computer,1,566.16,0.036,545.78,98.86,45.1069,-75.4174,Standard Class,Consumer
DC-104180,5735,2016-08-07,East,United States,New York,Furniture,Office Chair,3,354.91,0.105,952.93,84.22,41.2187,-73.8104,Second Class,Home Office
DC-104181,2289,2016-10-28,South,United States,Florida,Furniture,Wooden Desk,3,360.25,0.046,1031.04,93.74,26.7502,-85.8249,Same Day,Consumer
DC-104182,6739,2017-12-02,South Asia,India,Maharashtra,Technology,LED Monitor,4,122.41,0.134,424.03,82.72,18.8753,77.945,Standard Class,Consumer
DC-104183,1532,2015-02-08,South,United States,Florida,Technology,Bluetooth Headset,2,437.14,0.007,868.16,130.16,27.9691,-81.4487,Standard Class,Consumer
DC-104184,2587,2017-01-11,Central,United States,Texas,Technology,LED Monitor,2,639.34,0.143,1095.83,-123.3,32.2429,-99.234,Standard Class,Corporate
DC-104185,1933,2016-06-22,West,United States,California,Technology,Bluetooth Headset,5,19.76,0.055,93.37,2.2,38.4153,-118.3901,Standard Class,Consumer
DC-104186,4567,2017-07-17,West,United States,California,Furniture,Wooden Desk,5,739.46,0.142,3172.28,425.26,37.1448,-116.2017,Second Class,Consumer
DC-104187,2815,2016-06-29,West,United States,California,Sports & Outdoors,Sports Bag,2,278.79,0.062,523.01,-44.7,36.247,-122.0272,First Class,Consumer
DC-104188,2113,2017-03-01,West,United States,California,Sports & Outdoors,Mountain Bike,5,246.55,0.229,950.45,-94.73,38.396,-121.3907,First Class,Consumer
DC-104189,3467,2017-11-08,South Asia,India,Maharashtra,Furniture,Wooden Desk,1,213.03,0.268,155.94,24.63,21.367,75.4742,First Class,Corporate
DC-104190,2392,2017-02-27,West,United States,California,Technology,Wireless Keyboard,3,564.87,0.286,1209.95,317.82,35.8501,-116.4909,Second Class,Home Office
DC-104191,7849,2016-05-26,Central,United States,Texas,Office Supplies,File Folder,3,341.31,0.264,753.61,36.72,30.7268,-98.5923,Standard Class,Consumer
DC-104192,7905,2016-02-29,Southeast Asia,Singapore,Singapore,Furniture,Conference Table,3,235.58,0.267,518.04,19.39,3.0136,104.8627,First Class,Consumer
DC-104193,7958,2015-09-16,South Asia,India,Maharashtra,Technology,LED Monitor,3,414.14,0.196,998.91,-81.26,17.7416,75.6286,Standard Class,Consumer
DC-104194,2677,2017-10-03,South,United States,Florida,Furniture,Bookshelf,5,428.58,0.169,1780.75,12.28,27.7615,-78.7656,First Class,Consumer
DC-104195,6078,2016-04-17,Western Europe,France,Ile-de-France,Office Supplies,Stapler,3,732.5,0.172,1819.53,417.66,50.0203,3.163,Standard Class,Consumer
DC-104196,1181,2017-08-03,East,United States,New York,Office Supplies,File Folder,3,365.73,0.015,1080.73,251.69,42.4376,-77.2134,Standard Class,Consumer
DC-104197,6929,2016-08-29,Oceania,Australia,New South Wales,Office Supplies,File Folder,2,516.59,0.214,812.08,132.13,-32.8884,153.9556,Second Class,Consumer
DC-104198,2713,2017-12-01,Western Europe,France,Ile-de-France,Furniture,Wooden Desk,5,870.53,0.223,3382.01,-357.63,46.1944,1.28,Standard Class,Corporate
DC-104199,6587,2017-12-12,Oceania,Australia,New South Wales,Sports & Outdoors,Fitness Equipment,5,349.88,0.249,1313.8,-96.21,-34.9359,152.5214,Second Class,Corporate
DC-104200,2736,2016-03-23,West,United States,California,Furniture,Wooden Desk,4,156.97,0.174,518.63,-47.26,37.9383,-118.6261,Second Class,Consumer
DC-104201,3906,2017-07-31,Central,United States,Texas,Office Supplies,Printer Paper,5,131.26,0.118,578.86,-1.41,33.2488,-98.573,Standard Class,Consumer
DC-104202,3899,2016-09-14,Canada,Canada,Ontario,Furniture,Office Chair,1,655.55,0.018,643.75,159.63,44.5581,-79.3153,Standard Class,Consumer
DC-104203,3568,2015-04-29,Canada,Canada,Ontario,Office Supplies,Pen Set,4,547.92,0.268,1604.31,384.68,43.0175,-81.6624,Standard Class,Consumer
DC-104204,7518,2017-02-11,South Asia,India,Maharashtra,Sports & Outdoors,Fitness Equipment,1,768.53,0.275,557.18,-4.39,20.5513,76.6312,Standard Class,Consumer
DC-104205,7516,2017-03-11,Southeast Asia,Singapore,Singapore,Sports & Outdoors,Fitness Equipment,4,550.58,0.071,2045.96,85.15,2.4085,107.1854,Standard Class,Corporate
DC-104206,7634,2017-11-12,South,United States,Florida,Office Supplies,Stapler,2,283.18,0.125,495.56,-0.76,29.4382,-79.1052,Standard Class,Consumer
DC-104207,3211,2017-05-05,West,United States,California,Furniture,Conference Table,4,855.3,0.056,3229.61,764.61,36.5206,-118.3746,Same Day,Home Office
DC-104208,1274,2017-04-16,Western Europe,France,Ile-de-France,Office Supplies,Printer Paper,3,26.57,0.005,79.31,-5.63,48.0121,3.19,Standard Class,Consumer
DC-104209,2209,2016-02-01,Northern Europe,United Kingdom,England,Office Supplies,Stapler,4,556.15,0.018,2184.56,-2.27,52.4542,-1.5124,First Class,Consumer
DC-104210,5622,2015-10-24,Western Europe,France,Ile-de-France,Technology,Apple Smart Device,2,307.22,0.037,591.71,45.15,49.3558,3.2243,Standard Class,Consumer
DC-104211,3383,2017-12-02,Central,United States,Texas,Technology,LED Monitor,4,129.59,0.01,513.18,4.16,31.3273,-99.3202,Second Class,Consumer
DC-104212,4177,2015-09-07,West,United States,California,Office Supplies,Stapler,3,513.23,0.185,1254.85,-65.59,36.2608,-119.0233,Standard Class,Consumer
DC-104213,5939,2017-01-07,Oceania,Australia,New South Wales,Sports & Outdoors,Sports Bag,3,490.09,0.178,1208.56,197.22,-33.4613,150.8115,First Class,Corporate
DC-104214,2422,2016-10-08,Oceania,Australia,New South Wales,Furniture,Storage Cabinet,4,740.62,0.176,2441.08,408.94,-35.4519,149.2093,Second Class,Consumer
DC-104215,5623,2016-11-14,Oceania,Australia,New South Wales,Technology,Laptop Computer,3,824.96,0.033,2393.21,-28.25,-32.7501,148.3007,Standard Class,Corporate
DC-104216,6704,2015-08-19,West,United States,California,Office Supplies,Stapler,5,637.79,0.098,2876.43,-95.95,36.5968,-118.287,Standard Class,Consumer
DC-104217,3373,2017-03-02,South Asia,India,Maharashtra,Sports & Outdoors,Mountain Bike,1,45.55,0.092,41.36,1.22,18.743,77.5581,First Class,Consumer
DC-104218,2188,2016-10-04,South,United States,Florida,Technology,Wireless Keyboard,4,562.97,0.122,1977.15,290.87,27.4214,-82.5791,Second Class,Consumer
DC-104219,1834,2016-06-12,Central,United States,Texas,Technology,Laptop Computer,5,773.99,0.257,2875.37,604.64,30.7184,-97.9725,First Class,Home Office
DC-104220,1132,2017-03-31,South,United States,Florida,Technology,Apple Smart Device,3,527.77,0.065,1480.39,-72.12,29.0598,-83.992,Second Class,Consumer
DC-104221,6626,2016-07-29,Western Europe,France,Ile-de-France,Sports & Outdoors,Camping Tent,4,573.03,0.015,2257.74,199.77,48.8433,4.09,Standard Class,Consumer
DC-104222,5370,2016-06-25,Canada,Canada,Ontario,Sports & Outdoors,Fitness Equipment,1,38.44,0.079,35.4,5.53,43.0413,-80.3479,First Class,Corporate
DC-104223,6082,2015-08-05,Central,United States,Texas,Furniture,Office Chair,1,161.56,0.23,124.4,-8.2,30.8808,-99.8729,Same Day,Consumer
DC-104224,4852,2015-08-03,Oceania,Australia,New South Wales,Sports & Outdoors,Camping Tent,4,833.62,0.023,3257.79,647.02,-34.579,153.5384,Standard Class,Home Office
DC-104225,6850,2016-05-14,Western Europe,France,Ile-de-France,Sports & Outdoors,Running Shoes,3,698.76,0.284,1500.94,305.72,50.1564,0.7876,Standard Class,Corporate
DC-104226,4979,2017-09-18,South Asia,India,Maharashtra,Technology,Laptop Computer,2,476.35,0.299,667.84,146.13,19.3768,76.7426,Standard Class,Consumer
DC-104227,3137,2015-12-12,South Asia,India,Maharashtra,Technology,Apple Smart Device,1,575.42,0.118,507.52,-32.84,19.5246,75.6156,Standard Class,Corporate
DC-104228,7582,2015-05-12,Northern Europe,United Kingdom,England,Sports & Outdoors,Running Shoes,4,211.85,0.121,744.86,-83.7,54.1396,-3.5399,Second Class,Consumer
DC-104229,5338,2015-12-16,Northern Europe,United Kingdom,England,Sports & Outdoors,Fitness Equipment,3,345.41,0.133,898.41,51.1,52.7978,-0.2084,Second Class,Home Office
DC-104230,1206,2016-01-18,West,United States,California,Furniture,Conference Table,2,546.12,0.076,1009.23,46.15,35.5857,-119.0441,Standard Class,Home Office
DC-104231,4396,2015-12-18,Canada,Canada,Ontario,Technology,Laptop Computer,1,214.52,0.061,201.43,-20.64,45.0718,-80.2041,Standard Class,Consumer
DC-104232,3181,2018-01-12,Canada,Canada,Ontario,Technology,Laptop Computer,1,430.87,0.114,381.75,97.99,45.3744,-81.2969,Standard Class,Consumer
DC-104233,4433,2017-07-02,Southeast Asia,Singapore,Singapore,Technology,Apple Smart Device,5,698.22,0.03,3386.37,804.46,1.657,105.1109,Second Class,Consumer
DC-104234,3445,2015-11-04,South,United States,Florida,Technology,Laptop Computer,1,375.49,0.036,361.97,47.08,25.9148,-83.0148,Standard Class,Consumer
DC-104235,3955,2016-08-14,Southeast Asia,Singapore,Singapore,Technology,Wireless Keyboard,5,711.85,0.298,2498.59,574.85,-1.1335,103.6367,Same Day,Consumer
DC-104236,6547,2017-03-09,Oceania,Australia,New South Wales,Technology,LED Monitor,1,890.86,0.169,740.3,185.33,-34.6514,152.4446,First Class,Consumer
DC-104237,2795,2015-02-24,South Asia,India,Maharashtra,Office Supplies,File Folder,2,50.26,0.061,94.39,7.24,19.3978,76.1626,Standard Class,Corporate
DC-104238,2504,2016-09-29,Canada,Canada,Ontario,Sports & Outdoors,Running Shoes,3,677.33,0.116,1796.28,191.68,43.0017,-77.7409,Second Class,Consumer
DC-104239,1249,2016-02-08,Central,United States,Texas,Office Supplies,Printer Paper,3,794.65,0.152,2021.59,29.54,30.7886,-100.3003,Standard Class,Consumer
DC-104240,2844,2016-07-17,Southeast Asia,Singapore,Singapore,Technology,Apple Smart Device,5,179.13,0.248,673.53,-18.97,0.5728,104.1752,Standard Class,Home Office
DC-104241,2006,2016-09-24,East,United States,New York,Furniture,Bookshelf,4,530.5,0.18,1740.04,448.9,44.0812,-74.9767,Second Class,Consumer
DC-104242,3586,2016-09-18,Oceania,Australia,New South Wales,Office Supplies,Pen Set,2,718.86,0.211,1134.36,175.47,-34.3909,153.6464,Second Class,Consumer
DC-104243,3133,2017-09-17,Southeast Asia,Singapore,Singapore,Sports & Outdoors,Camping Tent,1,55.22,0.199,44.23,10.48,2.3985,106.0872,Standard Class,Corporate
DC-104244,7728,2017-11-11,Canada,Canada,Ontario,Office Supplies,Notebook,5,60.46,0.01,299.28,4.6,42.5473,-79.6027,Standard Class,Consumer
DC-104245,2964,2017-11-17,East,United States,New York,Furniture,Bookshelf,2,803.49,0.266,1179.52,144.16,43.9056,-72.4249,Standard Class,Home Office
DC-104246,5060,2016-06-28,South Asia,India,Maharashtra,Technology,Laptop Computer,4,317.0,0.171,1051.17,10.6,18.8508,74.2017,Standard Class,Corporate
DC-104247,3561,2015-04-14,East,United States,New York,Furniture,Office Chair,2,255.84,0.168,425.72,56.83,44.238,-75.815,Standard Class,Corporate
DC-104248,3107,2016-07-24,Canada,Canada,Ontario,Furniture,Bookshelf,1,112.13,0.096,101.37,26.51,41.0769,-81.3416,Standard Class,Consumer
DC-104249,5957,2016-09-23,West,United States,California,Sports & Outdoors,Camping Tent,4,26.58,0.078,98.03,3.93,37.9529,-121.9991,Standard Class,Consumer
DC-104250,6648,2016-11-16,Central,United States,Texas,Sports & Outdoors,Mountain Bike,3,588.36,0.198,1415.59,91.19,31.5848,-100.4255,Second Class,Corporate
DC-104251,4840,2015-12-10,Oceania,Australia,New South Wales,Furniture,Wooden Desk,3,145.95,0.125,383.12,-43.46,-33.8,150.9013,Second Class,Consumer
DC-104252,6120,2015-11-04,Southeast Asia,Singapore,Singapore,Furniture,Storage Cabinet,1,36.06,0.158,30.36,5.29,-0.1954,104.5537,Second Class,Corporate
DC-104253,3634,2015-02-23,Southeast Asia,Singapore,Singapore,Sports & Outdoors,Sports Bag,3,266.47,0.139,688.29,181.02,2.6318,103.4346,Standard Class,Consumer
DC-104254,5764,2016-04-14,Southeast Asia,Singapore,Singapore,Furniture,Bookshelf,4,473.31,0.222,1472.94,44.15,2.019,100.8434,Standard Class,Consumer
DC-104255,1519,2015-07-11,East,United States,New York,Sports & Outdoors,Running Shoes,3,580.86,0.284,1247.69,-126.12,44.0998,-75.2091,Second Class,Consumer
DC-104256,1009,2015-01-06,Canada,Canada,Ontario,Furniture,Conference Table,2,68.3,0.088,124.58,9.11,44.6942,-77.3216,Standard Class,Corporate
DC-104257,2512,2015-07-12,East,United States,New York,Sports & Outdoors,Camping Tent,5,305.82,0.292,1082.6,158.56,42.8582,-74.5586,Standard Class,Consumer
DC-104258,2455,2017-11-12,Southeast Asia,Singapore,Singapore,Technology,Laptop Computer,1,893.09,0.05,848.44,138.22,1.5531,105.7864,Second Class,Home Office
DC-104259,4307,2016-07-22,South,United States,Florida,Sports & Outdoors,Fitness Equipment,4,78.36,0.136,270.81,51.82,26.1895,-80.9304,Standard Class,Corporate
DC-104260,2313,2016-03-29,Canada,Canada,Ontario,Office Supplies,File Folder,4,645.49,0.073,2393.48,170.84,43.6933,-81.2777,Standard Class,Consumer
DC-104261,3014,2017-12-31,Southeast Asia,Singapore,Singapore,Technology,Laptop Computer,2,273.81,0.048,521.33,102.76,1.6264,102.4388,Standard Class,Consumer
DC-104262,1402,2017-12-06,West,United States,California,Technology,Bluetooth Headset,3,735.55,0.06,2074.25,-83.61,39.0964,-118.0142,Standard Class,Home Office
DC-104263,5707,2016-10-07,West,United States,California,Furniture,Wooden Desk,2,898.8,0.192,1452.46,-64.37,40.034,-120.5344,Second Class,Consumer
DC-104264,5120,2016-07-20,South Asia,India,Maharashtra,Sports & Outdoors,Sports Bag,1,183.11,0.231,140.81,-9.89,18.852,71.9017,Standard Class,Consumer
DC-104265,1891,2017-11-02,Oceania,Australia,New South Wales,Furniture,Storage Cabinet,5,392.28,0.275,1422.01,112.55,-33.287,154.5889,Second Class,Corporate
DC-104266,4759,2017-05-03,Central,United States,Texas,Technology,Laptop Computer,4,382.06,0.208,1210.37,137.83,28.8084,-100.9542,Standard Class,Consumer
DC-104267,5755,2017-04-30,Northern Europe,United Kingdom,England,Technology,Apple Smart Device,3,412.38,0.213,973.63,207.77,50.4951,-4.4342,Second Class,Consumer
DC-104268,3475,2015-12-16,Southeast Asia,Singapore,Singapore,Sports & Outdoors,Mountain Bike,3,26.33,0.06,74.25,5.99,1.0813,105.125,First Class,Home Office
DC-104269,6915,2015-09-21,East,United States,New York,Technology,Laptop Computer,5,163.55,0.112,726.16,-61.96,44.1904,-76.597,Standard Class,Consumer
DC-104270,2687,2015-06-27,Canada,Canada,Ontario,Office Supplies,Notebook,3,128.42,0.103,345.58,91.56,45.2924,-80.0187,First Class,Consumer
DC-104271,7092,2017-09-11,East,United States,New York,Technology,Laptop Computer,3,125.89,0.089,344.06,5.49,40.266,-75.5034,Standard Class,Consumer
DC-104272,2144,2016-05-15,Southeast Asia,Singapore,Singapore,Technology,Laptop Computer,3,614.74,0.062,1729.88,54.04,1.5865,106.2683,Second Class,Consumer
DC-104273,3981,2015-04-27,Canada,Canada,Ontario,Sports & Outdoors,Camping Tent,5,331.78,0.14,1426.65,90.65,44.7892,-80.6236,Standard Class,Corporate
DC-104274,4742,2015-03-11,South Asia,India,Maharashtra,Furniture,Storage Cabinet,1,130.91,0.074,121.22,25.28,20.3877,75.194,Standard Class,Consumer
DC-104275,2671,2015-08-26,South Asia,India,Maharashtra,Technology,Apple Smart Device,2,816.57,0.299,1144.83,145.24,19.6326,76.6357,Standard Class,Consumer
DC-104276,4302,2015-12-06,East,United States,New York,Furniture,Conference Table,1,740.53,0.144,633.89,-50.86,41.749,-73.5119,First Class,Home Office
DC-104277,4358,2015-07-08,Canada,Canada,Ontario,Office Supplies,Notebook,5,739.38,0.072,3430.72,324.65,41.6567,-78.1687,Standard Class,Consumer
DC-104278,6857,2015-08-27,Canada,Canada,Ontario,Technology,Wireless Keyboard,1,413.89,0.213,325.73,22.29,42.5915,-80.1439,Standard Class,Corporate
DC-104279,1332,2017-11-21,Western Europe,France,Ile-de-France,Office Supplies,Pen Set,2,387.9,0.162,650.12,69.63,49.048,2.4072,Second Class,Consumer
DC-104280,1241,2017-10-18,Oceania,Australia,New South Wales,Sports & Outdoors,Camping Tent,2,877.14,0.005,1745.51,369.98,-34.6968,149.9282,Standard Class,Home Office
DC-104281,2429,2016-12-20,Northern Europe,United Kingdom,England,Technology,LED Monitor,5,836.25,0.028,4064.17,-345.8,52.5354,-0.8411,First Class,Corporate
DC-104282,4315,2015-10-10,Canada,Canada,Ontario,Technology,Bluetooth Headset,5,85.86,0.284,307.38,5.94,43.5269,-78.9369,Standard Class,Corporate
DC-104283,1327,2015-03-29,Oceania,Australia,New South Wales,Furniture,Office Chair,5,242.77,0.077,1120.38,81.78,-32.8129,152.4067,Second Class,Home Office
DC-104284,4903,2017-05-06,Northern Europe,United Kingdom,England,Technology,Wireless Keyboard,4,747.63,0.135,2586.8,231.69,51.9137,-0.4367,Second Class,Consumer
DC-104285,2770,2015-04-29,Oceania,Australia,New South Wales,Furniture,Storage Cabinet,1,155.97,0.128,136.01,1.42,-34.0846,150.6329,Standard Class,Consumer
DC-104286,6665,2015-09-22,South,United States,Florida,Furniture,Bookshelf,3,171.6,0.148,438.61,98.01,26.5162,-83.9047,Standard Class,Consumer
DC-104287,6310,2016-09-22,Southeast Asia,Singapore,Singapore,Office Supplies,Stapler,4,564.63,0.247,1700.67,-134.09,0.7143,103.1847,Standard Class,Consumer
DC-104288,7472,2016-12-17,Oceania,Australia,New South Wales,Office Supplies,Pen Set,1,244.84,0.159,205.91,4.99,-32.3616,151.7281,Same Day,Consumer
DC-104289,2657,2015-11-16,Western Europe,France,Ile-de-France,Technology,Apple Smart Device,4,258.58,0.19,837.8,-30.55,51.1963,3.3642,Second Class,Corporate
DC-104290,1535,2016-02-03,Central,United States,Texas,Sports & Outdoors,Camping Tent,4,220.6,0.161,740.33,136.44,33.2931,-100.481,Second Class,Consumer
DC-104291,5814,2015-10-12,East,United States,New York,Furniture,Conference Table,5,109.28,0.283,391.77,-25.83,42.3761,-73.4856,Second Class,Corporate
DC-104292,6353,2017-06-25,Oceania,Australia,New South Wales,Furniture,Office Chair,4,630.88,0.263,1859.83,341.53,-32.745,150.8754,Second Class,Consumer
DC-104293,2274,2016-04-28,Central,United States,Texas,Technology,Apple Smart Device,4,360.03,0.133,1248.58,160.26,28.5343,-101.213,Standard Class,Corporate
DC-104294,6701,2015-10-11,East,United States,New York,Office Supplies,Notebook,3,106.5,0.082,293.3,-3.2,40.7768,-73.0276,Second Class,Consumer
DC-104295,4432,2016-03-19,South Asia,India,Maharashtra,Furniture,Office Chair,1,376.45,0.245,284.22,27.65,19.8704,77.4073,Standard Class,Consumer
DC-104296,1375,2017-12-27,Central,United States,Texas,Technology,Bluetooth Headset,2,835.25,0.284,1196.08,127.0,31.2114,-99.0737,First Class,Consumer
DC-104297,5980,2015-11-29,Western Europe,France,Ile-de-France,Sports & Outdoors,Running Shoes,5,766.95,0.121,3370.75,184.92,49.6439,0.5254,First Class,Consumer
DC-104298,5243,2016-05-31,Northern Europe,United Kingdom,England,Furniture,Storage Cabinet,2,725.69,0.015,1429.61,204.75,51.4953,0.683,Standard Class,Consumer
DC-104299,2407,2017-08-07,South Asia,India,Maharashtra,Furniture,Conference Table,5,890.65,0.176,3669.48,323.2,19.9021,76.2449,Standard Class,Corporate
DC-104300,4249,2017-04-02,East,United States,New York,Sports & Outdoors,Mountain Bike,4,320.0,0.027,1245.44,267.12,42.4864,-76.9485,Second Class,Consumer
DC-104301,1840,2017-11-16,South Asia,India,Maharashtra,Technology,Wireless Keyboard,4,740.79,0.022,2897.97,242.31,20.5483,73.9912,Standard Class,Consumer
DC-104302,2451,2015-10-21,West,United States,California,Office Supplies,Printer Paper,3,118.86,0.034,344.46,4.16,36.0958,-118.9747,Second Class,Corporate
DC-104303,6836,2016-08-11,South,United States,Florida,Sports & Outdoors,Running Shoes,3,584.51,0.006,1743.01,6.63,26.477,-80.9091,First Class,Consumer
DC-104304,1035,2017-12-03,West,United States,California,Technology,Bluetooth Headset,3,352.2,0.126,923.47,-68.32,36.5477,-119.6686,Standard Class,Corporate
DC-104305,4962,2015-10-20,Oceania,Australia,New South Wales,Technology,Apple Smart Device,5,712.03,0.272,2591.79,408.56,-34.262,150.6321,Standard Class,Home Office
DC-104306,5178,2016-11-17,South,United States,Florida,Sports & Outdoors,Sports Bag,4,865.83,0.128,3020.02,-47.38,26.5004,-80.6978,Second Class,Consumer
DC-104307,6611,2016-02-22,South Asia,India,Maharashtra,Technology,Bluetooth Headset,5,655.59,0.148,2792.81,-82.74,20.3985,77.5435,Same Day,Corporate
DC-104308,4610,2015-09-05,South,United States,Florida,Office Supplies,File Folder,5,336.7,0.269,1230.64,305.43,27.7811,-80.9692,Standard Class,Corporate
DC-104309,2220,2015-10-06,South,United States,Florida,Technology,Laptop Computer,2,243.49,0.135,421.24,85.38,28.8529,-81.5179,Second Class,Corporate
DC-104310,6466,2015-07-04,Southeast Asia,Singapore,Singapore,Office Supplies,Pen Set,1,262.44,0.291,186.07,-17.63,1.0387,103.8588,Second Class,Consumer
DC-104311,1754,2015-11-08,South Asia,India,Maharashtra,Technology,Laptop Computer,4,565.37,0.274,1641.83,-14.3,21.0047,76.768,Standard Class,Consumer
DC-104312,3797,2017-02-02,South Asia,India,Maharashtra,Furniture,Bookshelf,5,486.87,0.165,2032.68,454.04,19.8833,75.7751,Second Class,Consumer
DC-104313,7694,2015-04-23,South Asia,India,Maharashtra,Furniture,Bookshelf,5,279.13,0.17,1158.39,189.7,20.6628,76.074,Standard Class,Home Office
DC-104314,1943,2017-04-21,West,United States,California,Furniture,Office Chair,5,784.51,0.263,2890.92,325.7,38.9121,-116.5047,Second Class,Consumer
DC-104315,6905,2016-11-23,West,United States,California,Sports & Outdoors,Running Shoes,1,158.9,0.026,154.77,30.57,37.448,-121.4907,First Class,Consumer
DC-104316,3036,2016-07-03,Central,United States,Texas,Furniture,Storage Cabinet,5,859.99,0.051,4080.65,788.31,30.6713,-102.4924,Second Class,Corporate
DC-104317,3043,2017-06-26,Northern Europe,United Kingdom,England,Furniture,Office Chair,3,508.97,0.048,1453.62,95.61,53.446,-3.5043,Standard Class,Consumer
DC-104318,1136,2018-01-09,Oceania,Australia,New South Wales,Technology,Bluetooth Headset,4,268.01,0.139,923.03,172.34,-34.3949,150.2864,Second Class,Consumer
DC-104319,6862,2016-01-01,West,United States,California,Furniture,Storage Cabinet,3,135.91,0.17,338.42,84.31,34.2612,-119.5416,Standard Class,Corporate
DC-104320,2612,2015-11-14,Southeast Asia,Singapore,Singapore,Furniture,Conference Table,2,887.64,0.277,1283.53,302.18,0.1961,105.0463,First Class,Consumer
DC-104321,7222,2016-09-24,Central,United States,Texas,Furniture,Bookshelf,2,862.53,0.193,1392.12,10.44,30.6164,-99.8822,Second Class,Consumer
DC-104322,3892,2015-07-09,Northern Europe,United Kingdom,England,Technology,Laptop Computer,2,238.15,0.079,438.67,16.04,52.2097,0.2597,Standard Class,Corporate
DC-104323,4558,2015-05-11,Oceania,Australia,New South Wales,Office Supplies,Notebook,5,776.4,0.128,3385.1,-371.4,-33.3944,154.2658,Standard Class,Home Office
DC-104324,7482,2015-07-26,Oceania,Australia,New South Wales,Sports & Outdoors,Sports Bag,2,752.41,0.259,1115.07,80.14,-34.4585,150.8016,Standard Class,Consumer
DC-104325,6534,2016-03-20,Central,United States,Texas,Office Supplies,Notebook,5,882.36,0.244,3335.32,-190.42,30.4551,-97.7409,Same Day,Corporate
DC-104326,6686,2017-07-29,Southeast Asia,Singapore,Singapore,Sports & Outdoors,Camping Tent,5,131.03,0.086,598.81,-1.52,0.1755,104.5713,Same Day,Consumer
DC-104327,3568,2016-02-04,Western Europe,France,Ile-de-France,Office Supplies,Printer Paper,1,539.11,0.252,403.25,26.57,50.7128,0.7136,Same Day,Consumer
DC-104328,3663,2016-09-16,Canada,Canada,Ontario,Sports & Outdoors,Fitness Equipment,2,32.14,0.059,60.49,-3.15,42.9945,-78.5576,Standard Class,Consumer
DC-104329,1014,2017-04-28,Southeast Asia,Singapore,Singapore,Technology,LED Monitor,2,271.33,0.114,480.8,20.17,2.2791,104.7856,First Class,Corporate
DC-104330,2479,2015-07-26,Southeast Asia,Singapore,Singapore,Technology,Wireless Keyboard,5,444.56,0.015,2189.46,108.86,0.4586,103.7501,Second Class,Corporate
DC-104331,7137,2017-06-12,Western Europe,France,Ile-de-France,Technology,Apple Smart Device,3,360.9,0.054,1024.23,91.43,49.4266,1.1687,Same Day,Consumer
DC-104332,4389,2017-11-01,Northern Europe,United Kingdom,England,Office Supplies,Notebook,3,859.75,0.217,2019.55,203.73,52.3842,1.5702,First Class,Consumer
DC-104333,5746,2015-10-31,Central,United States,Texas,Office Supplies,Printer Paper,5,175.12,0.198,702.23,100.39,31.4456,-100.2644,Second Class,Corporate
DC-104334,1964,2015-12-13,Western Europe,France,Ile-de-France,Technology,LED Monitor,1,748.18,0.182,612.01,21.65,48.7475,2.9309,First Class,Home Office
DC-104335,3946,2015-06-13,South,United States,Florida,Office Supplies,Printer Paper,4,848.56,0.163,2840.98,48.36,28.622,-79.8229,Second Class,Corporate
DC-104336,5093,2017-03-13,Northern Europe,United Kingdom,England,Technology,Laptop Computer,1,365.63,0.212,288.12,64.91,50.3615,-1.0166,Standard Class,Consumer
DC-104337,7946,2015-11-09,West,United States,California,Sports & Outdoors,Camping Tent,1,307.02,0.292,217.37,-4.0,37.0602,-118.5731,First Class,Consumer
DC-104338,6558,2015-01-26,Oceania,Australia,New South Wales,Sports & Outdoors,Fitness Equipment,5,585.12,0.031,2834.91,-269.06,-32.7485,150.5972,Standard Class,Corporate
DC-104339,4735,2016-05-29,Oceania,Australia,New South Wales,Furniture,Bookshelf,2,564.7,0.056,1066.15,-56.63,-35.2733,151.062,Standard Class,Corporate
DC-104340,3764,2017-09-01,South Asia,India,Maharashtra,Technology,Bluetooth Headset,1,835.1,0.169,693.97,100.58,19.5934,72.0741,Standard Class,Home Office
DC-104341,5883,2017-06-16,South Asia,India,Maharashtra,Technology,Bluetooth Headset,4,168.23,0.248,506.04,83.7,20.2418,75.6035,First Class,Home Office
DC-104342,2054,2017-10-08,Oceania,Australia,New South Wales,Office Supplies,Printer Paper,2,883.75,0.288,1258.46,246.79,-33.8763,154.9728,First Class,Consumer
DC-104343,1470,2017-02-10,Southeast Asia,Singapore,Singapore,Technology,Wireless Keyboard,4,104.59,0.233,320.88,70.85,2.9191,105.0738,Standard Class,Consumer
DC-104344,5250,2016-03-19,Western Europe,France,Ile-de-France,Furniture,Office Chair,5,747.45,0.174,3086.97,204.49,52.2579,-0.6634,Standard Class,Consumer
DC-104345,2560,2015-09-12,South Asia,India,Maharashtra,Office Supplies,Pen Set,3,287.81,0.046,823.71,147.27,19.9526,75.1953,Second Class,Consumer
DC-104346,6033,2016-10-03,Southeast Asia,Singapore,Singapore,Office Supplies,Stapler,4,374.28,0.001,1495.62,-14.16,0.9377,106.0821,Second Class,Home Office
DC-104347,4615,2017-02-15,Western Europe,France,Ile-de-France,Office Supplies,Stapler,2,405.11,0.289,576.07,-62.33,48.6603,2.2469,First Class,Corporate
DC-104348,1720,2017-12-01,Central,United States,Texas,Sports & Outdoors,Running Shoes,5,159.74,0.033,772.34,205.97,30.2355,-100.2156,Standard Class,Consumer
DC-104349,3338,2015-02-23,South Asia,India,Maharashtra,Office Supplies,Printer Paper,5,776.08,0.051,3682.5,-265.22,19.108,76.2628,First Class,Home Office
DC-104350,1247,2017-12-09,Oceania,Australia,New South Wales,Technology,LED Monitor,3,739.22,0.175,1829.57,58.03,-31.6944,153.593,Standard Class,Consumer
DC-104351,4786,2015-03-23,Oceania,Australia,New South Wales,Office Supplies,Pen Set,4,400.74,0.281,1152.53,-6.37,-34.6926,152.6986,Standard Class,Consumer
DC-104352,1879,2015-12-13,East,United States,New York,Office Supplies,Printer Paper,5,121.73,0.143,521.61,56.1,42.5465,-75.5554,First Class,Consumer
DC-104353,5157,2017-12-18,South Asia,India,Maharashtra,Furniture,Conference Table,1,246.34,0.27,179.83,24.7,19.0856,75.239,Standard Class,Consumer
DC-104354,3234,2016-04-18,West,United States,California,Office Supplies,Pen Set,1,525.78,0.19,425.88,50.24,37.3022,-119.2575,Standard Class,Consumer
DC-104355,3267,2017-02-01,West,United States,California,Office Supplies,Notebook,1,789.28,0.242,598.27,61.73,36.9926,-116.6584,Second Class,Consumer
DC-104356,7041,2016-04-13,East,United States,New York,Sports & Outdoors,Sports Bag,1,221.18,0.174,182.69,22.44,42.5303,-73.9791,Standard Class,Consumer
DC-104357,1551,2016-04-04,South Asia,India,Maharashtra,Office Supplies,Pen Set,4,834.28,0.056,3150.24,-188.02,21.5099,74.3622,Standard Class,Home Office
DC-104358,4823,2015-07-22,Central,United States,Texas,Office Supplies,Notebook,1,600.16,0.13,522.14,89.67,30.3013,-96.5249,Standard Class,Home Office
DC-104359,4516,2016-12-29,Canada,Canada,Ontario,Office Supplies,File Folder,3,897.38,0.27,1965.26,199.93,44.0786,-81.0141,Standard Class,Corporate
DC-104360,2186,2015-08-19,Southeast Asia,Singapore,Singapore,Technology,Laptop Computer,4,888.0,0.087,3242.98,34.18,0.9715,102.1627,Second Class,Corporate
DC-104361,1729,2015-09-05,Central,United States,Texas,Office Supplies,Notebook,4,631.86,0.114,2239.31,71.94,33.3975,-100.3677,Second Class,Home Office
DC-104362,3984,2016-05-28,Oceania,Australia,New South Wales,Furniture,Office Chair,5,337.67,0.162,1414.84,2.38,-32.9552,151.9561,Standard Class,Home Office
DC-104363,3999,2016-05-12,Western Europe,France,Ile-de-France,Office Supplies,Pen Set,1,585.15,0.157,493.28,126.18,47.9429,4.6854,Standard Class,Home Office
DC-104364,2387,2017-05-08,Central,United States,Texas,Sports & Outdoors,Fitness Equipment,1,647.51,0.042,620.31,164.96,31.522,-99.6494,Standard Class,Corporate
DC-104365,7021,2015-09-04,Central,United States,Texas,Furniture,Bookshelf,4,215.93,0.087,788.58,184.77,32.7033,-101.9022,Second Class,Consumer
DC-104366,2202,2017-10-15,Northern Europe,United Kingdom,England,Furniture,Office Chair,1,545.26,0.057,514.18,25.12,51.4328,-1.6857,Second Class,Consumer
DC-104367,5810,2017-02-15,Central,United States,Texas,Technology,Bluetooth Headset,5,300.66,0.079,1384.54,235.12,30.6443,-100.0768,Standard Class,Consumer
DC-104368,4806,2015-11-09,West,United States,California,Sports & Outdoors,Mountain Bike,5,322.11,0.103,1444.66,30.18,36.7693,-117.556,Standard Class,Consumer
DC-104369,5258,2015-10-01,Western Europe,France,Ile-de-France,Furniture,Wooden Desk,3,481.8,0.265,1062.37,230.82,49.5361,-0.576,Standard Class,Consumer
DC-104370,2450,2016-10-23,South Asia,India,Maharashtra,Office Supplies,File Folder,1,186.23,0.146,159.04,-11.16,18.9194,73.797,Standard Class,Home Office
DC-104371,5051,2015-02-06,Oceania,Australia,New South Wales,Sports & Outdoors,Sports Bag,2,402.01,0.052,762.21,36.73,-33.1152,148.9724,Standard Class,Consumer
DC-104372,7085,2016-06-17,East,United States,New York,Furniture,Storage Cabinet,2,869.02,0.198,1393.91,-112.27,43.6557,-74.3125,Standard Class,Consumer
DC-104373,2578,2016-10-27,Northern Europe,United Kingdom,England,Sports & Outdoors,Running Shoes,4,511.16,0.287,1457.83,-107.1,52.9589,-0.9477,First Class,Consumer
DC-104374,2067,2016-09-30,Oceania,Australia,New South Wales,Sports & Outdoors,Running Shoes,1,665.77,0.05,632.48,44.26,-32.8911,148.5483,Same Day,Consumer
DC-104375,7102,2017-10-25,Central,United States,Texas,Sports & Outdoors,Running Shoes,4,102.63,0.16,344.84,-23.04,30.9863,-99.5941,Standard Class,Consumer
DC-104376,7409,2016-11-15,Canada,Canada,Ontario,Office Supplies,Printer Paper,4,763.16,0.244,2307.8,-167.37,43.5555,-81.0633,Second Class,Consumer
DC-104377,3852,2017-11-03,South Asia,India,Maharashtra,Office Supplies,Stapler,5,625.06,0.164,2612.75,534.93,20.7908,75.8274,First Class,Consumer
DC-104378,7894,2017-10-10,South,United States,Florida,Technology,Wireless Keyboard,2,264.64,0.271,385.85,-2.93,27.9528,-80.8395,Standard Class,Consumer
DC-104379,6740,2016-08-16,South,United States,Florida,Office Supplies,Pen Set,1,217.56,0.023,212.56,29.72,27.621,-84.6155,Standard Class,Consumer
DC-104380,7379,2016-09-17,West,United States,California,Office Supplies,Notebook,5,632.5,0.203,2520.51,638.02,39.6298,-118.6883,Second Class,Consumer
DC-104381,1937,2015-09-06,Oceania,Australia,New South Wales,Sports & Outdoors,Sports Bag,4,509.14,0.022,1991.76,351.62,-35.3262,151.0096,Standard Class,Home Office
DC-104382,1023,2016-08-24,East,United States,New York,Office Supplies,Printer Paper,5,638.18,0.247,2402.75,241.13,40.6954,-75.7487,Standard Class,Corporate
DC-104383,5711,2017-06-01,South,United States,Florida,Sports & Outdoors,Running Shoes,1,388.0,0.022,379.46,69.72,27.2593,-81.5973,Standard Class,Consumer
DC-104384,3100,2016-12-01,Western Europe,France,Ile-de-France,Furniture,Bookshelf,4,790.58,0.284,2264.22,339.8,49.3344,2.4673,Second Class,Consumer
DC-104385,2611,2015-06-30,Western Europe,France,Ile-de-France,Office Supplies,Notebook,5,852.27,0.17,3536.92,-140.3,48.9042,4.2788,Second Class,Corporate
DC-104386,3704,2016-02-14,Oceania,Australia,New South Wales,Sports & Outdoors,Mountain Bike,1,778.52,0.196,625.93,-25.26,-33.9861,150.2313,Standard Class,Corporate
DC-104387,4239,2017-06-21,Oceania,Australia,New South Wales,Office Supplies,Printer Paper,2,819.42,0.126,1432.35,124.88,-35.8113,152.146,Standard Class,Consumer
DC-104388,1226,2016-10-31,West,United States,California,Furniture,Storage Cabinet,5,511.45,0.103,2293.85,444.25,36.7915,-119.9001,Same Day,Consumer
DC-104389,5713,2016-10-29,East,United States,New York,Furniture,Bookshelf,2,22.97,0.255,34.23,-1.1,42.9772,-74.3274,Standard Class,Corporate
DC-104390,2542,2017-04-09,Northern Europe,United Kingdom,England,Furniture,Wooden Desk,1,426.6,0.056,402.71,102.76,53.1004,-2.8555,First Class,Consumer
DC-104391,4041,2015-06-07,South Asia,India,Maharashtra,Office Supplies,File Folder,2,696.15,0.274,1010.81,255.98,21.239,75.2059,Standard Class,Home Office
DC-104392,1114,2017-09-30,West,United States,California,Technology,LED Monitor,5,396.41,0.244,1498.43,386.25,37.2751,-118.6705,Second Class,Consumer
DC-104393,4832,2017-03-12,South,United States,Florida,Furniture,Storage Cabinet,4,628.65,0.195,2024.25,162.47,27.119,-80.7978,Standard Class,Corporate
DC-104394,1488,2015-03-22,West,United States,California,Office Supplies,Pen Set,3,434.0,0.107,1162.69,-24.75,39.1429,-119.2689,Standard Class,Corporate
DC-104395,6950,2015-10-09,South,United States,Florida,Furniture,Conference Table,4,775.41,0.075,2869.02,436.99,28.3698,-80.8858,Standard Class,Consumer
DC-104396,4692,2015-11-08,Southeast Asia,Singapore,Singapore,Furniture,Storage Cabinet,5,582.43,0.243,2204.5,-21.72,2.7824,102.7822,Standard Class,Consumer
DC-104397,1097,2015-01-10,Canada,Canada,Ontario,Sports & Outdoors,Fitness Equipment,5,218.27,0.096,986.58,123.51,41.1935,-78.7276,Same Day,Consumer
DC-104398,2739,2017-03-06,East,United States,New York,Technology,Wireless Keyboard,1,45.92,0.116,40.59,3.82,45.2915,-75.6588,Standard Class,Home Office
DC-104399,6713,2016-07-05,Canada,Canada,Ontario,Office Supplies,Printer Paper,2,461.82,0.178,759.23,-25.66,44.1109,-79.2978,First Class,Consumer
DC-104400,7715,2016-05-21,Canada,Canada,Ontario,Office Supplies,File Folder,2,809.61,0.212,1275.95,-137.76,43.5996,-80.6781,Standard Class,Consumer
DC-104401,7338,2016-03-31,Oceania,Australia,New South Wales,Technology,LED Monitor,2,265.3,0.165,443.05,83.83,-35.7273,150.4376,First Class,Consumer
DC-104402,5903,2017-11-26,Canada,Canada,Ontario,Technology,Laptop Computer,2,214.21,0.166,357.3,71.83,44.1612,-79.3551,Standard Class,Consumer
DC-104403,3733,2015-02-19,South Asia,India,Maharashtra,Sports & Outdoors,Fitness Equipment,4,151.66,0.083,556.29,21.82,19.8099,77.7681,First Class,Corporate
DC-104404,4802,2015-07-05,Oceania,Australia,New South Wales,Furniture,Conference Table,2,888.54,0.231,1366.57,259.85,-33.9748,150.8585,Second Class,Consumer
DC-104405,5586,2015-08-10,Northern Europe,United Kingdom,England,Sports & Outdoors,Fitness Equipment,3,262.91,0.224,612.05,78.19,50.8865,1.6722,Second Class,Corporate
DC-104406,5270,2015-08-23,Northern Europe,United Kingdom,England,Sports & Outdoors,Running Shoes,2,415.76,0.044,794.93,-54.94,51.1731,-1.3207,Standard Class,Corporate
DC-104407,6795,2016-07-31,Oceania,Australia,New South Wales,Sports & Outdoors,Running Shoes,4,107.49,0.203,342.68,80.11,-33.9141,152.4951,Standard Class,Consumer
DC-104408,7790,2015-05-16,Central,United States,Texas,Furniture,Wooden Desk,5,596.44,0.292,2111.4,-47.73,31.5374,-100.574,Second Class,Consumer
DC-104409,4369,2016-03-03,Western Europe,France,Ile-de-France,Technology,Apple Smart Device,2,873.66,0.251,1308.74,253.86,49.5195,3.0856,Standard Class,Consumer
DC-104410,7126,2015-08-17,South Asia,India,Maharashtra,Technology,Laptop Computer,1,443.64,0.282,318.53,17.76,21.4869,72.9345,Standard Class,Home Office
DC-104411,2581,2017-07-18,South,United States,Florida,Technology,Wireless Keyboard,1,237.27,0.258,176.05,-19.3,26.5963,-84.4639,Standard Class,Home Office
DC-104412,2043,2016-06-22,Northern Europe,United Kingdom,England,Technology,Bluetooth Headset,4,15.75,0.061,59.16,2.43,52.4459,-1.2958,Standard Class,Corporate
DC-104413,3868,2016-06-14,South Asia,India,Maharashtra,Technology,Bluetooth Headset,4,28.28,0.121,99.43,2.8,20.9898,73.1348,Same Day,Consumer
DC-104414,5845,2016-04-03,West,United States,California,Furniture,Storage Cabinet,3,428.19,0.168,1068.76,-48.81,37.5898,-119.5731,Standard Class,Consumer
DC-104415,1759,2015-01-04,Central,United States,Texas,Furniture,Office Chair,4,501.53,0.149,1707.21,61.35,30.3187,-99.3119,Second Class,Corporate
DC-104416,2324,2017-01-30,Southeast Asia,Singapore,Singapore,Sports & Outdoors,Mountain Bike,2,22.05,0.143,37.79,9.73,1.414,102.9051,Standard Class,Corporate
DC-104417,5216,2016-12-09,Canada,Canada,Ontario,Office Supplies,Stapler,2,161.5,0.003,322.03,-35.71,42.4943,-76.0796,Standard Class,Consumer
DC-104418,1369,2016-05-22,Western Europe,France,Ile-de-France,Sports & Outdoors,Sports Bag,3,474.99,0.205,1132.85,-2.33,47.5107,2.8433,Second Class,Corporate
DC-104419,2890,2017-05-30,Northern Europe,United Kingdom,England,Office Supplies,Pen Set,2,899.41,0.064,1683.7,436.05,50.8954,-0.0764,Standard Class,Consumer
DC-104420,4643,2016-06-16,Western Europe,France,Ile-de-France,Sports & Outdoors,Running Shoes,2,741.6,0.028,1441.67,237.08,49.2729,2.1264,Second Class,Consumer
DC-104421,6645,2015-01-10,Central,United States,Texas,Technology,Wireless Keyboard,1,206.55,0.284,147.89,1.52,29.2548,-100.4987,Same Day,Corporate
DC-104422,7690,2017-04-15,East,United States,New York,Office Supplies,File Folder,3,719.37,0.022,2110.63,-37.61,42.5693,-75.6533,First Class,Consumer
DC-104423,4352,2018-01-16,East,United States,New York,Sports & Outdoors,Running Shoes,4,761.37,0.132,2643.48,580.32,44.179,-77.4762,Standard Class,Corporate
DC-104424,4378,2017-08-22,South,United States,Florida,Office Supplies,Notebook,2,305.66,0.179,501.89,31.71,29.6092,-81.563,Second Class,Consumer
DC-104425,4567,2017-08-11,Canada,Canada,Ontario,Technology,Apple Smart Device,3,721.25,0.285,1547.08,16.65,44.2196,-77.7575,Standard Class,Corporate
DC-104426,1991,2015-06-30,Oceania,Australia,New South Wales,Office Supplies,Notebook,3,404.22,0.214,953.15,225.03,-33.6089,151.1439,Second Class,Consumer
DC-104427,3278,2015-08-12,West,United States,California,Sports & Outdoors,Camping Tent,1,845.92,0.122,742.72,48.71,36.2548,-120.9872,First Class,Consumer
DC-104428,6544,2015-01-25,Southeast Asia,Singapore,Singapore,Office Supplies,Pen Set,1,262.25,0.193,211.64,15.75,1.0347,105.1474,First Class,Consumer
DC-104429,5589,2015-06-23,East,United States,New York,Technology,LED Monitor,5,720.66,0.003,3592.49,935.81,43.3184,-72.1322,Second Class,Consumer
DC-104430,7323,2015-01-30,South Asia,India,Maharashtra,Sports & Outdoors,Sports Bag,1,473.16,0.105,423.48,-46.45,21.0794,76.268,Standard Class,Consumer
DC-104431,1753,2015-03-24,Southeast Asia,Singapore,Singapore,Sports & Outdoors,Fitness Equipment,2,423.4,0.034,818.01,221.79,3.4745,106.1185,Second Class,Corporate
DC-104432,2302,2015-11-23,Western Europe,France,Ile-de-France,Office Supplies,Stapler,3,575.26,0.054,1632.59,-9.36,51.2172,3.705,Standard Class,Home Office
DC-104433,5801,2017-07-14,Oceania,Australia,New South Wales,Technology,Laptop Computer,3,892.31,0.031,2593.95,720.29,-33.7055,151.0581,Second Class,Consumer
DC-104434,3306,2015-03-09,Oceania,Australia,New South Wales,Office Supplies,Notebook,3,142.59,0.043,409.38,-12.04,-32.7454,150.1855,Standard Class,Consumer
DC-104435,1104,2015-01-28,South,United States,Florida,Sports & Outdoors,Running Shoes,3,67.2,0.09,183.46,25.79,27.3376,-81.4877,Same Day,Consumer
DC-104436,5402,2015-11-03,South,United States,Florida,Sports & Outdoors,Mountain Bike,5,371.98,0.169,1545.58,229.05,26.9538,-81.8424,Second Class,Corporate
DC-104437,1481,2016-06-10,Northern Europe,United Kingdom,England,Technology,Laptop Computer,2,782.33,0.104,1401.94,194.47,52.8594,-0.7636,First Class,Corporate
DC-104438,1599,2017-03-17,South Asia,India,Maharashtra,Technology,LED Monitor,3,531.11,0.266,1169.5,221.33,22.8258,75.5085,Standard Class,Consumer
DC-104439,5894,2016-04-11,Southeast Asia,Singapore,Singapore,Sports & Outdoors,Camping Tent,2,504.59,0.121,887.07,222.27,2.3327,103.912,Second Class,Consumer
DC-104440,5679,2017-05-12,Canada,Canada,Ontario,Technology,Bluetooth Headset,3,878.36,0.113,2337.32,7.68,44.5232,-81.4087,Standard Class,Consumer
DC-104441,2611,2017-04-04,Northern Europe,United Kingdom,England,Technology,LED Monitor,1,28.84,0.012,28.49,0.38,52.9509,-1.6323,Standard Class,Consumer
DC-104442,5948,2017-09-16,Northern Europe,United Kingdom,England,Furniture,Wooden Desk,1,567.63,0.22,442.75,-15.79,51.7539,-1.1229,Standard Class,Corporate
DC-104443,4522,2017-10-07,South Asia,India,Maharashtra,Office Supplies,File Folder,5,584.68,0.252,2186.7,-225.36,19.4731,74.0908,Second Class,Consumer
DC-104444,6208,2016-01-01,Central,United States,Texas,Furniture,Storage Cabinet,1,781.04,0.136,674.82,161.22,30.4982,-98.4722,Standard Class,Corporate
DC-104445,4213,2016-08-15,South,United States,Florida,Technology,Bluetooth Headset,1,853.39,0.234,653.7,-30.56,27.9428,-81.8024,Standard Class,Consumer
DC-104446,2625,2017-12-22,Oceania,Australia,New South Wales,Furniture,Storage Cabinet,2,188.07,0.201,300.54,5.63,-33.0007,152.5068,Standard Class,Home Office
DC-104447,6340,2016-09-10,Northern Europe,United Kingdom,England,Technology,LED Monitor,5,83.13,0.049,395.28,99.89,53.187,1.3447,Second Class,Consumer
DC-104448,5353,2016-07-08,South Asia,India,Maharashtra,Sports & Outdoors,Running Shoes,2,15.98,0.071,29.69,5.69,19.6152,76.0892,Standard Class,Home Office
DC-104449,2385,2018-01-23,East,United States,New York,Sports & Outdoors,Running Shoes,5,109.8,0.19,444.69,62.48,42.9987,-73.7561,Same Day,Home Office
DC-104450,3354,2017-07-01,Oceania,Australia,New South Wales,Technology,Apple Smart Device,3,821.93,0.186,2007.15,-81.56,-32.4402,152.3009,Standard Class,Consumer
DC-104451,7188,2016-02-26,South,United States,Florida,Sports & Outdoors,Fitness Equipment,5,788.22,0.204,3137.12,41.93,29.0249,-82.7575,Standard Class,Consumer
DC-104452,2800,2015-02-10,Central,United States,Texas,Technology,Wireless Keyboard,3,757.8,0.131,1975.58,419.5,30.8672,-99.1913,Standard Class,Consumer
DC-104453,3706,2017-04-09,Oceania,Australia,New South Wales,Sports & Outdoors,Mountain Bike,1,28.85,0.201,23.05,5.55,-32.7802,151.4951,Second Class,Consumer
DC-104454,7542,2017-12-05,Central,United States,Texas,Sports & Outdoors,Sports Bag,1,19.71,0.252,14.74,1.67,32.5251,-101.7133,Standard Class,Corporate
DC-104455,4662,2015-07-09,Canada,Canada,Ontario,Sports & Outdoors,Mountain Bike,5,592.42,0.202,2363.76,142.0,43.4652,-78.9296,First Class,Corporate
DC-104456,3688,2016-03-18,West,United States,California,Furniture,Storage Cabinet,3,692.22,0.142,1781.77,-196.19,37.373,-119.9089,Standard Class,Home Office
DC-104457,3438,2017-04-05,South Asia,India,Maharashtra,Sports & Outdoors,Camping Tent,2,269.17,0.19,436.06,-19.01,18.4799,76.8689,Standard Class,Consumer
DC-104458,5040,2015-11-24,South,United States,Florida,Furniture,Storage Cabinet,4,503.64,0.181,1649.92,149.58,27.2809,-82.3192,Standard Class,Consumer
DC-104459,1450,2015-02-22,Southeast Asia,Singapore,Singapore,Sports & Outdoors,Fitness Equipment,4,181.8,0.26,538.13,87.25,1.2533,104.4689,Standard Class,Consumer
DC-104460,2384,2017-01-05,West,United States,California,Technology,Wireless Keyboard,5,571.51,0.038,2748.96,613.69,37.3311,-119.5398,Standard Class,Consumer
DC-104461,7502,2016-05-12,West,United States,California,Office Supplies,Pen Set,1,452.0,0.214,355.27,20.5,38.2439,-117.2249,Standard Class,Corporate
DC-104462,4846,2015-08-18,Central,United States,Texas,Technology,Wireless Keyboard,5,709.43,0.078,3270.47,416.06,29.1257,-100.7333,Standard Class,Consumer
DC-104463,1275,2016-11-11,West,United States,California,Furniture,Office Chair,5,711.62,0.055,3362.4,-140.13,37.9804,-121.2296,First Class,Consumer
DC-104464,3459,2017-09-08,South Asia,India,Maharashtra,Technology,Bluetooth Headset,3,13.4,0.297,28.26,7.43,19.5869,75.6072,Second Class,Consumer
DC-104465,2583,2017-03-07,East,United States,New York,Technology,Apple Smart Device,1,589.96,0.272,429.49,87.12,41.7222,-75.2574,Standard Class,Consumer
DC-104466,2924,2017-03-04,Canada,Canada,Ontario,Sports & Outdoors,Mountain Bike,4,373.68,0.036,1440.91,-97.88,41.1475,-75.9916,Standard Class,Consumer
DC-104467,7588,2015-10-05,Southeast Asia,Singapore,Singapore,Office Supplies,File Folder,3,851.14,0.257,1897.19,385.98,0.9094,104.8073,Standard Class,Consumer
DC-104468,4423,2016-12-09,South,United States,Florida,Sports & Outdoors,Running Shoes,5,539.98,0.098,2435.31,122.58,25.2546,-81.3504,Standard Class,Consumer
DC-104469,6850,2016-06-17,Oceania,Australia,New South Wales,Technology,Apple Smart Device,2,256.3,0.112,455.19,5.43,-34.0449,150.1298,Standard Class,Corporate
DC-104470,6571,2015-07-18,Oceania,Australia,New South Wales,Office Supplies,File Folder,1,42.29,0.153,35.82,2.87,-33.2022,152.7438,Standard Class,Corporate
DC-104471,3402,2017-10-27,Northern Europe,United Kingdom,England,Office Supplies,Stapler,3,709.18,0.076,1965.85,328.71,53.2452,0.5812,Standard Class,Consumer
DC-104472,3853,2016-08-20,Southeast Asia,Singapore,Singapore,Furniture,Bookshelf,5,829.28,0.063,3885.18,479.99,3.0838,103.9953,Second Class,Home Office
DC-104473,2968,2016-01-23,Central,United States,Texas,Office Supplies,File Folder,5,72.97,0.173,301.73,-13.68,30.7558,-102.6031,First Class,Corporate
DC-104474,4802,2017-11-13,South,United States,Florida,Technology,Laptop Computer,5,62.49,0.282,224.34,49.44,27.2551,-79.9025,Standard Class,Corporate
DC-104475,3525,2015-10-24,Southeast Asia,Singapore,Singapore,Furniture,Wooden Desk,5,100.16,0.269,366.08,60.26,0.502,104.8502,Same Day,Consumer
DC-104476,2364,2017-10-29,Oceania,Australia,New South Wales,Sports & Outdoors,Camping Tent,4,491.39,0.043,1881.04,353.81,-35.3887,152.4556,First Class,Consumer
DC-104477,1393,2016-10-17,South Asia,India,Maharashtra,Technology,LED Monitor,4,20.87,0.119,73.55,4.81,19.144,74.619,Second Class,Consumer
DC-104478,2484,2016-08-31,Canada,Canada,Ontario,Office Supplies,Printer Paper,3,262.79,0.219,615.72,155.17,42.9463,-78.8004,Standard Class,Corporate
DC-104479,6641,2017-01-02,Central,United States,Texas,Technology,LED Monitor,4,800.46,0.009,3173.02,501.76,30.0253,-100.2127,Standard Class,Corporate
DC-104480,5261,2016-12-18,South,United States,Florida,Sports & Outdoors,Running Shoes,4,616.37,0.19,1997.04,546.65,28.6597,-82.7447,Second Class,Consumer
DC-104481,4855,2015-02-13,Oceania,Australia,New South Wales,Sports & Outdoors,Sports Bag,3,265.3,0.192,643.09,57.05,-35.8626,153.416,Standard Class,Consumer
DC-104482,6112,2016-03-19,West,United States,California,Sports & Outdoors,Mountain Bike,5,665.27,0.286,2375.01,-141.11,37.8391,-120.6394,Second Class,Consumer
DC-104483,1593,2017-01-26,Western Europe,France,Ile-de-France,Sports & Outdoors,Fitness Equipment,1,248.65,0.244,187.98,9.0,46.7935,-1.5204,First Class,Consumer
DC-104484,4995,2017-08-26,South,United States,Florida,Furniture,Office Chair,5,227.52,0.188,923.73,31.69,26.2798,-81.4093,Standard Class,Corporate
DC-104485,1445,2015-09-14,East,United States,New York,Technology,Apple Smart Device,2,292.57,0.045,558.81,-48.16,45.4881,-76.5774,Standard Class,Consumer
DC-104486,7645,2015-09-17,South,United States,Florida,Sports & Outdoors,Camping Tent,5,66.22,0.113,293.69,71.52,28.1231,-81.2691,Second Class,Corporate
DC-104487,3360,2016-12-16,South Asia,India,Maharashtra,Furniture,Storage Cabinet,2,778.67,0.25,1168.0,-117.65,21.8391,78.1825,Second Class,Home Office
DC-104488,4139,2017-07-15,Northern Europe,United Kingdom,England,Office Supplies,Printer Paper,1,308.99,0.243,233.91,-18.77,52.0322,-2.7654,Standard Class,Home Office
DC-104489,1171,2016-10-11,Southeast Asia,Singapore,Singapore,Technology,Apple Smart Device,2,503.32,0.118,887.86,170.81,2.2199,102.5436,Same Day,Consumer
DC-104490,7762,2015-03-24,West,United States,California,Furniture,Office Chair,2,766.86,0.179,1259.18,104.77,37.7351,-118.9653,Standard Class,Home Office
DC-104491,5458,2017-10-25,Southeast Asia,Singapore,Singapore,Sports & Outdoors,Fitness Equipment,2,721.96,0.247,1087.27,107.92,2.2532,102.4586,Same Day,Corporate
DC-104492,7476,2015-05-28,East,United States,New York,Sports & Outdoors,Sports Bag,4,719.9,0.167,2398.71,-21.19,42.1777,-73.8963,Standard Class,Corporate
DC-104493,3000,2015-06-01,South Asia,India,Maharashtra,Furniture,Bookshelf,5,110.7,0.193,446.67,69.01,19.0032,75.559,Standard Class,Consumer
DC-104494,3418,2015-02-23,Western Europe,France,Ile-de-France,Sports & Outdoors,Camping Tent,4,416.38,0.208,1319.09,341.18,49.5574,2.8499,Second Class,Home Office
DC-104495,2344,2015-01-04,West,United States,California,Furniture,Office Chair,5,312.98,0.249,1175.24,95.93,38.8885,-118.5635,Second Class,Corporate
DC-104496,7484,2015-10-18,West,United States,California,Sports & Outdoors,Mountain Bike,3,376.38,0.172,934.93,-28.89,37.082,-117.3637,Standard Class,Consumer
DC-104497,3160,2015-02-28,Canada,Canada,Ontario,Office Supplies,File Folder,5,391.68,0.02,1919.23,-172.64,44.021,-77.9228,Standard Class,Consumer
DC-104498,6351,2015-10-28,Northern Europe,United Kingdom,England,Furniture,Bookshelf,3,109.28,0.282,235.39,0.33,53.3037,0.8877,Standard Class,Consumer
DC-104499,6084,2018-01-30,South Asia,India,Maharashtra,Office Supplies,File Folder,3,871.7,0.231,2011.01,285.97,19.5189,75.2252,Standard Class,Corporate
DC-104500,1441,2017-06-07,West,United States,California,Sports & Outdoors,Sports Bag,5,794.77,0.101,3572.49,759.09,36.0417,-120.1292,Same Day,Consumer
DC-104501,3306,2016-08-06,South Asia,India,Maharashtra,Sports & Outdoors,Sports Bag,3,736.27,0.072,2049.78,275.14,21.8147,74.8455,Standard Class,Consumer
DC-104502,4244,2017-12-10,West,United States,California,Technology,Laptop Computer,5,736.93,0.142,3161.43,310.23,35.3862,-118.8745,Second Class,Consumer
DC-104503,4217,2016-05-26,East,United States,New York,Technology,Laptop Computer,2,648.46,0.068,1208.73,73.09,42.6369,-73.2676,Standard Class,Home Office
DC-104504,7243,2016-10-13,East,United States,New York,Furniture,Office Chair,4,362.57,0.163,1213.88,53.02,45.2938,-77.1869,Standard Class,Consumer
DC-104505,2513,2016-11-22,Canada,Canada,Ontario,Furniture,Bookshelf,5,250.03,0.185,1018.87,219.95,43.6329,-77.7324,Standard Class,Consumer
DC-104506,2759,2015-10-02,West,United States,California,Technology,Bluetooth Headset,5,788.33,0.088,3594.78,485.76,37.675,-120.8847,Standard Class,Consumer
DC-104507,6735,2017-01-29,East,United States,New York,Sports & Outdoors,Sports Bag,3,703.41,0.231,1622.77,283.77,43.3479,-76.8531,Standard Class,Consumer
DC-104508,2257,2015-08-19,Western Europe,France,Ile-de-France,Office Supplies,Stapler,5,651.91,0.102,2927.08,-19.74,49.188,3.5722,Standard Class,Consumer
DC-104509,1127,2015-04-01,Western Europe,France,Ile-de-France,Sports & Outdoors,Sports Bag,5,103.03,0.031,499.18,40.19,49.3243,2.0692,First Class,Home Office
DC-104510,4568,2015-04-21,West,United States,California,Office Supplies,Pen Set,4,791.95,0.154,2679.96,344.58,36.376,-117.0027,Standard Class,Corporate
DC-104511,4308,2016-12-25,West,United States,California,Office Supplies,Pen Set,4,45.42,0.064,170.05,-17.05,38.147,-119.3714,Standard Class,Corporate
DC-104512,3861,2016-02-25,West,United States,California,Office Supplies,Printer Paper,2,41.08,0.033,79.45,4.94,36.9214,-117.7661,Standard Class,Consumer
DC-104513,7972,2015-10-17,Southeast Asia,Singapore,Singapore,Sports & Outdoors,Fitness Equipment,2,372.58,0.222,579.73,18.12,-0.9689,102.6955,Standard Class,Consumer
DC-104514,5942,2016-02-22,Oceania,Australia,New South Wales,Sports & Outdoors,Sports Bag,3,459.68,0.155,1165.29,-35.68,-34.6387,151.9635,Standard Class,Home Office
DC-104515,4361,2016-07-27,Northern Europe,United Kingdom,England,Sports & Outdoors,Fitness Equipment,4,386.43,0.21,1221.12,203.29,52.6782,0.0738,Standard Class,Home Office
DC-104516,6532,2016-02-14,East,United States,New York,Technology,Apple Smart Device,4,853.52,0.221,2659.57,121.0,41.9421,-76.4765,Second Class,Consumer
DC-104517,5860,2016-11-17,Southeast Asia,Singapore,Singapore,Office Supplies,Printer Paper,1,546.62,0.074,506.17,-29.93,1.2379,104.5575,Standard Class,Corporate
DC-104518,1911,2017-06-30,Canada,Canada,Ontario,Sports & Outdoors,Fitness Equipment,1,762.3,0.26,564.1,123.89,43.9295,-80.025,Standard Class,Corporate
DC-104519,2862,2017-12-13,Northern Europe,United Kingdom,England,Sports & Outdoors,Sports Bag,1,732.87,0.148,624.41,170.7,49.3398,-3.1275,Standard Class,Consumer
DC-104520,6318,2015-12-13,Northern Europe,United Kingdom,England,Office Supplies,File Folder,3,13.06,0.167,32.64,7.79,51.1785,0.3902,Standard Class,Corporate
DC-104521,3279,2017-10-03,Central,United States,Texas,Office Supplies,File Folder,5,582.0,0.14,2502.6,-183.46,30.8669,-100.2037,First Class,Consumer
DC-104522,1242,2015-07-24,Canada,Canada,Ontario,Technology,Bluetooth Headset,4,563.45,0.074,2087.02,-233.45,42.9205,-79.6033,First Class,Consumer
DC-104523,7339,2015-12-22,South Asia,India,Maharashtra,Technology,LED Monitor,5,547.94,0.024,2673.95,-198.71,20.4745,75.9538,First Class,Consumer
DC-104524,2303,2015-06-02,South,United States,Florida,Sports & Outdoors,Mountain Bike,4,564.74,0.063,2116.65,-8.16,27.7655,-82.7037,First Class,Corporate
DC-104525,2239,2017-01-26,Central,United States,Texas,Furniture,Storage Cabinet,2,252.52,0.124,442.42,38.97,32.6586,-101.2954,Standard Class,Consumer
DC-104526,1943,2017-12-20,Southeast Asia,Singapore,Singapore,Furniture,Storage Cabinet,2,546.92,0.197,878.35,176.76,-0.2509,105.0478,Standard Class,Consumer
DC-104527,4997,2017-01-26,West,United States,California,Technology,Apple Smart Device,1,129.42,0.091,117.64,22.99,36.5858,-116.6047,Same Day,Consumer
DC-104528,4712,2016-09-04,East,United States,New York,Furniture,Storage Cabinet,5,306.91,0.233,1177.0,61.81,43.9648,-75.4739,Standard Class,Home Office
DC-104529,7679,2017-06-18,Oceania,Australia,New South Wales,Sports & Outdoors,Camping Tent,2,555.47,0.259,823.21,74.9,-32.9985,150.8548,Standard Class,Consumer
DC-104530,1806,2017-09-27,Central,United States,Texas,Technology,LED Monitor,1,504.45,0.109,449.46,58.2,33.0295,-98.3084,Second Class,Corporate
DC-104531,7965,2016-05-07,East,United States,New York,Technology,LED Monitor,5,825.48,0.27,3013.0,145.06,44.0775,-75.7386,Second Class,Corporate
DC-104532,4071,2017-04-22,South Asia,India,Maharashtra,Office Supplies,Notebook,5,454.73,0.032,2200.89,273.99,20.4559,76.028,First Class,Corporate
DC-104533,2619,2016-08-27,West,United States,California,Sports & Outdoors,Camping Tent,5,242.85,0.176,1000.54,234.95,35.7058,-119.6586,Second Class,Home Office
DC-104534,2499,2016-09-29,South Asia,India,Maharashtra,Furniture,Conference Table,2,187.09,0.172,309.82,34.75,20.4771,75.832,First Class,Corporate
DC-104535,4058,2015-10-01,West,United States,California,Technology,Laptop Computer,3,434.13,0.089,1186.48,204.49,34.8672,-122.5879,Standard Class,Consumer
DC-104536,2650,2016-07-22,East,United States,New York,Office Supplies,Pen Set,1,481.55,0.081,442.54,81.87,45.419,-74.1346,Second Class,Consumer
DC-104537,5828,2015-09-13,Northern Europe,United Kingdom,England,Technology,Laptop Computer,3,467.02,0.228,1081.62,23.66,53.4823,-3.8819,First Class,Corporate
DC-104538,1320,2016-06-01,East,United States,New York,Sports & Outdoors,Mountain Bike,5,804.71,0.208,3186.65,852.77,41.7509,-73.8556,Second Class,Consumer
DC-104539,6762,2016-04-29,West,United States,California,Office Supplies,Printer Paper,1,360.67,0.106,322.44,76.1,38.0259,-118.7496,First Class,Consumer
DC-104540,5024,2015-03-27,West,United States,California,Office Supplies,Notebook,4,173.66,0.238,529.32,-57.09,37.6213,-124.0199,Same Day,Corporate
DC-104541,7403,2017-08-10,Oceania,Australia,New South Wales,Furniture,Conference Table,3,252.18,0.001,755.78,-88.98,-35.3775,154.5057,Second Class,Consumer
DC-104542,2046,2017-08-25,Canada,Canada,Ontario,Furniture,Conference Table,5,724.17,0.158,3048.76,-308.42,41.6905,-80.9204,Standard Class,Corporate
DC-104543,6650,2017-08-13,Oceania,Australia,New South Wales,Furniture,Wooden Desk,5,421.37,0.182,1723.4,482.17,-33.4528,150.8629,Standard Class,Corporate
DC-104544,7723,2015-10-08,Southeast Asia,Singapore,Singapore,Technology,Wireless Keyboard,5,241.52,0.064,1130.31,294.66,2.7705,105.5381,Standard Class,Corporate
DC-104545,1661,2015-05-20,Oceania,Australia,New South Wales,Furniture,Storage Cabinet,5,494.79,0.273,1798.56,73.74,-34.9239,152.5481,First Class,Corporate
DC-104546,6751,2015-09-13,Oceania,Australia,New South Wales,Office Supplies,Notebook,5,511.16,0.221,1990.97,178.47,-31.5457,151.0074,First Class,Consumer
DC-104547,6399,2017-08-08,Central,United States,Texas,Office Supplies,Stapler,4,64.12,0.156,216.47,41.76,33.1093,-100.7569,Standard Class,Consumer
DC-104548,2493,2017-12-07,Canada,Canada,Ontario,Technology,Apple Smart Device,1,188.85,0.033,182.62,38.23,44.7471,-79.213,Standard Class,Consumer
DC-104549,5803,2017-12-12,Northern Europe,United Kingdom,England,Technology,LED Monitor,4,591.69,0.02,2319.42,127.97,53.5166,-1.4934,Standard Class,Consumer
DC-104550,7107,2017-10-02,Southeast Asia,Singapore,Singapore,Sports & Outdoors,Fitness Equipment,3,82.08,0.192,198.96,22.74,1.4019,105.5086,Second Class,Consumer
DC-104551,1519,2015-11-02,Central,United States,Texas,Furniture,Bookshelf,3,236.34,0.148,604.09,60.96,31.1243,-102.1929,Standard Class,Home Office
DC-104552,3420,2015-11-21,East,United States,New York,Furniture,Bookshelf,4,421.96,0.117,1490.36,238.94,42.871,-77.0436,Standard Class,Consumer
DC-104553,5043,2017-07-20,Central,United States,Texas,Sports & Outdoors,Sports Bag,3,292.89,0.164,734.57,10.83,30.6603,-98.5025,First Class,Corporate
DC-104554,2189,2015-04-24,West,United States,California,Sports & Outdoors,Running Shoes,1,597.95,0.223,464.61,61.3,37.706,-119.8689,Standard Class,Home Office
DC-104555,7813,2017-11-15,Central,United States,Texas,Sports & Outdoors,Mountain Bike,2,787.12,0.136,1360.14,-57.06,33.2239,-98.9011,Standard Class,Corporate
DC-104556,6711,2016-01-01,Central,United States,Texas,Technology,Bluetooth Headset,5,569.77,0.221,2219.25,-236.4,31.9587,-99.032,Standard Class,Consumer
DC-104557,5720,2015-12-02,South Asia,India,Maharashtra,Sports & Outdoors,Mountain Bike,3,216.67,0.109,579.16,68.6,19.2227,77.531,First Class,Consumer
DC-104558,1389,2017-01-01,Canada,Canada,Ontario,Sports & Outdoors,Running Shoes,5,361.73,0.203,1441.49,68.26,42.9624,-80.2364,Second Class,Consumer
DC-104559,5189,2016-06-16,South Asia,India,Maharashtra,Technology,Wireless Keyboard,4,881.91,0.107,3150.18,633.56,21.4154,77.3162,Standard Class,Consumer
DC-104560,1881,2015-10-02,Southeast Asia,Singapore,Singapore,Office Supplies,Printer Paper,2,824.08,0.203,1313.58,109.01,0.4899,101.8129,Second Class,Home Office
DC-104561,1067,2017-10-26,Central,United States,Texas,Sports & Outdoors,Running Shoes,1,502.13,0.123,440.37,6.17,30.5579,-101.0771,Standard Class,Consumer
DC-104562,6353,2017-08-24,Southeast Asia,Singapore,Singapore,Technology,LED Monitor,5,578.59,0.26,2140.78,314.3,2.8344,102.385,Standard Class,Consumer
DC-104563,4961,2017-02-01,East,United States,New York,Technology,Laptop Computer,3,713.78,0.245,1616.71,110.19,42.2732,-73.0287,Second Class,Corporate
DC-104564,2943,2015-09-18,Western Europe,France,Ile-de-France,Sports & Outdoors,Camping Tent,2,245.43,0.083,450.12,122.81,48.5074,5.1866,Standard Class,Corporate
DC-104565,2666,2016-12-27,Western Europe,France,Ile-de-France,Sports & Outdoors,Camping Tent,2,374.95,0.014,739.4,74.92,49.0249,3.1814,Standard Class,Consumer
DC-104566,1602,2017-03-04,East,United States,New York,Sports & Outdoors,Running Shoes,1,899.45,0.169,747.44,84.65,44.8748,-73.1493,First Class,Consumer
DC-104567,5116,2015-11-06,West,United States,California,Sports & Outdoors,Fitness Equipment,1,149.1,0.034,144.03,-12.73,39.4636,-119.4609,Standard Class,Corporate
DC-104568,7106,2016-12-04,Northern Europe,United Kingdom,England,Office Supplies,File Folder,1,594.46,0.014,586.14,71.1,53.2757,-1.3327,Second Class,Consumer
DC-104569,1740,2017-11-26,South Asia,India,Maharashtra,Furniture,Wooden Desk,1,865.37,0.226,669.8,146.01,18.7216,77.9593,Standard Class,Home Office
DC-104570,6081,2015-08-09,East,United States,New York,Office Supplies,Printer Paper,2,291.49,0.241,442.48,116.97,43.4045,-76.7599,Standard Class,Consumer
DC-104571,5251,2015-12-03,Central,United States,Texas,Furniture,Conference Table,1,258.73,0.006,257.18,15.0,30.2351,-99.4105,First Class,Consumer
DC-104572,1278,2016-10-22,Canada,Canada,Ontario,Technology,Wireless Keyboard,4,217.59,0.169,723.27,2.95,43.6927,-81.1498,First Class,Home Office
DC-104573,7689,2017-12-04,Central,United States,Texas,Furniture,Bookshelf,5,480.83,0.043,2300.77,310.51,32.0225,-100.7574,Standard Class,Consumer
DC-104574,2572,2016-02-18,Oceania,Australia,New South Wales,Furniture,Bookshelf,5,475.85,0.162,1993.81,406.52,-35.3974,152.3694,Standard Class,Consumer
DC-104575,4539,2017-07-30,Canada,Canada,Ontario,Furniture,Office Chair,2,601.44,0.273,874.49,30.73,45.1273,-81.5317,Standard Class,Consumer
DC-104576,7528,2016-01-10,Northern Europe,United Kingdom,England,Furniture,Conference Table,3,633.67,0.254,1418.15,-32.96,50.8829,0.9919,First Class,Corporate
DC-104577,4001,2017-10-16,Western Europe,France,Ile-de-France,Office Supplies,Pen Set,4,539.68,0.241,1638.47,323.75,46.4208,4.4733,First Class,Consumer
DC-104578,5049,2015-08-12,Oceania,Australia,New South Wales,Sports & Outdoors,Running Shoes,2,815.33,0.091,1482.27,25.12,-32.3972,151.8589,Standard Class,Consumer
DC-104579,6884,2015-09-02,Oceania,Australia,New South Wales,Sports & Outdoors,Fitness Equipment,3,886.71,0.274,1931.25,-113.47,-33.6882,152.4601,First Class,Consumer
DC-104580,5193,2015-05-03,Central,United States,Texas,Office Supplies,Stapler,5,859.36,0.245,3244.08,562.05,30.6343,-99.0881,Second Class,Corporate
DC-104581,2821,2015-10-02,Western Europe,France,Ile-de-France,Technology,Apple Smart Device,4,185.36,0.17,615.4,29.94,49.2411,4.44,Second Class,Corporate
DC-104582,2600,2017-02-11,Oceania,Australia,New South Wales,Furniture,Office Chair,3,468.89,0.143,1205.52,-78.93,-34.3243,150.1304,Standard Class,Corporate
DC-104583,7821,2017-06-25,South Asia,India,Maharashtra,Sports & Outdoors,Fitness Equipment,3,488.25,0.021,1433.99,239.88,19.9355,73.956,Standard Class,Corporate
DC-104584,1585,2016-04-11,West,United States,California,Technology,Apple Smart Device,5,78.84,0.186,320.88,0.11,35.252,-116.4231,Same Day,Corporate
DC-104585,4282,2017-03-31,South Asia,India,Maharashtra,Technology,Laptop Computer,4,628.72,0.121,2210.58,-207.18,19.7748,76.4475,Standard Class,Consumer
DC-104586,4076,2016-10-15,South,United States,Florida,Technology,Wireless Keyboard,3,688.31,0.155,1744.87,354.13,28.028,-82.0082,Second Class,Corporate
DC-104587,7619,2016-09-22,Canada,Canada,Ontario,Office Supplies,Notebook,1,652.94,0.094,591.56,-28.66,43.4346,-79.4686,Standard Class,Corporate
DC-104588,7828,2016-03-20,Central,United States,Texas,Technology,Bluetooth Headset,2,463.9,0.198,744.1,160.88,31.0225,-98.6491,Standard Class,Home Office
DC-104589,6140,2017-07-24,Western Europe,France,Ile-de-France,Technology,Laptop Computer,5,485.19,0.068,2260.99,464.16,48.5331,3.1064,Standard Class,Consumer
DC-104590,1327,2015-03-29,South Asia,India,Maharashtra,Technology,Bluetooth Headset,4,121.77,0.245,367.75,-42.84,19.2022,75.6632,Standard Class,Corporate
DC-104591,1967,2017-10-24,Northern Europe,United Kingdom,England,Technology,Bluetooth Headset,3,524.57,0.132,1365.98,275.36,53.4694,-3.0324,First Class,Consumer
DC-104592,3216,2016-09-30,Canada,Canada,Ontario,Furniture,Conference Table,4,174.51,0.123,612.18,-24.0,45.0729,-80.0852,Second Class,Home Office
DC-104593,3130,2016-07-23,East,United States,New York,Office Supplies,Printer Paper,5,567.39,0.244,2144.73,489.54,44.8777,-73.963,Standard Class,Corporate
DC-104594,3765,2015-01-28,South Asia,India,Maharashtra,Sports & Outdoors,Mountain Bike,2,508.74,0.246,767.18,-67.68,18.2944,75.9953,First Class,Consumer
DC-104595,6341,2016-01-09,South Asia,India,Maharashtra,Sports & Outdoors,Sports Bag,1,763.9,0.039,734.11,99.15,18.8184,76.5769,Standard Class,Home Office
DC-104596,3502,2016-04-20,Southeast Asia,Singapore,Singapore,Furniture,Conference Table,2,43.64,0.152,74.01,7.08,1.5099,101.7576,Standard Class,Consumer
DC-104597,7527,2015-04-23,West,United States,California,Furniture,Office Chair,3,385.03,0.176,951.79,-5.39,39.0931,-118.5794,Standard Class,Consumer
DC-104598,6140,2015-11-18,South,United States,Florida,Sports & Outdoors,Camping Tent,4,177.41,0.012,701.12,48.14,29.6862,-82.6776,First Class,Consumer
DC-104599,7621,2017-08-26,Southeast Asia,Singapore,Singapore,Technology,Laptop Computer,2,329.73,0.054,623.85,10.44,1.6196,102.3835,Standard Class,Consumer
DC-104600,4100,2016-07-01,Northern Europe,United Kingdom,England,Sports & Outdoors,Camping Tent,5,489.21,0.106,2186.77,156.2,51.4334,0.2067,Second Class,Consumer
DC-104601,1082,2017-01-10,Southeast Asia,Singapore,Singapore,Technology,Wireless Keyboard,4,705.59,0.209,2232.49,394.96,0.1697,108.9044,Standard Class,Home Office
DC-104602,6922,2016-02-04,Northern Europe,United Kingdom,England,Office Supplies,File Folder,5,452.87,0.17,1879.41,27.57,52.3292,-2.0372,First Class,Corporate
DC-104603,3372,2015-10-11,South,United States,Florida,Technology,Wireless Keyboard,3,83.89,0.128,219.46,15.94,24.268,-80.5367,Standard Class,Consumer
DC-104604,2329,2017-08-22,East,United States,New York,Furniture,Bookshelf,5,869.2,0.238,3311.65,-129.4,44.5161,-76.3498,Standard Class,Consumer
DC-104605,4023,2015-01-20,Canada,Canada,Ontario,Sports & Outdoors,Mountain Bike,2,746.78,0.078,1377.06,289.13,42.2255,-78.6787,Standard Class,Consumer
DC-104606,4993,2016-05-09,Western Europe,France,Ile-de-France,Office Supplies,Printer Paper,3,333.07,0.026,973.23,72.62,49.5895,3.4436,Second Class,Corporate
DC-104607,4591,2017-01-26,Central,United States,Texas,Technology,Apple Smart Device,4,629.88,0.068,2348.19,-198.46,30.2867,-101.9004,Standard Class,Consumer
DC-104608,2992,2017-02-15,South Asia,India,Maharashtra,Sports & Outdoors,Camping Tent,5,403.36,0.097,1821.17,-143.36,20.2614,77.228,Standard Class,Home Office
DC-104609,2964,2015-11-18,Central,United States,Texas,Sports & Outdoors,Mountain Bike,2,679.25,0.035,1310.95,25.46,31.1629,-98.3306,Standard Class,Consumer
DC-104610,3059,2015-06-22,West,United States,California,Furniture,Bookshelf,2,784.84,0.247,1181.97,263.52,36.9143,-118.4917,Standard Class,Consumer
DC-104611,6161,2017-04-14,Northern Europe,United Kingdom,England,Office Supplies,Pen Set,3,301.47,0.023,883.61,62.36,51.4996,-1.3786,Standard Class,Consumer
DC-104612,1676,2017-11-02,South,United States,Florida,Office Supplies,File Folder,2,839.35,0.215,1317.78,284.74,24.6003,-80.9289,Standard Class,Consumer
DC-104613,1385,2018-01-23,Southeast Asia,Singapore,Singapore,Technology,Bluetooth Headset,3,166.98,0.103,449.34,95.59,2.5471,101.581,First Class,Home Office
DC-104614,4363,2016-05-24,Canada,Canada,Ontario,Technology,Laptop Computer,1,244.79,0.22,190.94,41.21,45.0182,-78.9592,Standard Class,Corporate
DC-104615,2450,2015-12-18,Oceania,Australia,New South Wales,Furniture,Office Chair,5,78.97,0.091,358.92,25.31,-32.9704,149.3461,Same Day,Home Office
DC-104616,6132,2015-03-03,Canada,Canada,Ontario,Sports & Outdoors,Running Shoes,5,145.08,0.173,599.91,28.44,42.081,-82.2098,Standard Class,Consumer
DC-104617,3408,2016-08-22,South,United States,Florida,Office Supplies,Pen Set,3,706.35,0.211,1671.93,-159.32,27.3594,-82.3865,Standard Class,Consumer
DC-104618,4526,2017-01-31,West,United States,California,Technology,Wireless Keyboard,4,624.93,0.107,2232.25,319.19,37.2716,-118.7158,First Class,Consumer
DC-104619,3990,2017-09-01,Southeast Asia,Singapore,Singapore,Office Supplies,Pen Set,3,15.02,0.092,40.91,6.9,1.6098,102.9744,Standard Class,Consumer
DC-104620,2380,2016-06-01,Canada,Canada,Ontario,Technology,Wireless Keyboard,5,779.77,0.207,3091.79,-131.75,41.9999,-79.2626,Standard Class,Consumer
DC-104621,1923,2015-11-21,Southeast Asia,Singapore,Singapore,Sports & Outdoors,Sports Bag,5,34.16,0.274,124.0,20.16,-0.8572,103.1359,Same Day,Corporate
DC-104622,2014,2017-03-04,Canada,Canada,Ontario,Technology,Apple Smart Device,5,769.14,0.196,3091.94,135.07,42.5497,-81.6797,Standard Class,Home Office
DC-104623,5982,2017-05-01,South,United States,Florida,Technology,Laptop Computer,1,266.75,0.25,200.06,-4.25,28.2522,-83.6359,Standard Class,Home Office
DC-104624,7994,2016-01-19,Southeast Asia,Singapore,Singapore,Sports & Outdoors,Running Shoes,3,321.38,0.22,752.03,65.98,3.4829,104.4102,Standard Class,Consumer
DC-104625,7873,2016-05-20,Western Europe,France,Ile-de-France,Furniture,Bookshelf,4,569.77,0.102,2046.61,-165.38,50.3602,1.4173,Standard Class,Corporate
DC-104626,1649,2017-07-30,South,United States,Florida,Technology,LED Monitor,3,396.66,0.051,1129.29,-93.97,28.8841,-77.3164,Standard Class,Corporate
DC-104627,5901,2017-03-14,Central,United States,Texas,Furniture,Wooden Desk,1,26.9,0.092,24.43,5.76,31.7402,-100.6544,Standard Class,Consumer
DC-104628,6248,2015-09-09,East,United States,New York,Furniture,Wooden Desk,3,61.66,0.236,141.32,-3.78,42.9251,-74.4518,Second Class,Corporate
DC-104629,5822,2017-07-22,Canada,Canada,Ontario,Office Supplies,Pen Set,2,211.32,0.069,393.48,-9.17,42.2177,-80.1654,Second Class,Consumer
DC-104630,1573,2016-05-04,East,United States,New York,Office Supplies,Printer Paper,2,637.92,0.061,1198.01,231.19,45.3796,-75.5939,Standard Class,Consumer
DC-104631,7527,2015-10-07,Southeast Asia,Singapore,Singapore,Sports & Outdoors,Running Shoes,3,570.11,0.141,1469.17,257.52,0.3712,104.1179,Same Day,Consumer
DC-104632,4838,2016-06-12,Western Europe,France,Ile-de-France,Technology,Bluetooth Headset,2,821.57,0.08,1511.69,265.16,48.442,2.259,Standard Class,Consumer
DC-104633,4365,2018-01-25,South,United States,Florida,Furniture,Bookshelf,1,399.98,0.104,358.38,45.04,27.7821,-81.6661,Second Class,Consumer
DC-104634,1545,2016-11-13,East,United States,New York,Technology,LED Monitor,4,675.9,0.108,2411.61,504.93,43.951,-73.0985,Standard Class,Consumer
DC-104635,2278,2016-09-16,Central,United States,Texas,Technology,Wireless Keyboard,3,286.05,0.257,637.61,80.11,31.319,-97.9698,Standard Class,Consumer
DC-104636,2568,2017-01-24,Oceania,Australia,New South Wales,Office Supplies,Printer Paper,3,226.44,0.059,639.24,117.01,-33.3815,152.0411,Standard Class,Consumer
DC-104637,3429,2015-12-07,South,United States,Florida,Sports & Outdoors,Mountain Bike,1,526.53,0.238,401.22,27.49,27.3357,-84.5369,Standard Class,Consumer
DC-104638,7022,2015-12-14,Western Europe,France,Ile-de-France,Furniture,Wooden Desk,2,854.33,0.25,1281.5,-151.23,46.6421,2.2766,Standard Class,Corporate
DC-104639,3223,2015-05-23,Canada,Canada,Ontario,Office Supplies,Printer Paper,2,442.17,0.274,642.03,-76.15,41.1046,-78.5876,Standard Class,Corporate
DC-104640,3030,2017-05-03,West,United States,California,Office Supplies,File Folder,4,404.56,0.147,1380.36,333.81,36.0267,-117.2184,Standard Class,Corporate
DC-104641,7247,2017-06-29,Canada,Canada,Ontario,Technology,Bluetooth Headset,4,804.56,0.231,2474.83,513.29,43.578,-79.7172,Standard Class,Consumer
DC-104642,5981,2016-09-30,Central,United States,Texas,Furniture,Bookshelf,4,66.52,0.116,235.21,17.59,30.2888,-96.7219,Standard Class,Consumer
DC-104643,4573,2016-06-08,West,United States,California,Office Supplies,Stapler,1,41.78,0.167,34.8,6.89,37.6687,-118.6302,Standard Class,Corporate
DC-104644,3502,2017-06-04,Southeast Asia,Singapore,Singapore,Office Supplies,Printer Paper,4,340.89,0.177,1122.21,-79.2,2.9896,104.9155,First Class,Consumer
DC-104645,3077,2017-07-06,Southeast Asia,Singapore,Singapore,Furniture,Conference Table,3,369.68,0.122,973.74,-18.35,3.0329,101.7605,Standard Class,Consumer
DC-104646,4917,2016-09-29,Southeast Asia,Singapore,Singapore,Technology,LED Monitor,5,851.84,0.176,3509.58,495.44,0.1838,101.7152,Second Class,Corporate
DC-104647,7402,2016-01-19,West,United States,California,Technology,LED Monitor,1,645.86,0.254,481.81,27.22,39.2026,-121.3501,Standard Class,Consumer
DC-104648,2701,2017-08-12,Oceania,Australia,New South Wales,Technology,Laptop Computer,1,338.74,0.005,337.05,66.07,-35.1843,153.8786,Second Class,Consumer
DC-104649,1610,2017-05-29,South Asia,India,Maharashtra,Furniture,Office Chair,3,325.86,0.058,920.88,120.19,18.1335,75.2997,Second Class,Home Office
DC-104650,2057,2017-05-07,Southeast Asia,Singapore,Singapore,Furniture,Wooden Desk,5,401.37,0.005,1996.82,-19.21,-1.0202,101.6396,Standard Class,Corporate
DC-104651,7074,2017-08-03,Canada,Canada,Ontario,Technology,LED Monitor,5,652.79,0.124,2859.22,187.4,43.8301,-81.3809,Standard Class,Consumer
DC-104652,4761,2017-01-17,Central,United States,Texas,Technology,Wireless Keyboard,4,243.07,0.218,760.32,-19.71,31.5406,-99.7089,Standard Class,Consumer
DC-104653,4998,2017-03-04,West,United States,California,Office Supplies,Stapler,5,634.66,0.229,2446.61,-204.91,37.3826,-118.2684,Second Class,Consumer
DC-104654,3502,2016-09-09,Western Europe,France,Ile-de-France,Sports & Outdoors,Running Shoes,3,343.48,0.026,1003.65,-46.88,48.2589,0.4186,Standard Class,Corporate
DC-104655,5527,2015-09-09,South,United States,Florida,Sports & Outdoors,Sports Bag,2,57.79,0.125,101.13,-4.3,26.5368,-82.5444,Standard Class,Consumer
DC-104656,6009,2016-07-03,Oceania,Australia,New South Wales,Sports & Outdoors,Mountain Bike,4,22.84,0.221,71.17,10.56,-33.7514,149.6881,Second Class,Consumer
DC-104657,5787,2015-03-16,Canada,Canada,Ontario,Sports & Outdoors,Fitness Equipment,3,572.67,0.213,1352.07,58.99,44.1767,-76.2686,Standard Class,Corporate
DC-104658,1130,2017-04-08,Central,United States,Texas,Furniture,Bookshelf,3,27.32,0.22,63.93,13.78,29.2706,-100.7321,Standard Class,Corporate
DC-104659,4090,2017-12-03,Canada,Canada,Ontario,Sports & Outdoors,Camping Tent,4,405.9,0.274,1178.73,-23.36,44.6457,-78.5081,First Class,Corporate
DC-104660,7663,2015-10-11,Oceania,Australia,New South Wales,Furniture,Conference Table,3,513.04,0.12,1354.43,257.11,-33.873,151.6246,Standard Class,Consumer
DC-104661,5483,2017-08-24,Canada,Canada,Ontario,Sports & Outdoors,Mountain Bike,5,216.29,0.084,990.61,196.51,43.2618,-77.8695,Standard Class,Corporate
DC-104662,2949,2017-05-13,Canada,Canada,Ontario,Sports & Outdoors,Mountain Bike,1,868.72,0.012,858.3,151.92,43.8479,-76.6409,Second Class,Home Office
DC-104663,5227,2015-04-23,Canada,Canada,Ontario,Furniture,Wooden Desk,1,267.85,0.158,225.53,22.58,44.4718,-76.785,Standard Class,Consumer
DC-104664,3572,2016-05-12,Canada,Canada,Ontario,Sports & Outdoors,Mountain Bike,1,177.94,0.221,138.62,-12.92,40.6308,-77.9027,Standard Class,Consumer
DC-104665,1444,2015-12-28,East,United States,New York,Sports & Outdoors,Fitness Equipment,2,671.95,0.285,960.89,160.13,42.7349,-73.6086,Second Class,Corporate
DC-104666,3153,2017-03-23,South,United States,Florida,Technology,Apple Smart Device,5,267.53,0.062,1254.72,110.78,26.8986,-80.8259,Standard Class,Corporate
DC-104667,7491,2017-06-12,Central,United States,Texas,Sports & Outdoors,Fitness Equipment,1,620.62,0.056,585.87,9.31,29.9547,-97.4172,Same Day,Corporate
DC-104668,2635,2016-01-28,Western Europe,France,Ile-de-France,Furniture,Bookshelf,4,792.84,0.12,2790.8,405.8,49.233,-0.608,Standard Class,Consumer
DC-104669,3595,2016-04-13,Canada,Canada,Ontario,Sports & Outdoors,Running Shoes,3,334.76,0.28,723.08,35.18,42.5552,-79.0544,Second Class,Home Office
DC-104670,6078,2015-09-13,Southeast Asia,Singapore,Singapore,Technology,Laptop Computer,5,403.09,0.013,1989.25,421.15,0.2133,104.4402,Standard Class,Consumer
DC-104671,2505,2017-04-10,Western Europe,France,Ile-de-France,Office Supplies,File Folder,1,128.7,0.28,92.66,7.11,48.0647,3.4438,Second Class,Home Office
DC-104672,6967,2015-11-03,Canada,Canada,Ontario,Furniture,Bookshelf,1,202.94,0.186,165.19,21.85,45.3225,-79.1015,Standard Class,Consumer
DC-104673,2232,2015-02-20,Southeast Asia,Singapore,Singapore,Sports & Outdoors,Fitness Equipment,4,627.43,0.198,2012.8,-124.44,2.1392,103.6036,Standard Class,Corporate
DC-104674,4189,2017-08-31,South,United States,Florida,Technology,Bluetooth Headset,4,47.97,0.212,151.2,24.42,26.291,-81.6149,Standard Class,Home Office
DC-104675,3862,2017-09-13,East,United States,New York,Technology,Apple Smart Device,4,718.65,0.087,2624.51,-182.15,42.0455,-73.5762,Second Class,Home Office
DC-104676,3899,2016-02-21,Central,United States,Texas,Sports & Outdoors,Fitness Equipment,4,181.15,0.121,636.92,83.38,31.0609,-99.6495,Standard Class,Consumer
DC-104677,3870,2016-04-20,Northern Europe,United Kingdom,England,Furniture,Bookshelf,4,530.08,0.071,1969.78,247.68,53.2245,-2.6668,First Class,Consumer
DC-104678,1992,2017-10-24,South Asia,India,Maharashtra,Office Supplies,Pen Set,1,708.47,0.004,705.64,78.41,19.6983,76.8871,Second Class,Consumer
DC-104679,2001,2017-07-24,Central,United States,Texas,Sports & Outdoors,Camping Tent,4,404.62,0.076,1495.48,87.46,30.4437,-100.3873,Second Class,Consumer
DC-104680,1164,2015-08-05,Western Europe,France,Ile-de-France,Office Supplies,Notebook,2,673.57,0.103,1208.38,-41.1,50.8007,2.2163,Same Day,Consumer
DC-104681,1129,2016-09-22,West,United States,California,Sports & Outdoors,Fitness Equipment,3,168.92,0.159,426.19,-22.7,37.2717,-121.1114,First Class,Consumer
DC-104682,3476,2015-10-26,Canada,Canada,Ontario,Furniture,Office Chair,2,136.83,0.051,259.7,32.56,44.5232,-81.3344,Second Class,Corporate
DC-104683,5725,2015-06-04,Oceania,Australia,New South Wales,Technology,Apple Smart Device,3,67.67,0.049,193.06,53.98,-34.4649,149.6442,Second Class,Consumer
DC-104684,2239,2015-02-02,Central,United States,Texas,Furniture,Bookshelf,1,882.88,0.149,751.33,-66.29,29.4052,-100.4182,Second Class,Consumer
DC-104685,4923,2016-04-08,Canada,Canada,Ontario,Office Supplies,File Folder,5,548.48,0.033,2651.9,522.71,43.6445,-78.455,Standard Class,Corporate
DC-104686,1008,2017-10-27,Western Europe,France,Ile-de-France,Sports & Outdoors,Running Shoes,1,331.71,0.236,253.43,62.58,48.464,3.0225,Standard Class,Home Office
DC-104687,3532,2017-05-14,South,United States,Florida,Furniture,Storage Cabinet,4,63.58,0.201,203.2,9.66,27.722,-81.1522,Standard Class,Corporate
DC-104688,2174,2017-12-18,Northern Europe,United Kingdom,England,Office Supplies,File Folder,3,678.65,0.036,1962.66,504.58,52.143,-0.479,Standard Class,Consumer
DC-104689,5637,2015-09-09,South Asia,India,Maharashtra,Office Supplies,Printer Paper,3,520.73,0.257,1160.71,264.29,20.7951,75.942,Standard Class,Corporate
DC-104690,1550,2016-02-19,Western Europe,France,Ile-de-France,Technology,Wireless Keyboard,2,822.44,0.174,1358.67,-161.69,47.3186,5.0195,Standard Class,Corporate
DC-104691,4545,2015-10-18,Southeast Asia,Singapore,Singapore,Furniture,Storage Cabinet,5,218.75,0.266,802.81,-19.04,-0.299,105.8359,First Class,Consumer
DC-104692,3397,2015-01-24,Western Europe,France,Ile-de-France,Office Supplies,Notebook,3,509.22,0.186,1243.52,285.46,51.6773,2.309,Standard Class,Corporate
DC-104693,4869,2016-12-23,West,United States,California,Sports & Outdoors,Sports Bag,5,160.09,0.109,713.2,-22.33,36.5988,-121.0059,Same Day,Consumer
DC-104694,6885,2018-01-22,Oceania,Australia,New South Wales,Technology,LED Monitor,2,872.09,0.265,1281.97,330.77,-33.4648,151.5442,Second Class,Home Office
DC-104695,3381,2016-07-15,South Asia,India,Maharashtra,Technology,Apple Smart Device,5,724.97,0.064,3392.86,-23.53,19.5445,76.3449,First Class,Corporate
DC-104696,1039,2017-07-17,South Asia,India,Maharashtra,Furniture,Wooden Desk,4,712.32,0.061,2675.47,-91.33,19.8202,74.2056,Standard Class,Corporate
DC-104697,4527,2015-09-30,Northern Europe,United Kingdom,England,Office Supplies,Printer Paper,4,584.07,0.157,1969.48,233.23,52.0967,0.2945,Second Class,Consumer
DC-104698,7526,2017-12-01,Oceania,Australia,New South Wales,Furniture,Bookshelf,2,819.24,0.237,1250.16,-143.0,-33.5406,148.7831,Standard Class,Home Office
DC-104699,2497,2017-02-08,Central,United States,Texas,Furniture,Wooden Desk,5,390.95,0.114,1731.91,-98.71,32.4414,-99.1097,First Class,Consumer
DC-104700,4267,2015-12-03,Oceania,Australia,New South Wales,Sports & Outdoors,Fitness Equipment,4,718.12,0.118,2533.53,-295.82,-34.9403,154.7514,Standard Class,Home Office
DC-104701,3048,2015-07-15,Canada,Canada,Ontario,Furniture,Wooden Desk,1,205.51,0.173,169.96,-2.46,44.0146,-77.1777,Standard Class,Home Office
DC-104702,2896,2017-06-11,East,United States,New York,Furniture,Wooden Desk,5,723.58,0.105,3238.02,17.67,42.0716,-72.4156,Second Class,Consumer
DC-104703,4810,2016-05-09,Southeast Asia,Singapore,Singapore,Technology,Wireless Keyboard,1,335.86,0.237,256.26,26.74,0.3744,104.1731,Second Class,Consumer
DC-104704,2880,2017-04-28,South Asia,India,Maharashtra,Sports & Outdoors,Camping Tent,1,751.35,0.26,556.0,41.68,21.0279,77.8316,First Class,Consumer
DC-104705,5427,2015-02-11,Canada,Canada,Ontario,Technology,Bluetooth Headset,2,141.67,0.12,249.34,-16.57,45.5605,-81.3662,Standard Class,Corporate
DC-104706,3323,2016-10-15,Northern Europe,United Kingdom,England,Office Supplies,Printer Paper,2,753.75,0.182,1233.13,49.41,51.7929,-0.8324,Standard Class,Corporate
DC-104707,1922,2016-05-20,Oceania,Australia,New South Wales,Sports & Outdoors,Fitness Equipment,1,572.35,0.118,504.81,121.76,-34.065,150.5076,First Class,Home Office
DC-104708,2054,2016-04-21,East,United States,New York,Furniture,Storage Cabinet,5,804.6,0.013,3970.7,-86.42,42.0454,-72.7459,Standard Class,Corporate
DC-104709,6127,2016-12-18,West,United States,California,Office Supplies,Printer Paper,1,222.01,0.125,194.26,50.96,36.7637,-121.0451,First Class,Corporate
DC-104710,4870,2017-02-06,South Asia,India,Maharashtra,Sports & Outdoors,Running Shoes,2,377.84,0.003,753.41,141.88,19.6432,75.9438,Standard Class,Consumer
DC-104711,7709,2016-06-22,South Asia,India,Maharashtra,Technology,Bluetooth Headset,2,48.74,0.052,92.41,22.57,21.7753,76.6732,Second Class,Corporate
DC-104712,7192,2016-01-23,Central,United States,Texas,Furniture,Storage Cabinet,4,14.54,0.065,54.38,13.92,30.2231,-98.6822,Standard Class,Consumer
DC-104713,2806,2015-07-19,South,United States,Florida,Sports & Outdoors,Mountain Bike,2,206.69,0.145,353.44,54.02,26.3133,-80.984,Same Day,Consumer
DC-104714,5750,2016-08-05,Canada,Canada,Ontario,Sports & Outdoors,Fitness Equipment,1,686.83,0.025,669.66,168.64,41.268,-78.087,Second Class,Home Office
DC-104715,6434,2018-01-24,Canada,Canada,Ontario,Technology,Apple Smart Device,5,701.49,0.218,2742.83,-244.62,43.3081,-79.3736,Second Class,Home Office
DC-104716,3022,2016-05-08,Western Europe,France,Ile-de-France,Technology,LED Monitor,2,629.57,0.093,1142.04,114.88,48.2285,4.7645,Standard Class,Consumer
DC-104717,2742,2017-02-02,Western Europe,France,Ile-de-France,Office Supplies,Notebook,4,46.48,0.054,175.88,-10.29,47.7866,1.2575,First Class,Corporate
DC-104718,1750,2017-05-18,West,United States,California,Technology,Laptop Computer,3,635.98,0.072,1770.57,257.96,35.1899,-120.7599,First Class,Consumer
DC-104719,4248,2015-03-08,South,United States,Florida,Technology,Laptop Computer,5,510.92,0.136,2207.17,-264.53,25.7169,-82.0308,Standard Class,Consumer
DC-104720,2938,2015-08-31,Northern Europe,United Kingdom,England,Sports & Outdoors,Running Shoes,5,521.01,0.052,2469.59,603.77,53.8714,0.0161,Standard Class,Corporate
DC-104721,4266,2017-04-19,Oceania,Australia,New South Wales,Technology,Wireless Keyboard,3,467.83,0.185,1143.84,-69.83,-34.7067,151.9746,Standard Class,Corporate
DC-104722,6493,2015-02-05,Southeast Asia,Singapore,Singapore,Sports & Outdoors,Sports Bag,2,755.49,0.05,1435.43,4.21,-0.0071,104.701,Standard Class,Consumer
DC-104723,4329,2015-06-28,Southeast Asia,Singapore,Singapore,Office Supplies,Notebook,2,702.52,0.069,1308.09,108.84,1.6777,104.6263,Standard Class,Consumer
DC-104724,5544,2015-12-20,Western Europe,France,Ile-de-France,Sports & Outdoors,Running Shoes,3,37.43,0.034,108.47,-12.01,46.543,2.7032,Standard Class,Consumer
DC-104725,7160,2015-07-25,West,United States,California,Furniture,Storage Cabinet,3,97.43,0.15,248.45,11.13,39.4479,-119.3795,Second Class,Consumer
DC-104726,6482,2015-10-05,Western Europe,France,Ile-de-France,Technology,Wireless Keyboard,1,293.14,0.226,226.89,18.35,49.9362,3.5446,Standard Class,Consumer
DC-104727,6182,2016-04-28,East,United States,New York,Sports & Outdoors,Camping Tent,4,851.21,0.254,2540.01,140.87,40.5772,-74.8602,Second Class,Consumer
DC-104728,4584,2016-02-04,Canada,Canada,Ontario,Office Supplies,Notebook,4,130.08,0.148,443.31,54.45,45.8393,-78.8444,Standard Class,Home Office
DC-104729,4981,2016-12-16,East,United States,New York,Furniture,Conference Table,4,253.54,0.207,804.23,-82.18,41.5603,-77.9468,Second Class,Home Office
DC-104730,6498,2015-11-05,Western Europe,France,Ile-de-France,Office Supplies,File Folder,3,99.81,0.136,258.71,70.28,48.2603,2.0559,Standard Class,Consumer
DC-104731,4569,2016-08-19,Canada,Canada,Ontario,Furniture,Wooden Desk,5,527.28,0.188,2140.76,-117.71,44.7066,-80.3456,Same Day,Consumer
DC-104732,3905,2015-10-30,Central,United States,Texas,Technology,Apple Smart Device,3,202.03,0.028,589.12,105.43,31.1093,-100.3545,Standard Class,Home Office
DC-104733,6902,2017-03-31,Western Europe,France,Ile-de-France,Technology,Laptop Computer,4,483.43,0.095,1750.02,-187.24,49.7508,3.2675,Same Day,Consumer
DC-104734,2496,2015-11-18,Western Europe,France,Ile-de-France,Furniture,Wooden Desk,2,788.95,0.236,1205.52,289.21,47.6789,1.6425,Standard Class,Consumer
DC-104735,4922,2017-12-12,Northern Europe,United Kingdom,England,Furniture,Bookshelf,2,488.62,0.073,905.9,123.67,52.5542,-0.9911,Second Class,Consumer
DC-104736,6087,2016-01-29,Northern Europe,United Kingdom,England,Sports & Outdoors,Fitness Equipment,4,50.61,0.026,197.18,30.35,52.9754,-1.1733,Second Class,Home Office
DC-104737,4942,2016-12-30,Canada,Canada,Ontario,Office Supplies,File Folder,5,157.61,0.154,666.69,79.79,43.7233,-81.5305,Standard Class,Consumer
DC-104738,1808,2017-07-16,Canada,Canada,Ontario,Furniture,Storage Cabinet,2,322.43,0.181,528.14,131.75,41.6438,-82.484,First Class,Consumer
DC-104739,7959,2016-03-26,Western Europe,France,Ile-de-France,Furniture,Conference Table,1,763.34,0.165,637.39,121.26,48.5064,5.1744,Standard Class,Corporate
DC-104740,4153,2016-03-15,Canada,Canada,Ontario,Furniture,Storage Cabinet,3,211.99,0.085,581.91,133.52,44.4399,-77.3996,Standard Class,Home Office
DC-104741,1507,2017-02-14,Central,United States,Texas,Technology,Bluetooth Headset,1,399.42,0.266,293.17,56.43,28.9434,-99.1857,Second Class,Home Office
DC-104742,5581,2017-07-07,Central,United States,Texas,Technology,Laptop Computer,1,162.38,0.078,149.71,7.06,30.6704,-102.1234,Same Day,Home Office
DC-104743,4830,2016-11-05,Oceania,Australia,New South Wales,Sports & Outdoors,Camping Tent,3,801.78,0.143,2061.38,367.03,-33.45,147.6909,First Class,Consumer
DC-104744,4565,2017-08-04,Canada,Canada,Ontario,Technology,Bluetooth Headset,3,809.69,0.258,1802.37,285.66,45.0233,-75.5641,Standard Class,Home Office
DC-104745,7783,2015-12-03,South Asia,India,Maharashtra,Office Supplies,Pen Set,4,29.56,0.017,116.23,9.84,18.0114,76.6323,First Class,Home Office
DC-104746,6033,2017-01-13,East,United States,New York,Technology,Wireless Keyboard,4,87.11,0.122,305.93,-18.79,43.0703,-73.4487,Standard Class,Corporate
DC-104747,5883,2017-08-12,East,United States,New York,Sports & Outdoors,Fitness Equipment,2,443.52,0.019,870.19,144.72,43.3073,-77.1302,Second Class,Consumer
DC-104748,6252,2017-10-16,Western Europe,France,Ile-de-France,Technology,Apple Smart Device,3,345.67,0.023,1013.16,125.18,48.1492,-1.6837,Same Day,Consumer
DC-104749,5038,2017-09-04,Southeast Asia,Singapore,Singapore,Technology,Bluetooth Headset,2,693.98,0.05,1318.56,232.37,1.7754,101.6238,Standard Class,Corporate
DC-104750,3946,2016-07-30,Canada,Canada,Ontario,Office Supplies,Printer Paper,1,680.2,0.257,505.39,-36.29,40.3905,-79.3268,Second Class,Home Office
DC-104751,3161,2015-12-01,Western Europe,France,Ile-de-France,Office Supplies,Stapler,2,49.11,0.181,80.44,0.47,49.0513,3.7647,First Class,Home Office
DC-104752,3613,2017-07-22,Northern Europe,United Kingdom,England,Technology,LED Monitor,5,399.9,0.192,1615.6,29.42,52.9168,-0.7411,Standard Class,Corporate
DC-104753,6582,2016-08-08,Western Europe,France,Ile-de-France,Furniture,Conference Table,5,894.93,0.21,3534.97,897.26,49.3155,2.8373,Standard Class,Corporate
DC-104754,3421,2016-12-27,Central,United States,Texas,Technology,Bluetooth Headset,4,598.87,0.072,2223.01,247.92,29.5927,-102.1795,Standard Class,Home Office
DC-104755,3047,2015-12-21,Oceania,Australia,New South Wales,Sports & Outdoors,Fitness Equipment,3,733.78,0.093,1996.62,392.2,-34.4903,149.6798,Standard Class,Consumer
DC-104756,1295,2016-07-15,South,United States,Florida,Technology,Apple Smart Device,4,522.97,0.007,2077.24,118.4,27.6013,-81.5824,Standard Class,Consumer
DC-104757,6516,2015-03-22,East,United States,New York,Office Supplies,Pen Set,3,567.09,0.194,1371.22,-77.43,43.3171,-74.7431,First Class,Consumer
DC-104758,7307,2015-05-26,Canada,Canada,Ontario,Sports & Outdoors,Running Shoes,5,725.89,0.289,2580.54,156.37,42.9247,-78.2418,Second Class,Consumer
DC-104759,1381,2015-11-07,Western Europe,France,Ile-de-France,Sports & Outdoors,Camping Tent,5,275.0,0.074,1273.25,-94.69,47.8738,1.7086,Standard Class,Consumer
DC-104760,7898,2015-06-01,West,United States,California,Office Supplies,File Folder,2,267.22,0.19,432.9,88.3,37.3855,-117.9347,Second Class,Consumer
DC-104761,7051,2015-09-25,West,United States,California,Technology,Apple Smart Device,1,118.36,0.15,100.61,14.65,38.0736,-120.751,Second Class,Consumer
DC-104762,3476,2016-04-14,South,United States,Florida,Office Supplies,Printer Paper,2,497.09,0.224,771.48,139.23,30.9034,-82.9576,Standard Class,Consumer
DC-104763,6260,2016-10-25,South Asia,India,Maharashtra,Technology,Bluetooth Headset,3,259.46,0.271,567.44,32.95,19.0518,77.2229,Second Class,Consumer
DC-104764,2340,2017-11-13,Southeast Asia,Singapore,Singapore,Furniture,Wooden Desk,4,220.34,0.274,639.87,3.64,1.6745,101.2812,Second Class,Home Office
DC-104765,5081,2016-01-21,Southeast Asia,Singapore,Singapore,Office Supplies,Pen Set,3,167.18,0.236,383.18,1.85,1.8511,104.9217,Standard Class,Consumer
DC-104766,4557,2017-06-20,Southeast Asia,Singapore,Singapore,Office Supplies,Pen Set,1,676.49,0.117,597.34,166.42,1.5171,101.6683,Standard Class,Consumer
DC-104767,2355,2016-12-08,West,United States,California,Office Supplies,Printer Paper,5,369.35,0.161,1549.42,-30.31,38.7966,-121.5314,Standard Class,Consumer
DC-104768,3931,2017-08-18,Southeast Asia,Singapore,Singapore,Furniture,Office Chair,3,555.46,0.164,1393.09,218.29,1.1917,102.7745,Standard Class,Corporate
DC-104769,1431,2017-05-05,Central,United States,Texas,Office Supplies,Printer Paper,4,91.88,0.024,358.7,-11.44,31.5092,-99.291,Standard Class,Home Office
DC-104770,6777,2017-03-14,South,United States,Florida,Technology,Apple Smart Device,5,822.37,0.022,4021.39,877.03,27.4079,-81.149,Same Day,Corporate
DC-104771,6089,2016-02-08,Oceania,Australia,New South Wales,Furniture,Conference Table,3,345.0,0.25,776.25,208.68,-34.6803,152.3129,Standard Class,Consumer
DC-104772,6172,2017-03-05,Canada,Canada,Ontario,Office Supplies,File Folder,5,669.86,0.198,2686.14,489.27,43.6275,-78.9648,Standard Class,Consumer
DC-104773,7750,2017-01-06,West,United States,California,Office Supplies,Printer Paper,3,724.93,0.178,1787.68,465.04,37.8362,-116.9009,Second Class,Consumer
DC-104774,6197,2017-08-14,South Asia,India,Maharashtra,Technology,Laptop Computer,4,665.41,0.144,2278.36,-159.28,17.2757,76.0703,Standard Class,Consumer
DC-104775,5876,2018-01-08,South Asia,India,Maharashtra,Sports & Outdoors,Mountain Bike,5,287.87,0.279,1037.77,235.77,20.8737,73.0189,Standard Class,Corporate
DC-104776,6729,2016-06-22,Northern Europe,United Kingdom,England,Technology,Bluetooth Headset,5,498.59,0.107,2226.2,-110.95,53.5414,-3.1403,Standard Class,Corporate
DC-104777,4540,2016-06-23,Western Europe,France,Ile-de-France,Technology,Bluetooth Headset,2,271.85,0.185,443.12,1.82,48.7363,4.2167,Standard Class,Home Office
DC-104778,1054,2018-01-22,Northern Europe,United Kingdom,England,Technology,Apple Smart Device,4,857.53,0.107,3063.1,-120.49,51.911,-1.698,Second Class,Corporate
DC-104779,2099,2016-01-25,West,United States,California,Office Supplies,Pen Set,2,200.88,0.107,358.77,19.95,36.6006,-117.3347,Same Day,Corporate
DC-104780,7051,2016-10-26,South Asia,India,Maharashtra,Office Supplies,Notebook,1,351.07,0.11,312.45,33.54,19.8622,74.0709,Standard Class,Consumer
DC-104781,6574,2015-12-29,South,United States,Florida,Furniture,Storage Cabinet,4,378.84,0.291,1074.39,175.48,27.9381,-79.8608,Standard Class,Consumer
DC-104782,1090,2015-12-08,Southeast Asia,Singapore,Singapore,Technology,Bluetooth Headset,1,361.7,0.035,349.04,5.63,2.6826,105.1109,First Class,Consumer
DC-104783,5109,2017-09-17,Northern Europe,United Kingdom,England,Sports & Outdoors,Running Shoes,5,601.56,0.257,2234.8,-228.12,50.1255,-1.0809,Standard Class,Consumer
DC-104784,5532,2017-06-06,Western Europe,France,Ile-de-France,Technology,Bluetooth Headset,1,49.83,0.071,46.29,11.65,49.0203,2.3467,Standard Class,Consumer
DC-104785,1433,2017-01-06,Canada,Canada,Ontario,Office Supplies,Pen Set,1,87.23,0.048,83.04,-7.11,42.1169,-80.5967,Second Class,Consumer
DC-104786,3227,2016-10-24,Northern Europe,United Kingdom,England,Sports & Outdoors,Mountain Bike,2,52.53,0.091,95.5,2.99,52.0736,-2.1882,Second Class,Consumer
DC-104787,6325,2016-03-09,East,United States,New York,Furniture,Storage Cabinet,1,45.82,0.193,36.98,-1.57,41.742,-74.2506,Standard Class,Consumer
DC-104788,7046,2016-12-16,Northern Europe,United Kingdom,England,Office Supplies,File Folder,5,894.6,0.089,4074.9,881.96,52.7989,-0.4842,Standard Class,Corporate
DC-104789,5036,2015-09-11,South,United States,Florida,Furniture,Bookshelf,4,785.09,0.226,2430.64,472.89,27.7439,-80.7677,Second Class,Home Office
DC-104790,3311,2017-07-11,South,United States,Florida,Technology,Wireless Keyboard,5,630.34,0.125,2757.74,-194.64,29.911,-81.0854,Standard Class,Corporate
DC-104791,4892,2015-04-12,Western Europe,France,Ile-de-France,Technology,Apple Smart Device,2,336.31,0.11,598.63,53.94,49.4091,2.1354,Standard Class,Consumer
DC-104792,7693,2016-11-08,Oceania,Australia,New South Wales,Office Supplies,Pen Set,4,201.77,0.08,742.51,109.76,-33.6568,152.6518,Standard Class,Corporate
DC-104793,3291,2016-02-16,Western Europe,France,Ile-de-France,Technology,Bluetooth Headset,1,300.59,0.039,288.87,54.16,50.3572,2.2185,Standard Class,Corporate
DC-104794,6437,2016-07-01,Western Europe,France,Ile-de-France,Sports & Outdoors,Sports Bag,3,850.19,0.187,2073.61,-92.64,48.9017,3.4738,First Class,Corporate
DC-104795,3723,2016-12-19,Western Europe,France,Ile-de-France,Technology,Wireless Keyboard,1,745.27,0.205,592.49,55.91,47.5944,5.4496,Standard Class,Consumer
DC-104796,5223,2015-04-16,South Asia,India,Maharashtra,Technology,Laptop Computer,4,637.57,0.176,2101.43,487.59,20.7407,74.5749,Second Class,Consumer
DC-104797,7381,2015-07-02,Western Europe,France,Ile-de-France,Furniture,Office Chair,4,803.93,0.158,2707.64,400.35,47.8535,3.4576,First Class,Consumer
DC-104798,3770,2017-06-04,South Asia,India,Maharashtra,Sports & Outdoors,Mountain Bike,4,241.28,0.001,964.15,110.32,21.4556,77.2055,Standard Class,Consumer
DC-104799,3824,2015-02-04,Southeast Asia,Singapore,Singapore,Office Supplies,Pen Set,5,750.42,0.177,3087.98,532.63,1.4251,103.0309,Standard Class,Corporate
DC-104800,5287,2016-11-04,South Asia,India,Maharashtra,Office Supplies,Stapler,3,887.67,0.039,2559.15,361.98,21.3034,77.1186,Standard Class,Consumer
DC-104801,5363,2015-03-23,Oceania,Australia,New South Wales,Sports & Outdoors,Running Shoes,1,486.41,0.14,418.31,55.31,-32.0516,148.6949,Second Class,Corporate
DC-104802,1010,2017-01-03,East,United States,New York,Sports & Outdoors,Mountain Bike,1,300.61,0.259,222.75,15.18,43.0848,-75.1189,Second Class,Consumer
DC-104803,2812,2016-11-05,West,United States,California,Technology,Bluetooth Headset,2,890.34,0.064,1666.72,424.42,38.7015,-120.0028,Standard Class,Consumer
DC-104804,2206,2017-04-20,Northern Europe,United Kingdom,England,Furniture,Office Chair,5,854.19,0.046,4074.49,-359.51,51.5904,-0.7051,First Class,Consumer
DC-104805,1138,2015-02-18,Central,United States,Texas,Furniture,Wooden Desk,1,525.19,0.235,401.77,62.93,29.8321,-101.6109,Standard Class,Consumer
DC-104806,5756,2017-10-30,Oceania,Australia,New South Wales,Office Supplies,Stapler,5,133.93,0.136,578.58,-47.59,-32.5851,150.0052,Second Class,Consumer
DC-104807,1582,2015-10-05,Central,United States,Texas,Technology,Bluetooth Headset,3,19.15,0.163,48.09,12.51,29.7612,-96.6943,Standard Class,Consumer
DC-104808,3087,2016-02-20,South Asia,India,Maharashtra,Technology,Wireless Keyboard,1,652.84,0.099,588.21,57.13,20.0288,75.0958,Standard Class,Corporate
DC-104809,6482,2017-03-23,Oceania,Australia,New South Wales,Furniture,Conference Table,1,393.73,0.27,287.42,65.72,-33.458,149.7927,Second Class,Consumer
DC-104810,4693,2015-04-23,Canada,Canada,Ontario,Sports & Outdoors,Mountain Bike,3,58.12,0.202,139.14,8.22,43.5985,-80.7369,Standard Class,Corporate
DC-104811,6372,2016-05-24,Oceania,Australia,New South Wales,Furniture,Storage Cabinet,4,87.2,0.3,244.16,50.46,-35.1732,149.5148,Second Class,Consumer
DC-104812,6740,2016-10-09,South Asia,India,Maharashtra,Office Supplies,Stapler,2,266.64,0.078,491.68,102.34,21.6644,75.935,Standard Class,Consumer
DC-104813,5115,2015-04-03,Central,United States,Texas,Furniture,Office Chair,3,810.91,0.204,1936.45,46.56,30.7778,-98.5801,Second Class,Home Office
DC-104814,5668,2016-12-17,South,United States,Florida,Office Supplies,Stapler,1,444.74,0.268,325.55,-18.81,28.801,-82.3349,Second Class,Corporate
DC-104815,3369,2017-12-31,East,United States,New York,Sports & Outdoors,Running Shoes,2,555.12,0.124,972.57,181.26,44.4324,-75.0785,Standard Class,Consumer
DC-104816,7481,2016-11-21,East,United States,New York,Furniture,Bookshelf,5,709.12,0.255,2641.47,5.54,42.709,-77.4516,Second Class,Consumer
DC-104817,4444,2015-07-28,Canada,Canada,Ontario,Sports & Outdoors,Sports Bag,4,306.67,0.102,1101.56,-7.05,42.7184,-79.1124,First Class,Consumer
DC-104818,6487,2017-11-05,Northern Europe,United Kingdom,England,Sports & Outdoors,Camping Tent,4,131.2,0.254,391.5,-17.1,53.0662,-2.0038,Standard Class,Consumer
DC-104819,5279,2016-02-17,South,United States,Florida,Technology,LED Monitor,4,611.93,0.024,2388.97,212.48,27.7401,-79.3553,Second Class,Consumer
DC-104820,3473,2017-09-23,East,United States,New York,Office Supplies,Notebook,5,267.79,0.052,1269.32,181.41,43.4078,-74.865,Standard Class,Corporate
DC-104821,6425,2017-06-13,Canada,Canada,Ontario,Furniture,Wooden Desk,1,509.97,0.057,480.9,35.81,42.9382,-78.8806,Standard Class,Consumer
DC-104822,5683,2016-12-19,West,United States,California,Office Supplies,Stapler,5,140.0,0.267,513.1,-61.06,36.0562,-117.8645,Second Class,Consumer
DC-104823,5090,2016-06-19,South Asia,India,Maharashtra,Office Supplies,File Folder,3,678.21,0.162,1705.02,90.54,19.7002,73.4394,Standard Class,Consumer
DC-104824,4921,2016-12-30,Oceania,Australia,New South Wales,Furniture,Conference Table,4,47.06,0.249,141.37,22.39,-34.3498,153.2673,First Class,Home Office
DC-104825,3577,2016-05-05,West,United States,California,Sports & Outdoors,Fitness Equipment,4,751.78,0.197,2414.72,635.49,37.3431,-118.9105,Second Class,Consumer
DC-104826,4240,2016-11-13,West,United States,California,Technology,LED Monitor,5,404.45,0.153,1712.85,110.94,39.174,-121.3754,Standard Class,Consumer
DC-104827,1163,2016-03-20,Central,United States,Texas,Technology,LED Monitor,3,605.42,0.008,1801.73,152.64,30.2276,-103.4165,First Class,Consumer
DC-104828,2670,2015-06-15,South,United States,Florida,Furniture,Office Chair,3,353.74,0.277,767.26,80.41,27.368,-84.4648,Standard Class,Home Office
DC-104829,3099,2016-09-28,Southeast Asia,Singapore,Singapore,Sports & Outdoors,Sports Bag,5,119.96,0.228,463.05,10.68,1.4768,104.8517,Standard Class,Consumer
DC-104830,4854,2015-12-26,Northern Europe,United Kingdom,England,Sports & Outdoors,Running Shoes,2,512.0,0.245,773.12,-12.72,54.571,-5.7227,Same Day,Corporate
DC-104831,7453,2017-07-31,Central,United States,Texas,Office Supplies,Pen Set,4,452.9,0.291,1284.42,348.26,31.2778,-99.6038,First Class,Consumer
DC-104832,1446,2015-12-06,South,United States,Florida,Office Supplies,Notebook,1,812.21,0.138,700.13,-73.37,27.4769,-78.2397,Second Class,Consumer
DC-104833,2578,2017-02-24,Western Europe,France,Ile-de-France,Sports & Outdoors,Camping Tent,5,207.58,0.127,906.09,227.57,50.5808,1.5634,Standard Class,Corporate
DC-104834,6941,2017-03-28,Canada,Canada,Ontario,Furniture,Office Chair,4,737.82,0.253,2204.61,-173.74,45.9716,-79.2959,Standard Class,Consumer
DC-104835,7250,2015-12-20,South,United States,Florida,Technology,Apple Smart Device,3,638.31,0.122,1681.31,-125.57,30.1653,-78.6143,Same Day,Corporate
DC-104836,7352,2016-06-19,West,United States,California,Technology,LED Monitor,2,831.8,0.143,1425.71,202.82,37.2196,-118.938,Same Day,Consumer
DC-104837,1178,2016-01-13,East,United States,New York,Sports & Outdoors,Sports Bag,2,77.18,0.216,121.02,19.29,43.2615,-74.56,Same Day,Home Office
DC-104838,4949,2015-07-29,West,United States,California,Furniture,Bookshelf,2,820.58,0.277,1186.56,-19.98,37.6781,-120.234,Standard Class,Consumer
DC-104839,2351,2016-04-17,South Asia,India,Maharashtra,Technology,Wireless Keyboard,5,615.33,0.078,2836.67,67.86,19.882,76.4153,Standard Class,Corporate
DC-104840,4304,2015-11-23,Central,United States,Texas,Sports & Outdoors,Camping Tent,3,62.36,0.143,160.33,2.09,31.2026,-99.3156,Standard Class,Consumer
DC-104841,4634,2017-10-08,Central,United States,Texas,Sports & Outdoors,Running Shoes,3,181.04,0.264,399.74,-39.82,31.7034,-97.943,First Class,Home Office
DC-104842,3723,2015-07-06,Southeast Asia,Singapore,Singapore,Sports & Outdoors,Mountain Bike,2,536.75,0.12,944.68,-30.38,0.7368,103.7521,Second Class,Corporate
DC-104843,1898,2017-03-27,South,United States,Florida,Furniture,Conference Table,3,869.23,0.194,2101.8,127.47,29.0189,-80.2095,Standard Class,Corporate
DC-104844,2241,2017-06-21,Western Europe,France,Ile-de-France,Office Supplies,Pen Set,1,685.11,0.164,572.75,40.16,48.8274,0.8209,Standard Class,Consumer
DC-104845,3850,2016-01-20,Canada,Canada,Ontario,Technology,Wireless Keyboard,1,712.85,0.065,666.51,39.15,43.9441,-80.051,Standard Class,Consumer
DC-104846,1732,2016-01-23,South Asia,India,Maharashtra,Technology,Bluetooth Headset,5,67.44,0.178,277.18,-29.68,20.8929,78.7404,Standard Class,Home Office
DC-104847,7168,2017-01-25,Northern Europe,United Kingdom,England,Technology,Bluetooth Headset,2,743.71,0.104,1332.73,284.05,52.8865,-1.0455,Standard Class,Consumer
DC-104848,7419,2016-09-22,Canada,Canada,Ontario,Sports & Outdoors,Mountain Bike,3,193.84,0.206,461.73,-37.81,46.1078,-80.0303,Standard Class,Consumer
DC-104849,1032,2015-08-26,South,United States,Florida,Furniture,Wooden Desk,2,193.0,0.03,374.42,9.78,27.4897,-78.649,Standard Class,Consumer
DC-104850,3255,2016-04-27,Oceania,Australia,New South Wales,Office Supplies,Pen Set,4,100.1,0.266,293.89,-0.58,-31.9202,153.7938,Second Class,Consumer
DC-104851,7387,2016-07-16,Oceania,Australia,New South Wales,Technology,Bluetooth Headset,4,871.64,0.065,3259.93,-336.63,-34.2648,150.8322,Standard Class,Home Office
DC-104852,5221,2017-09-26,West,United States,California,Furniture,Storage Cabinet,1,147.99,0.194,119.28,23.18,37.2441,-119.089,Standard Class,Consumer
DC-104853,1291,2015-11-18,Canada,Canada,Ontario,Technology,Apple Smart Device,4,734.77,0.27,2145.53,170.78,43.7898,-77.8219,Standard Class,Consumer
DC-104854,7751,2016-12-23,Oceania,Australia,New South Wales,Furniture,Wooden Desk,2,157.99,0.256,235.09,12.53,-35.014,152.06,Standard Class,Corporate
DC-104855,1640,2016-01-23,West,United States,California,Technology,Wireless Keyboard,1,662.06,0.285,473.37,-47.6,35.9213,-120.2391,Second Class,Corporate
DC-104856,7042,2017-01-17,West,United States,California,Furniture,Office Chair,1,731.64,0.232,561.9,42.43,39.0322,-122.0972,Second Class,Consumer
DC-104857,2060,2016-02-03,Oceania,Australia,New South Wales,Technology,Apple Smart Device,2,404.82,0.266,594.28,121.44,-32.8711,151.7253,Standard Class,Consumer
DC-104858,5149,2015-12-15,South Asia,India,Maharashtra,Furniture,Wooden Desk,5,466.78,0.07,2170.53,-174.16,20.8916,76.3813,First Class,Corporate
DC-104859,3424,2015-04-13,Canada,Canada,Ontario,Office Supplies,Printer Paper,2,636.98,0.12,1121.08,188.31,45.48,-79.5709,Standard Class,Corporate
DC-104860,7221,2015-08-04,South,United States,Florida,Sports & Outdoors,Camping Tent,1,105.06,0.075,97.18,3.53,26.31,-82.4853,Standard Class,Consumer
DC-104861,2532,2016-03-22,South,United States,Florida,Technology,Wireless Keyboard,1,817.12,0.09,743.58,5.97,27.2389,-80.5942,Second Class,Consumer
DC-104862,5019,2016-08-11,South Asia,India,Maharashtra,Furniture,Conference Table,5,253.17,0.07,1177.24,250.07,19.9436,75.7356,Standard Class,Corporate
DC-104863,1103,2017-11-07,South,United States,Florida,Sports & Outdoors,Running Shoes,2,415.22,0.019,814.66,193.4,27.5429,-81.5467,Second Class,Consumer
DC-104864,7884,2016-12-04,East,United States,New York,Office Supplies,File Folder,1,634.54,0.163,531.11,43.44,41.8954,-73.5255,Standard Class,Consumer
DC-104865,7974,2017-11-21,South Asia,India,Maharashtra,Furniture,Conference Table,3,115.25,0.029,335.72,79.28,19.0215,78.8258,Standard Class,Corporate
DC-104866,3151,2017-09-21,South Asia,India,Maharashtra,Technology,Wireless Keyboard,3,204.34,0.215,481.22,59.78,19.3748,75.8848,Second Class,Corporate
DC-104867,2203,2016-03-01,Northern Europe,United Kingdom,England,Technology,Laptop Computer,2,327.0,0.06,614.76,-23.35,52.2436,-1.4048,Standard Class,Corporate
DC-104868,2538,2016-08-21,Northern Europe,United Kingdom,England,Sports & Outdoors,Running Shoes,3,325.27,0.245,736.74,-72.77,50.5462,-1.2217,Standard Class,Home Office
DC-104869,1224,2017-04-23,South,United States,Florida,Technology,Apple Smart Device,3,417.41,0.161,1050.62,44.49,28.636,-83.143,First Class,Corporate
DC-104870,6081,2017-01-14,South,United States,Florida,Furniture,Bookshelf,3,450.25,0.126,1180.56,-47.66,26.2045,-80.8535,Standard Class,Consumer
DC-104871,4897,2016-07-05,Southeast Asia,Singapore,Singapore,Sports & Outdoors,Camping Tent,1,344.76,0.27,251.67,33.04,1.6547,105.6528,Standard Class,Corporate
DC-104872,7464,2017-05-27,South,United States,Florida,Technology,LED Monitor,3,574.01,0.17,1429.28,304.68,27.2081,-81.3261,Standard Class,Consumer
DC-104873,2235,2016-05-12,South,United States,Florida,Office Supplies,Stapler,1,365.15,0.012,360.77,100.71,26.5413,-81.2029,Standard Class,Corporate
DC-104874,3895,2018-01-20,Oceania,Australia,New South Wales,Technology,Bluetooth Headset,2,689.9,0.078,1272.18,312.47,-34.3491,149.5862,First Class,Corporate
DC-104875,4175,2015-05-08,Western Europe,France,Ile-de-France,Sports & Outdoors,Sports Bag,3,269.13,0.087,737.15,68.97,48.9641,1.6039,First Class,Consumer
DC-104876,3413,2017-08-16,South,United States,Florida,Technology,Laptop Computer,4,451.04,0.278,1302.6,-53.24,25.7791,-80.3356,Standard Class,Consumer
DC-104877,6022,2016-07-03,Central,United States,Texas,Technology,Wireless Keyboard,4,462.89,0.267,1357.19,-57.74,28.911,-95.9448,Second Class,Consumer
DC-104878,4674,2016-02-22,Southeast Asia,Singapore,Singapore,Office Supplies,Pen Set,2,425.45,0.098,767.51,193.93,0.634,104.676,Standard Class,Home Office
DC-104879,5501,2017-03-15,Western Europe,France,Ile-de-France,Office Supplies,Pen Set,3,149.29,0.16,376.21,21.98,49.6565,0.88,Standard Class,Consumer
DC-104880,2944,2015-12-18,Western Europe,France,Ile-de-France,Office Supplies,Pen Set,2,750.45,0.18,1230.74,237.2,50.1753,0.6289,Second Class,Consumer
DC-104881,6754,2016-11-29,South,United States,Florida,Sports & Outdoors,Sports Bag,2,537.06,0.078,990.34,220.66,26.5369,-83.2124,Standard Class,Corporate
DC-104882,2730,2015-10-03,Oceania,Australia,New South Wales,Sports & Outdoors,Fitness Equipment,4,221.36,0.056,835.86,145.44,-33.3217,152.605,Standard Class,Home Office
DC-104883,6838,2016-03-27,Central,United States,Texas,Technology,Bluetooth Headset,1,19.33,0.229,14.9,-1.65,31.312,-98.5781,Second Class,Home Office
DC-104884,3331,2016-03-13,Oceania,Australia,New South Wales,Furniture,Bookshelf,1,685.03,0.278,494.59,-58.3,-33.3197,151.1915,Standard Class,Home Office
DC-104885,4701,2018-01-16,Oceania,Australia,New South Wales,Office Supplies,Notebook,5,178.38,0.056,841.95,24.96,-32.616,152.6136,First Class,Home Office
DC-104886,4711,2015-02-19,South,United States,Florida,Furniture,Bookshelf,4,640.64,0.273,1862.98,369.94,28.579,-81.3154,Standard Class,Consumer
DC-104887,1609,2015-12-02,Western Europe,France,Ile-de-France,Office Supplies,Pen Set,5,398.95,0.266,1464.15,113.29,49.3764,1.801,Same Day,Corporate
DC-104888,5936,2016-08-20,Oceania,Australia,New South Wales,Sports & Outdoors,Camping Tent,5,782.73,0.163,3275.73,-117.72,-34.8979,151.9828,Standard Class,Corporate
DC-104889,4705,2017-06-01,Western Europe,France,Ile-de-France,Furniture,Office Chair,5,542.37,0.216,2126.09,-166.32,50.0543,1.455,Standard Class,Corporate
DC-104890,4884,2015-02-25,Canada,Canada,Ontario,Technology,LED Monitor,2,679.73,0.279,980.17,252.75,42.2999,-78.7252,First Class,Home Office
DC-104891,2981,2016-09-23,South,United States,Florida,Furniture,Conference Table,4,349.89,0.019,1372.97,-25.45,28.2623,-81.3973,First Class,Corporate
DC-104892,3905,2016-02-15,Northern Europe,United Kingdom,England,Furniture,Conference Table,2,330.56,0.18,542.12,-32.65,51.673,-2.1306,Second Class,Corporate
DC-104893,4489,2016-11-18,Western Europe,France,Ile-de-France,Technology,Wireless Keyboard,5,208.04,0.056,981.95,-11.2,48.4301,1.3928,Second Class,Consumer
DC-104894,4562,2016-01-26,Southeast Asia,Singapore,Singapore,Technology,Wireless Keyboard,3,684.14,0.069,1910.8,106.31,2.7099,104.5476,First Class,Consumer
DC-104895,6708,2015-07-14,East,United States,New York,Furniture,Office Chair,2,341.92,0.016,672.9,134.91,43.5131,-76.6165,Standard Class,Corporate
DC-104896,6480,2015-11-08,Northern Europe,United Kingdom,England,Office Supplies,Stapler,5,471.17,0.026,2294.6,23.61,53.5832,-1.008,Second Class,Corporate
DC-104897,7638,2016-08-07,South,United States,Florida,Technology,Bluetooth Headset,2,406.14,0.226,628.7,168.85,26.7898,-81.2138,Same Day,Home Office
DC-104898,3785,2015-05-30,West,United States,California,Sports & Outdoors,Running Shoes,5,857.82,0.115,3795.85,-249.64,37.2698,-122.52,First Class,Consumer
DC-104899,6827,2017-09-18,West,United States,California,Technology,LED Monitor,5,218.65,0.288,778.39,158.34,36.999,-119.7711,First Class,Consumer
DC-104900,5802,2016-06-09,Central,United States,Texas,Furniture,Wooden Desk,3,334.18,0.231,770.95,-55.36,31.5044,-100.5535,First Class,Consumer
DC-104901,2554,2016-04-18,Northern Europe,United Kingdom,England,Sports & Outdoors,Mountain Bike,4,790.54,0.14,2719.46,741.22,52.6576,-0.933,Standard Class,Corporate
DC-104902,2803,2017-09-30,Central,United States,Texas,Office Supplies,Printer Paper,2,320.79,0.071,596.03,92.58,29.5063,-100.7006,Standard Class,Home Office
DC-104903,6558,2017-05-05,West,United States,California,Furniture,Wooden Desk,5,363.43,0.255,1353.78,121.27,34.3261,-117.7127,Standard Class,Home Office
DC-104904,1306,2017-09-27,South Asia,India,Maharashtra,Office Supplies,Pen Set,1,177.59,0.298,124.67,-14.16,19.9096,74.8223,Second Class,Consumer
DC-104905,1750,2017-08-17,Southeast Asia,Singapore,Singapore,Technology,LED Monitor,3,361.77,0.275,786.85,144.91,1.608,103.8002,Standard Class,Consumer
DC-104906,7247,2017-08-18,Oceania,Australia,New South Wales,Technology,Apple Smart Device,5,738.76,0.28,2659.54,74.38,-34.7875,151.2871,Same Day,Corporate
DC-104907,2046,2015-10-09,Western Europe,France,Ile-de-France,Office Supplies,File Folder,3,352.64,0.182,865.38,-20.99,46.8651,3.1476,Standard Class,Consumer
DC-104908,1050,2016-05-26,South,United States,Florida,Technology,Laptop Computer,1,118.12,0.224,91.66,-9.31,27.5979,-79.518,Second Class,Consumer
DC-104909,1122,2015-06-16,West,United States,California,Office Supplies,Notebook,5,628.7,0.298,2206.74,0.09,36.0764,-120.4327,First Class,Consumer
DC-104910,3684,2017-11-18,Northern Europe,United Kingdom,England,Furniture,Wooden Desk,3,750.94,0.228,1739.18,353.15,52.2835,-2.5159,Second Class,Corporate
DC-104911,1641,2017-05-01,East,United States,New York,Office Supplies,Stapler,4,22.99,0.033,88.93,0.12,41.834,-76.002,Standard Class,Home Office
DC-104912,5643,2015-05-01,East,United States,New York,Office Supplies,File Folder,5,12.76,0.267,46.77,-4.74,41.9425,-73.6186,Standard Class,Corporate
DC-104913,2013,2016-11-22,Northern Europe,United Kingdom,England,Technology,Bluetooth Headset,4,525.56,0.083,1927.75,223.27,53.0307,-3.102,Same Day,Home Office
DC-104914,7342,2017-07-30,East,United States,New York,Technology,Wireless Keyboard,3,537.02,0.101,1448.34,310.51,45.9467,-77.5726,Standard Class,Corporate
DC-104915,2822,2017-07-05,South Asia,India,Maharashtra,Office Supplies,Printer Paper,4,335.08,0.27,978.43,-69.81,19.7393,77.9044,Second Class,Consumer
DC-104916,7231,2015-09-14,South,United States,Florida,Sports & Outdoors,Fitness Equipment,4,460.78,0.243,1395.24,210.88,28.5637,-82.8979,First Class,Consumer
DC-104917,5537,2017-10-12,Oceania,Australia,New South Wales,Sports & Outdoors,Fitness Equipment,1,338.75,0.039,325.54,-27.36,-34.7239,151.8491,Second Class,Consumer
DC-104918,7294,2015-04-23,Southeast Asia,Singapore,Singapore,Technology,Bluetooth Headset,4,638.14,0.29,1812.32,-23.01,2.244,103.4124,Standard Class,Home Office
DC-104919,5659,2017-06-17,Oceania,Australia,New South Wales,Technology,Wireless Keyboard,5,50.64,0.089,230.67,-25.96,-32.3099,151.8683,Standard Class,Consumer
DC-104920,7169,2015-04-13,Northern Europe,United Kingdom,England,Office Supplies,Pen Set,4,860.44,0.265,2529.69,16.8,53.3927,-1.0803,Standard Class,Corporate
DC-104921,6994,2015-09-16,East,United States,New York,Technology,Apple Smart Device,5,319.94,0.297,1124.59,-132.32,42.8143,-72.3785,Second Class,Consumer
DC-104922,7095,2016-10-12,Canada,Canada,Ontario,Sports & Outdoors,Running Shoes,4,264.45,0.078,975.29,-19.25,42.9094,-78.7735,First Class,Home Office
DC-104923,1734,2015-09-12,Western Europe,France,Ile-de-France,Office Supplies,Stapler,4,479.13,0.054,1813.03,490.59,48.4586,1.1198,Standard Class,Consumer
DC-104924,4269,2015-05-22,South Asia,India,Maharashtra,Technology,Bluetooth Headset,3,208.61,0.006,622.08,143.83,21.759,73.1271,Standard Class,Consumer
DC-104925,5090,2015-03-11,South Asia,India,Maharashtra,Technology,LED Monitor,2,770.91,0.22,1202.62,291.74,18.1692,72.7553,Standard Class,Consumer
DC-104926,4455,2017-07-30,Central,United States,Texas,Furniture,Conference Table,2,896.74,0.037,1727.12,93.44,29.75,-99.1587,Standard Class,Consumer
DC-104927,7675,2016-02-07,Canada,Canada,Ontario,Technology,Apple Smart Device,1,305.74,0.153,258.96,3.99,42.2049,-79.3721,Standard Class,Consumer
DC-104928,2862,2015-10-30,South Asia,India,Maharashtra,Sports & Outdoors,Camping Tent,3,421.24,0.29,897.24,24.99,19.7234,73.0464,Second Class,Corporate
DC-104929,1789,2015-05-29,Canada,Canada,Ontario,Technology,Wireless Keyboard,2,603.96,0.188,980.83,73.24,44.0853,-77.9417,Second Class,Home Office
DC-104930,6658,2016-11-30,West,United States,California,Furniture,Wooden Desk,3,809.01,0.209,1919.78,299.56,39.1213,-116.8479,Standard Class,Consumer
DC-104931,5172,2015-02-20,Southeast Asia,Singapore,Singapore,Office Supplies,Stapler,1,323.33,0.254,241.2,-22.38,1.6635,102.9032,Standard Class,Consumer
DC-104932,1106,2017-08-08,Western Europe,France,Ile-de-France,Furniture,Bookshelf,3,306.22,0.119,809.34,182.41,47.7514,5.0487,Standard Class,Consumer
DC-104933,3229,2017-03-24,West,United States,California,Office Supplies,Printer Paper,1,325.59,0.205,258.84,51.87,36.5893,-121.183,First Class,Corporate
DC-104934,2450,2016-11-22,Western Europe,France,Ile-de-France,Furniture,Storage Cabinet,4,343.88,0.249,1033.02,-6.09,46.9136,0.7356,Standard Class,Corporate
DC-104935,7159,2015-06-29,South,United States,Florida,Office Supplies,Printer Paper,4,321.69,0.164,1075.73,-1.48,26.3881,-83.1623,Standard Class,Consumer
DC-104936,4063,2016-08-18,Northern Europe,United Kingdom,England,Furniture,Wooden Desk,5,155.71,0.175,642.3,79.0,52.8295,-0.9443,Standard Class,Corporate
DC-104937,4464,2017-06-29,Central,United States,Texas,Sports & Outdoors,Running Shoes,3,275.98,0.086,756.74,24.15,31.7275,-101.0064,Standard Class,Consumer
DC-104938,6219,2017-03-18,Central,United States,Texas,Furniture,Office Chair,1,86.75,0.102,77.9,5.6,31.0252,-98.6742,Standard Class,Consumer
DC-104939,3904,2017-02-22,South Asia,India,Maharashtra,Office Supplies,Notebook,4,762.81,0.086,2788.83,-107.82,19.5576,74.99,First Class,Consumer
DC-104940,4503,2016-06-08,West,United States,California,Office Supplies,Pen Set,2,319.06,0.128,556.44,144.39,35.3067,-120.2119,Standard Class,Consumer
DC-104941,4157,2015-06-21,Southeast Asia,Singapore,Singapore,Sports & Outdoors,Running Shoes,1,590.63,0.207,468.37,98.52,4.5589,104.9965,Second Class,Consumer
DC-104942,6078,2015-09-19,West,United States,California,Office Supplies,Stapler,3,277.45,0.169,691.68,71.61,36.3526,-118.702,First Class,Home Office
DC-104943,2906,2015-07-09,South Asia,India,Maharashtra,Furniture,Bookshelf,2,294.52,0.217,461.22,120.05,20.9358,75.6339,First Class,Corporate
DC-104944,5150,2015-11-09,Canada,Canada,Ontario,Technology,Laptop Computer,4,777.82,0.231,2392.57,422.84,41.7939,-77.8113,Standard Class,Corporate
DC-104945,1271,2015-08-23,Northern Europe,United Kingdom,England,Sports & Outdoors,Running Shoes,5,734.31,0.281,2639.84,62.33,52.8667,-1.8754,Second Class,Home Office
DC-104946,5294,2017-07-29,South Asia,India,Maharashtra,Furniture,Conference Table,4,895.07,0.166,2985.95,402.35,19.8255,76.7415,Standard Class,Consumer
DC-104947,7143,2016-03-31,Southeast Asia,Singapore,Singapore,Office Supplies,File Folder,5,531.1,0.104,2379.33,583.57,1.7746,104.83,Second Class,Consumer
DC-104948,7047,2017-08-10,East,United States,New York,Furniture,Storage Cabinet,5,851.92,0.257,3164.88,-33.81,42.565,-73.8703,First Class,Consumer
DC-104949,3470,2017-08-13,South,United States,Florida,Sports & Outdoors,Mountain Bike,1,750.36,0.024,732.35,-25.74,28.914,-82.7963,Second Class,Corporate
DC-104950,6931,2017-04-04,East,United States,New York,Technology,Apple Smart Device,2,688.74,0.265,1012.45,243.93,42.4848,-73.2383,Standard Class,Corporate
DC-104951,1518,2016-10-02,West,United States,California,Furniture,Office Chair,4,824.53,0.124,2889.15,594.01,36.1313,-117.8948,Standard Class,Consumer
DC-104952,7307,2015-03-27,East,United States,New York,Furniture,Conference Table,4,26.63,0.128,92.89,-3.44,41.1033,-75.7458,Standard Class,Home Office
DC-104953,3746,2016-08-15,Western Europe,France,Ile-de-France,Sports & Outdoors,Fitness Equipment,4,367.8,0.275,1066.62,-59.09,50.4926,0.2968,Standard Class,Consumer
DC-104954,1003,2015-08-26,West,United States,California,Office Supplies,File Folder,5,573.02,0.118,2527.02,-9.74,36.8237,-116.3872,Same Day,Home Office
DC-104955,3859,2015-04-20,Central,United States,Texas,Office Supplies,Pen Set,1,48.28,0.239,36.74,9.0,30.4268,-99.3415,Second Class,Corporate
DC-104956,3867,2015-04-04,Canada,Canada,Ontario,Sports & Outdoors,Camping Tent,5,612.93,0.227,2368.97,649.69,45.1019,-79.4486,Second Class,Corporate
DC-104957,5030,2015-01-13,Central,United States,Texas,Sports & Outdoors,Mountain Bike,1,432.3,0.04,415.01,54.04,30.7731,-99.8234,Second Class,Consumer
DC-104958,2643,2017-11-30,South,United States,Florida,Technology,Apple Smart Device,1,448.91,0.242,340.27,38.34,27.1358,-83.3709,Standard Class,Home Office
DC-104959,5725,2016-05-15,West,United States,California,Sports & Outdoors,Camping Tent,1,840.07,0.243,635.93,102.36,37.6104,-119.073,Second Class,Consumer
DC-104960,5522,2016-05-23,Oceania,Australia,New South Wales,Technology,LED Monitor,1,60.49,0.24,45.97,12.22,-33.5306,153.6932,Second Class,Consumer
DC-104961,4342,2016-05-04,East,United States,New York,Sports & Outdoors,Running Shoes,5,801.82,0.193,3235.34,34.74,42.236,-76.7377,Standard Class,Corporate
DC-104962,1895,2016-11-19,Northern Europe,United Kingdom,England,Technology,Apple Smart Device,2,391.6,0.238,596.8,144.41,53.3069,-0.0651,Second Class,Consumer
DC-104963,6995,2015-03-19,Canada,Canada,Ontario,Sports & Outdoors,Camping Tent,5,341.42,0.12,1502.25,51.95,45.4797,-80.8794,Standard Class,Consumer
DC-104964,4802,2016-04-04,South,United States,Florida,Technology,LED Monitor,2,79.39,0.262,117.18,29.83,27.4834,-79.7177,Second Class,Consumer
DC-104965,6650,2017-04-08,Oceania,Australia,New South Wales,Office Supplies,Pen Set,3,778.52,0.011,2309.87,97.98,-32.5071,155.2442,Second Class,Home Office
DC-104966,6741,2016-03-04,Oceania,Australia,New South Wales,Technology,Bluetooth Headset,2,427.23,0.105,764.74,182.61,-36.5439,154.2082,Standard Class,Corporate
DC-104967,6752,2015-04-20,West,United States,California,Sports & Outdoors,Fitness Equipment,5,876.0,0.248,3293.76,-291.17,36.7809,-118.8042,Second Class,Consumer
DC-104968,6256,2015-03-26,Oceania,Australia,New South Wales,Office Supplies,Printer Paper,2,828.86,0.169,1377.57,105.3,-34.3879,153.0313,Second Class,Consumer
DC-104969,1375,2015-12-13,West,United States,California,Furniture,Bookshelf,2,342.14,0.153,579.59,3.11,37.0945,-120.1051,Standard Class,Corporate
DC-104970,6210,2016-01-09,South Asia,India,Maharashtra,Furniture,Bookshelf,5,377.89,0.064,1768.53,-9.61,19.1334,74.48,Second Class,Consumer
DC-104971,4082,2017-09-23,Southeast Asia,Singapore,Singapore,Furniture,Wooden Desk,5,599.5,0.085,2742.71,-7.75,2.0448,104.3307,Standard Class,Consumer
DC-104972,4688,2017-11-02,South,United States,Florida,Office Supplies,Notebook,1,112.91,0.083,103.54,-6.25,28.8696,-82.3143,Standard Class,Corporate
DC-104973,6622,2015-03-13,South,United States,Florida,Sports & Outdoors,Mountain Bike,5,131.64,0.153,557.5,106.49,29.6944,-80.705,First Class,Home Office
DC-104974,2041,2016-12-09,Central,United States,Texas,Office Supplies,File Folder,2,490.85,0.238,748.06,37.0,31.0856,-99.0803,Second Class,Consumer
DC-104975,4071,2017-07-12,Oceania,Australia,New South Wales,Office Supplies,Printer Paper,2,840.1,0.016,1653.32,201.38,-35.7897,151.9323,Second Class,Consumer
DC-104976,5200,2016-10-19,Western Europe,France,Ile-de-France,Sports & Outdoors,Fitness Equipment,4,231.55,0.087,845.62,124.44,49.3987,2.597,First Class,Consumer
DC-104977,2087,2015-05-19,Western Europe,France,Ile-de-France,Furniture,Conference Table,4,335.56,0.056,1267.07,325.59,49.8463,2.2026,Second Class,Corporate
DC-104978,6650,2017-01-25,Oceania,Australia,New South Wales,Furniture,Conference Table,2,68.19,0.215,107.06,-6.39,-32.1736,150.7042,First Class,Consumer
DC-104979,3086,2016-08-02,Southeast Asia,Singapore,Singapore,Technology,Wireless Keyboard,5,106.91,0.163,447.42,25.82,0.8439,103.7307,Standard Class,Consumer
DC-104980,1476,2017-04-16,East,United States,New York,Technology,Apple Smart Device,1,310.44,0.256,230.97,3.23,43.8533,-76.9946,First Class,Consumer
DC-104981,5384,2015-03-27,Southeast Asia,Singapore,Singapore,Sports & Outdoors,Sports Bag,2,58.65,0.008,116.36,7.24,-1.0572,105.5632,Standard Class,Corporate
DC-104982,2178,2015-05-01,Oceania,Australia,New South Wales,Technology,Laptop Computer,1,192.18,0.178,157.97,36.6,-33.3714,149.5386,Standard Class,Corporate
DC-104983,3950,2018-01-12,South Asia,India,Maharashtra,Technology,Wireless Keyboard,5,378.59,0.032,1832.38,-121.77,19.1727,77.163,First Class,Consumer
DC-104984,3624,2017-06-27,South,United States,Florida,Furniture,Wooden Desk,2,633.08,0.277,915.43,-45.88,26.9645,-81.9214,Standard Class,Corporate
DC-104985,1133,2015-10-15,Northern Europe,United Kingdom,England,Sports & Outdoors,Running Shoes,5,687.23,0.006,3415.53,766.58,51.2289,-2.573,Standard Class,Home Office
DC-104986,6325,2017-10-16,Northern Europe,United Kingdom,England,Sports & Outdoors,Fitness Equipment,5,828.17,0.283,2968.99,441.17,54.9984,0.5121,Standard Class,Consumer
DC-104987,5435,2016-05-04,South Asia,India,Maharashtra,Sports & Outdoors,Running Shoes,2,250.04,0.194,403.06,92.43,20.5163,76.7356,Standard Class,Corporate
DC-104988,5843,2015-07-04,South Asia,India,Maharashtra,Technology,LED Monitor,4,881.15,0.04,3383.62,653.97,19.469,73.8184,First Class,Corporate
DC-104989,1553,2017-07-16,East,United States,New York,Office Supplies,Notebook,4,61.86,0.05,235.07,-18.76,42.1456,-77.3288,Standard Class,Consumer
DC-104990,7215,2017-11-08,Northern Europe,United Kingdom,England,Office Supplies,Stapler,4,504.37,0.079,1858.1,-43.24,52.6763,-0.6363,Second Class,Corporate
DC-104991,7492,2017-01-14,Central,United States,Texas,Furniture,Storage Cabinet,3,445.43,0.195,1075.71,219.03,30.05,-100.7753,Standard Class,Corporate
DC-104992,1784,2015-05-28,Central,United States,Texas,Sports & Outdoors,Running Shoes,1,616.14,0.288,438.69,-49.26,32.3094,-98.921,Standard Class,Consumer
DC-104993,3442,2015-10-20,Western Europe,France,Ile-de-France,Office Supplies,Pen Set,5,80.98,0.167,337.28,40.19,49.1259,2.1065,Standard Class,Consumer
DC-104994,4963,2015-05-07,Central,United States,Texas,Furniture,Office Chair,5,269.85,0.228,1041.62,70.67,31.2546,-98.6856,Second Class,Consumer
DC-104995,6140,2016-02-01,Northern Europe,United Kingdom,England,Office Supplies,Notebook,2,565.76,0.234,866.74,58.28,51.2843,0.6716,Standard Class,Consumer
DC-104996,2715,2017-02-23,South Asia,India,Maharashtra,Office Supplies,Printer Paper,2,660.93,0.11,1176.46,-58.6,19.4767,76.6041,Second Class,Corporate
DC-104997,4881,2017-09-09,East,United States,New York,Office Supplies,Stapler,4,176.44,0.22,550.49,-21.71,41.0139,-74.8115,Standard Class,Consumer
DC-104998,3546,2016-04-04,Central,United States,Texas,Office Supplies,Pen Set,4,678.14,0.289,1928.63,169.0,30.8147,-99.692,Second Class,Consumer
DC-104999,4973,2017-09-12,West,United States,California,Sports & Outdoors,Fitness Equipment,4,31.78,0.177,104.62,23.77,36.243,-117.8049,Standard Class,Consumer
